TimeQuest Timing Analyzer report for CE4720_SimpleCPU
Tue May 19 19:08:58 2026
Quartus II 64-Bit Version 13.0.1 Build 232 06/12/2013 Service Pack 1 SJ Web Edition


---------------------
; Table of Contents ;
---------------------
  1. Legal Notice
  2. TimeQuest Timing Analyzer Summary
  3. Parallel Compilation
  4. Clocks
  5. Slow 1200mV 85C Model Fmax Summary
  6. Timing Closure Recommendations
  7. Slow 1200mV 85C Model Setup Summary
  8. Slow 1200mV 85C Model Hold Summary
  9. Slow 1200mV 85C Model Recovery Summary
 10. Slow 1200mV 85C Model Removal Summary
 11. Slow 1200mV 85C Model Minimum Pulse Width Summary
 12. Slow 1200mV 85C Model Setup: 'Clock'
 13. Slow 1200mV 85C Model Hold: 'Clock'
 14. Slow 1200mV 85C Model Minimum Pulse Width: 'Clock'
 15. Setup Times
 16. Hold Times
 17. Clock to Output Times
 18. Minimum Clock to Output Times
 19. Output Enable Times
 20. Minimum Output Enable Times
 21. Output Disable Times
 22. Minimum Output Disable Times
 23. Slow 1200mV 85C Model Metastability Report
 24. Slow 1200mV 0C Model Fmax Summary
 25. Slow 1200mV 0C Model Setup Summary
 26. Slow 1200mV 0C Model Hold Summary
 27. Slow 1200mV 0C Model Recovery Summary
 28. Slow 1200mV 0C Model Removal Summary
 29. Slow 1200mV 0C Model Minimum Pulse Width Summary
 30. Slow 1200mV 0C Model Setup: 'Clock'
 31. Slow 1200mV 0C Model Hold: 'Clock'
 32. Slow 1200mV 0C Model Minimum Pulse Width: 'Clock'
 33. Setup Times
 34. Hold Times
 35. Clock to Output Times
 36. Minimum Clock to Output Times
 37. Output Enable Times
 38. Minimum Output Enable Times
 39. Output Disable Times
 40. Minimum Output Disable Times
 41. Slow 1200mV 0C Model Metastability Report
 42. Fast 1200mV 0C Model Setup Summary
 43. Fast 1200mV 0C Model Hold Summary
 44. Fast 1200mV 0C Model Recovery Summary
 45. Fast 1200mV 0C Model Removal Summary
 46. Fast 1200mV 0C Model Minimum Pulse Width Summary
 47. Fast 1200mV 0C Model Setup: 'Clock'
 48. Fast 1200mV 0C Model Hold: 'Clock'
 49. Fast 1200mV 0C Model Minimum Pulse Width: 'Clock'
 50. Setup Times
 51. Hold Times
 52. Clock to Output Times
 53. Minimum Clock to Output Times
 54. Output Enable Times
 55. Minimum Output Enable Times
 56. Output Disable Times
 57. Minimum Output Disable Times
 58. Fast 1200mV 0C Model Metastability Report
 59. Multicorner Timing Analysis Summary
 60. Setup Times
 61. Hold Times
 62. Clock to Output Times
 63. Minimum Clock to Output Times
 64. Board Trace Model Assignments
 65. Input Transition Times
 66. Signal Integrity Metrics (Slow 1200mv 0c Model)
 67. Signal Integrity Metrics (Slow 1200mv 85c Model)
 68. Signal Integrity Metrics (Fast 1200mv 0c Model)
 69. Setup Transfers
 70. Hold Transfers
 71. Report TCCS
 72. Report RSKM
 73. Unconstrained Paths
 74. TimeQuest Timing Analyzer Messages



----------------
; Legal Notice ;
----------------
Copyright (C) 1991-2013 Altera Corporation
Your use of Altera Corporation's design tools, logic functions 
and other software and tools, and its AMPP partner logic 
functions, and any output files from any of the foregoing 
(including device programming or simulation files), and any 
associated documentation or information are expressly subject 
to the terms and conditions of the Altera Program License 
Subscription Agreement, Altera MegaCore Function License 
Agreement, or other applicable license agreement, including, 
without limitation, that your use is for the sole purpose of 
programming logic devices manufactured by Altera and sold by 
Altera or its authorized distributors.  Please refer to the 
applicable agreement for further details.



+----------------------------------------------------------------------------------------+
; TimeQuest Timing Analyzer Summary                                                      ;
+--------------------+-------------------------------------------------------------------+
; Quartus II Version ; Version 13.0.1 Build 232 06/12/2013 Service Pack 1 SJ Web Edition ;
; Revision Name      ; CE4720_SimpleCPU                                                  ;
; Device Family      ; Cyclone IV E                                                      ;
; Device Name        ; EP4CE115F29C7                                                     ;
; Timing Models      ; Final                                                             ;
; Delay Model        ; Combined                                                          ;
; Rise/Fall Delays   ; Enabled                                                           ;
+--------------------+-------------------------------------------------------------------+


Parallel compilation was disabled, but you have multiple processors available. Enable parallel compilation to reduce compilation time.
+-------------------------------------+
; Parallel Compilation                ;
+----------------------------+--------+
; Processors                 ; Number ;
+----------------------------+--------+
; Number detected on machine ; 8      ;
; Maximum allowed            ; 1      ;
+----------------------------+--------+


+-----------------------------------------------------------------------------------------------------------------------------------------------------------------------------------+
; Clocks                                                                                                                                                                            ;
+------------+------+--------+------------+-------+-------+------------+-----------+-------------+-------+--------+-----------+------------+----------+--------+--------+-----------+
; Clock Name ; Type ; Period ; Frequency  ; Rise  ; Fall  ; Duty Cycle ; Divide by ; Multiply by ; Phase ; Offset ; Edge List ; Edge Shift ; Inverted ; Master ; Source ; Targets   ;
+------------+------+--------+------------+-------+-------+------------+-----------+-------------+-------+--------+-----------+------------+----------+--------+--------+-----------+
; Clock      ; Base ; 1.000  ; 1000.0 MHz ; 0.000 ; 0.500 ;            ;           ;             ;       ;        ;           ;            ;          ;        ;        ; { Clock } ;
+------------+------+--------+------------+-------+-------+------------+-----------+-------------+-------+--------+-----------+------------+----------+--------+--------+-----------+


+-------------------------------------------------+
; Slow 1200mV 85C Model Fmax Summary              ;
+-----------+-----------------+------------+------+
; Fmax      ; Restricted Fmax ; Clock Name ; Note ;
+-----------+-----------------+------------+------+
; 66.98 MHz ; 66.98 MHz       ; Clock      ;      ;
+-----------+-----------------+------------+------+
This panel reports FMAX for every clock in the design, regardless of the user-specified clock periods.  FMAX is only computed for paths where the source and destination registers or ports are driven by the same clock.  Paths of different clocks, including generated clocks, are ignored.  For paths between a clock and its inversion, FMAX is computed as if the rising and falling edges are scaled along with FMAX, such that the duty cycle (in terms of a percentage) is maintained. Altera recommends that you always use clock constraints and other slack reports for sign-off analysis.


----------------------------------
; Timing Closure Recommendations ;
----------------------------------
HTML report is unavailable in plain text report export.


+-------------------------------------+
; Slow 1200mV 85C Model Setup Summary ;
+-------+--------+--------------------+
; Clock ; Slack  ; End Point TNS      ;
+-------+--------+--------------------+
; Clock ; -8.784 ; -235.042           ;
+-------+--------+--------------------+


+------------------------------------+
; Slow 1200mV 85C Model Hold Summary ;
+-------+-------+--------------------+
; Clock ; Slack ; End Point TNS      ;
+-------+-------+--------------------+
; Clock ; 0.403 ; 0.000              ;
+-------+-------+--------------------+


------------------------------------------
; Slow 1200mV 85C Model Recovery Summary ;
------------------------------------------
No paths to report.


-----------------------------------------
; Slow 1200mV 85C Model Removal Summary ;
-----------------------------------------
No paths to report.


+---------------------------------------------------+
; Slow 1200mV 85C Model Minimum Pulse Width Summary ;
+-------+--------+----------------------------------+
; Clock ; Slack  ; End Point TNS                    ;
+-------+--------+----------------------------------+
; Clock ; -3.000 ; -69.027                          ;
+-------+--------+----------------------------------+


+-------------------------------------------------------------------------------------------------------------------------------------------------------------------------------------------------------------------------------+
; Slow 1200mV 85C Model Setup: 'Clock'                                                                                                                                                                                          ;
+--------+----------------------------+-------------------------------------------------------------------------------------------------------------------+--------------+-------------+--------------+------------+------------+
; Slack  ; From Node                  ; To Node                                                                                                           ; Launch Clock ; Latch Clock ; Relationship ; Clock Skew ; Data Delay ;
+--------+----------------------------+-------------------------------------------------------------------------------------------------------------------+--------------+-------------+--------------+------------+------------+
; -8.784 ; map_logic:inst|map_addr[4] ; MainMainBlock:inst3|altsyncram:altsyncram_component|altsyncram_nsi1:auto_generated|ram_block1a0~porta_datain_reg0 ; Clock        ; Clock       ; 1.000        ; -3.551     ; 6.271      ;
; -8.642 ; map_logic:inst|map_addr[1] ; MainMainBlock:inst3|altsyncram:altsyncram_component|altsyncram_nsi1:auto_generated|ram_block1a0~porta_datain_reg0 ; Clock        ; Clock       ; 1.000        ; -3.551     ; 6.129      ;
; -8.506 ; map_logic:inst|map_addr[2] ; MainMainBlock:inst3|altsyncram:altsyncram_component|altsyncram_nsi1:auto_generated|ram_block1a0~porta_datain_reg0 ; Clock        ; Clock       ; 1.000        ; -3.551     ; 5.993      ;
; -8.438 ; map_logic:inst|map_addr[3] ; MainMainBlock:inst3|altsyncram:altsyncram_component|altsyncram_nsi1:auto_generated|ram_block1a0~porta_datain_reg0 ; Clock        ; Clock       ; 1.000        ; -3.551     ; 5.925      ;
; -7.966 ; map_logic:inst|map_addr[0] ; MainMainBlock:inst3|altsyncram:altsyncram_component|altsyncram_nsi1:auto_generated|ram_block1a0~porta_datain_reg0 ; Clock        ; Clock       ; 1.000        ; -3.551     ; 5.453      ;
; -6.965 ; reg8:DR|q[2]               ; MainMainBlock:inst3|altsyncram:altsyncram_component|altsyncram_nsi1:auto_generated|ram_block1a0~porta_datain_reg0 ; Clock        ; Clock       ; 0.500        ; -3.168     ; 4.335      ;
; -6.951 ; reg8:DR|q[3]               ; MainMainBlock:inst3|altsyncram:altsyncram_component|altsyncram_nsi1:auto_generated|ram_block1a0~porta_datain_reg0 ; Clock        ; Clock       ; 0.500        ; -3.175     ; 4.314      ;
; -6.944 ; reg8:DR|q[0]               ; MainMainBlock:inst3|altsyncram:altsyncram_component|altsyncram_nsi1:auto_generated|ram_block1a0~porta_datain_reg0 ; Clock        ; Clock       ; 0.500        ; -3.168     ; 4.314      ;
; -6.631 ; map_logic:inst|map_addr[4] ; reg8:AC|q[3]                                                                                                      ; Clock        ; Clock       ; 0.500        ; -0.520     ; 6.609      ;
; -6.596 ; reg8:DR|q[5]               ; MainMainBlock:inst3|altsyncram:altsyncram_component|altsyncram_nsi1:auto_generated|ram_block1a0~porta_datain_reg0 ; Clock        ; Clock       ; 0.500        ; -3.168     ; 3.966      ;
; -6.589 ; reg8:DR|q[1]               ; MainMainBlock:inst3|altsyncram:altsyncram_component|altsyncram_nsi1:auto_generated|ram_block1a0~porta_datain_reg0 ; Clock        ; Clock       ; 0.500        ; -3.168     ; 3.959      ;
; -6.497 ; reg8:AC|q[2]               ; MainMainBlock:inst3|altsyncram:altsyncram_component|altsyncram_nsi1:auto_generated|ram_block1a0~porta_datain_reg0 ; Clock        ; Clock       ; 0.500        ; -3.168     ; 3.867      ;
; -6.489 ; map_logic:inst|map_addr[1] ; reg8:AC|q[3]                                                                                                      ; Clock        ; Clock       ; 0.500        ; -0.520     ; 6.467      ;
; -6.479 ; map_logic:inst|map_addr[4] ; reg8:DR|q[1]                                                                                                      ; Clock        ; Clock       ; 0.500        ; -0.520     ; 6.457      ;
; -6.479 ; map_logic:inst|map_addr[4] ; reg8:AC|q[1]                                                                                                      ; Clock        ; Clock       ; 0.500        ; -0.520     ; 6.457      ;
; -6.472 ; reg8:DR|q[7]               ; MainMainBlock:inst3|altsyncram:altsyncram_component|altsyncram_nsi1:auto_generated|ram_block1a0~porta_datain_reg0 ; Clock        ; Clock       ; 0.500        ; -3.168     ; 3.842      ;
; -6.471 ; reg8:AC|q[0]               ; MainMainBlock:inst3|altsyncram:altsyncram_component|altsyncram_nsi1:auto_generated|ram_block1a0~porta_datain_reg0 ; Clock        ; Clock       ; 0.500        ; -3.168     ; 3.841      ;
; -6.437 ; reg8:DR|q[4]               ; MainMainBlock:inst3|altsyncram:altsyncram_component|altsyncram_nsi1:auto_generated|ram_block1a0~porta_datain_reg0 ; Clock        ; Clock       ; 0.500        ; -3.168     ; 3.807      ;
; -6.386 ; reg8:AC|q[1]               ; MainMainBlock:inst3|altsyncram:altsyncram_component|altsyncram_nsi1:auto_generated|ram_block1a0~porta_datain_reg0 ; Clock        ; Clock       ; 0.500        ; -3.168     ; 3.756      ;
; -6.375 ; map_logic:inst|map_addr[4] ; reg8:DR|q[5]                                                                                                      ; Clock        ; Clock       ; 0.500        ; -0.521     ; 6.352      ;
; -6.353 ; map_logic:inst|map_addr[2] ; reg8:AC|q[3]                                                                                                      ; Clock        ; Clock       ; 0.500        ; -0.520     ; 6.331      ;
; -6.338 ; map_logic:inst|map_addr[4] ; reg8:AC|q[5]                                                                                                      ; Clock        ; Clock       ; 0.500        ; -0.520     ; 6.316      ;
; -6.337 ; map_logic:inst|map_addr[1] ; reg8:DR|q[1]                                                                                                      ; Clock        ; Clock       ; 0.500        ; -0.520     ; 6.315      ;
; -6.337 ; map_logic:inst|map_addr[1] ; reg8:AC|q[1]                                                                                                      ; Clock        ; Clock       ; 0.500        ; -0.520     ; 6.315      ;
; -6.285 ; map_logic:inst|map_addr[3] ; reg8:AC|q[3]                                                                                                      ; Clock        ; Clock       ; 0.500        ; -0.520     ; 6.263      ;
; -6.263 ; map_logic:inst|map_addr[4] ; ALUTest:inst12|Zflag                                                                                              ; Clock        ; Clock       ; 0.500        ; -0.514     ; 6.247      ;
; -6.233 ; map_logic:inst|map_addr[1] ; reg8:DR|q[5]                                                                                                      ; Clock        ; Clock       ; 0.500        ; -0.521     ; 6.210      ;
; -6.201 ; map_logic:inst|map_addr[2] ; reg8:DR|q[1]                                                                                                      ; Clock        ; Clock       ; 0.500        ; -0.520     ; 6.179      ;
; -6.201 ; map_logic:inst|map_addr[2] ; reg8:AC|q[1]                                                                                                      ; Clock        ; Clock       ; 0.500        ; -0.520     ; 6.179      ;
; -6.196 ; map_logic:inst|map_addr[1] ; reg8:AC|q[5]                                                                                                      ; Clock        ; Clock       ; 0.500        ; -0.520     ; 6.174      ;
; -6.168 ; map_logic:inst|map_addr[4] ; reg8:DR|q[3]                                                                                                      ; Clock        ; Clock       ; 0.500        ; -0.515     ; 6.151      ;
; -6.168 ; map_logic:inst|map_addr[4] ; ARreg8:inst2|q[3]                                                                                                 ; Clock        ; Clock       ; 0.500        ; -0.515     ; 6.151      ;
; -6.164 ; reg8:AC|q[3]               ; MainMainBlock:inst3|altsyncram:altsyncram_component|altsyncram_nsi1:auto_generated|ram_block1a0~porta_datain_reg0 ; Clock        ; Clock       ; 0.500        ; -3.168     ; 3.534      ;
; -6.161 ; reg8:DR|q[6]               ; MainMainBlock:inst3|altsyncram:altsyncram_component|altsyncram_nsi1:auto_generated|ram_block1a0~porta_datain_reg0 ; Clock        ; Clock       ; 0.500        ; -3.168     ; 3.531      ;
; -6.156 ; map_logic:inst|map_addr[4] ; reg8:AC|q[4]                                                                                                      ; Clock        ; Clock       ; 0.500        ; -0.520     ; 6.134      ;
; -6.155 ; map_logic:inst|map_addr[4] ; reg8:DR|q[4]                                                                                                      ; Clock        ; Clock       ; 0.500        ; -0.520     ; 6.133      ;
; -6.133 ; map_logic:inst|map_addr[3] ; reg8:DR|q[1]                                                                                                      ; Clock        ; Clock       ; 0.500        ; -0.520     ; 6.111      ;
; -6.133 ; map_logic:inst|map_addr[3] ; reg8:AC|q[1]                                                                                                      ; Clock        ; Clock       ; 0.500        ; -0.520     ; 6.111      ;
; -6.121 ; map_logic:inst|map_addr[1] ; ALUTest:inst12|Zflag                                                                                              ; Clock        ; Clock       ; 0.500        ; -0.514     ; 6.105      ;
; -6.098 ; map_logic:inst|map_addr[4] ; reg8:DR|q[2]                                                                                                      ; Clock        ; Clock       ; 0.500        ; -0.520     ; 6.076      ;
; -6.097 ; map_logic:inst|map_addr[4] ; reg8:AC|q[2]                                                                                                      ; Clock        ; Clock       ; 0.500        ; -0.520     ; 6.075      ;
; -6.097 ; map_logic:inst|map_addr[2] ; reg8:DR|q[5]                                                                                                      ; Clock        ; Clock       ; 0.500        ; -0.521     ; 6.074      ;
; -6.075 ; reg8:AC|q[5]               ; MainMainBlock:inst3|altsyncram:altsyncram_component|altsyncram_nsi1:auto_generated|ram_block1a0~porta_datain_reg0 ; Clock        ; Clock       ; 0.500        ; -3.169     ; 3.444      ;
; -6.067 ; map_logic:inst|map_addr[3] ; MainMainBlock:inst3|altsyncram:altsyncram_component|altsyncram_nsi1:auto_generated|ram_block1a0~porta_we_reg      ; Clock        ; Clock       ; 1.000        ; -3.557     ; 3.548      ;
; -6.067 ; reg8:AC|q[4]               ; MainMainBlock:inst3|altsyncram:altsyncram_component|altsyncram_nsi1:auto_generated|ram_block1a0~porta_datain_reg0 ; Clock        ; Clock       ; 0.500        ; -3.168     ; 3.437      ;
; -6.060 ; map_logic:inst|map_addr[2] ; reg8:AC|q[5]                                                                                                      ; Clock        ; Clock       ; 0.500        ; -0.520     ; 6.038      ;
; -6.055 ; reg8:AC|q[6]               ; MainMainBlock:inst3|altsyncram:altsyncram_component|altsyncram_nsi1:auto_generated|ram_block1a0~porta_datain_reg0 ; Clock        ; Clock       ; 0.500        ; -3.168     ; 3.425      ;
; -6.054 ; map_logic:inst|map_addr[4] ; reg8:AC|q[6]                                                                                                      ; Clock        ; Clock       ; 0.500        ; -0.521     ; 6.031      ;
; -6.053 ; map_logic:inst|map_addr[4] ; MainMainBlock:inst3|altsyncram:altsyncram_component|altsyncram_nsi1:auto_generated|ram_block1a0~porta_we_reg      ; Clock        ; Clock       ; 1.000        ; -3.557     ; 3.534      ;
; -6.053 ; map_logic:inst|map_addr[4] ; reg8:DR|q[6]                                                                                                      ; Clock        ; Clock       ; 0.500        ; -0.521     ; 6.030      ;
; -6.052 ; PCreg8:inst27|q[1]         ; MainMainBlock:inst3|altsyncram:altsyncram_component|altsyncram_nsi1:auto_generated|ram_block1a0~porta_datain_reg0 ; Clock        ; Clock       ; 0.500        ; -3.167     ; 3.423      ;
; -6.029 ; map_logic:inst|map_addr[3] ; reg8:DR|q[5]                                                                                                      ; Clock        ; Clock       ; 0.500        ; -0.521     ; 6.006      ;
; -6.026 ; map_logic:inst|map_addr[1] ; reg8:DR|q[3]                                                                                                      ; Clock        ; Clock       ; 0.500        ; -0.515     ; 6.009      ;
; -6.026 ; map_logic:inst|map_addr[1] ; ARreg8:inst2|q[3]                                                                                                 ; Clock        ; Clock       ; 0.500        ; -0.515     ; 6.009      ;
; -6.014 ; map_logic:inst|map_addr[1] ; reg8:AC|q[4]                                                                                                      ; Clock        ; Clock       ; 0.500        ; -0.520     ; 5.992      ;
; -6.013 ; map_logic:inst|map_addr[1] ; reg8:DR|q[4]                                                                                                      ; Clock        ; Clock       ; 0.500        ; -0.520     ; 5.991      ;
; -5.992 ; map_logic:inst|map_addr[3] ; reg8:AC|q[5]                                                                                                      ; Clock        ; Clock       ; 0.500        ; -0.520     ; 5.970      ;
; -5.985 ; map_logic:inst|map_addr[2] ; ALUTest:inst12|Zflag                                                                                              ; Clock        ; Clock       ; 0.500        ; -0.514     ; 5.969      ;
; -5.956 ; map_logic:inst|map_addr[1] ; reg8:DR|q[2]                                                                                                      ; Clock        ; Clock       ; 0.500        ; -0.520     ; 5.934      ;
; -5.955 ; map_logic:inst|map_addr[1] ; reg8:AC|q[2]                                                                                                      ; Clock        ; Clock       ; 0.500        ; -0.520     ; 5.933      ;
; -5.935 ; map_logic:inst|map_addr[3] ; reg8:AC|q[4]                                                                                                      ; Clock        ; Clock       ; 0.500        ; -0.520     ; 5.913      ;
; -5.933 ; map_logic:inst|map_addr[3] ; reg8:DR|q[4]                                                                                                      ; Clock        ; Clock       ; 0.500        ; -0.520     ; 5.911      ;
; -5.917 ; map_logic:inst|map_addr[3] ; ALUTest:inst12|Zflag                                                                                              ; Clock        ; Clock       ; 0.500        ; -0.514     ; 5.901      ;
; -5.912 ; map_logic:inst|map_addr[1] ; reg8:AC|q[6]                                                                                                      ; Clock        ; Clock       ; 0.500        ; -0.521     ; 5.889      ;
; -5.911 ; map_logic:inst|map_addr[1] ; reg8:DR|q[6]                                                                                                      ; Clock        ; Clock       ; 0.500        ; -0.521     ; 5.888      ;
; -5.896 ; map_logic:inst|map_addr[4] ; ARreg8:inst2|q[2]                                                                                                 ; Clock        ; Clock       ; 0.500        ; -0.520     ; 5.874      ;
; -5.890 ; map_logic:inst|map_addr[2] ; reg8:DR|q[3]                                                                                                      ; Clock        ; Clock       ; 0.500        ; -0.515     ; 5.873      ;
; -5.890 ; map_logic:inst|map_addr[2] ; ARreg8:inst2|q[3]                                                                                                 ; Clock        ; Clock       ; 0.500        ; -0.515     ; 5.873      ;
; -5.888 ; map_logic:inst|map_addr[2] ; MainMainBlock:inst3|altsyncram:altsyncram_component|altsyncram_nsi1:auto_generated|ram_block1a0~porta_re_reg      ; Clock        ; Clock       ; 1.000        ; -3.557     ; 3.369      ;
; -5.887 ; map_logic:inst|map_addr[1] ; MainMainBlock:inst3|altsyncram:altsyncram_component|altsyncram_nsi1:auto_generated|ram_block1a0~porta_re_reg      ; Clock        ; Clock       ; 1.000        ; -3.557     ; 3.368      ;
; -5.878 ; map_logic:inst|map_addr[2] ; reg8:AC|q[4]                                                                                                      ; Clock        ; Clock       ; 0.500        ; -0.520     ; 5.856      ;
; -5.877 ; map_logic:inst|map_addr[0] ; MainMainBlock:inst3|altsyncram:altsyncram_component|altsyncram_nsi1:auto_generated|ram_block1a0~porta_re_reg      ; Clock        ; Clock       ; 1.000        ; -3.557     ; 3.358      ;
; -5.877 ; map_logic:inst|map_addr[2] ; reg8:DR|q[4]                                                                                                      ; Clock        ; Clock       ; 0.500        ; -0.520     ; 5.855      ;
; -5.822 ; map_logic:inst|map_addr[3] ; reg8:DR|q[3]                                                                                                      ; Clock        ; Clock       ; 0.500        ; -0.515     ; 5.805      ;
; -5.822 ; map_logic:inst|map_addr[3] ; ARreg8:inst2|q[3]                                                                                                 ; Clock        ; Clock       ; 0.500        ; -0.515     ; 5.805      ;
; -5.820 ; map_logic:inst|map_addr[2] ; reg8:DR|q[2]                                                                                                      ; Clock        ; Clock       ; 0.500        ; -0.520     ; 5.798      ;
; -5.819 ; map_logic:inst|map_addr[2] ; reg8:AC|q[2]                                                                                                      ; Clock        ; Clock       ; 0.500        ; -0.520     ; 5.797      ;
; -5.813 ; map_logic:inst|map_addr[0] ; reg8:AC|q[3]                                                                                                      ; Clock        ; Clock       ; 0.500        ; -0.520     ; 5.791      ;
; -5.794 ; map_logic:inst|map_addr[3] ; reg8:DR|q[0]                                                                                                      ; Clock        ; Clock       ; 0.500        ; -0.520     ; 5.772      ;
; -5.793 ; map_logic:inst|map_addr[3] ; reg8:AC|q[0]                                                                                                      ; Clock        ; Clock       ; 0.500        ; -0.520     ; 5.771      ;
; -5.786 ; map_logic:inst|map_addr[3] ; reg8:DR|q[2]                                                                                                      ; Clock        ; Clock       ; 0.500        ; -0.520     ; 5.764      ;
; -5.785 ; map_logic:inst|map_addr[3] ; reg8:AC|q[2]                                                                                                      ; Clock        ; Clock       ; 0.500        ; -0.520     ; 5.763      ;
; -5.776 ; map_logic:inst|map_addr[2] ; reg8:AC|q[6]                                                                                                      ; Clock        ; Clock       ; 0.500        ; -0.521     ; 5.753      ;
; -5.775 ; map_logic:inst|map_addr[2] ; reg8:DR|q[6]                                                                                                      ; Clock        ; Clock       ; 0.500        ; -0.521     ; 5.752      ;
; -5.755 ; map_logic:inst|map_addr[1] ; reg8:DR|q[0]                                                                                                      ; Clock        ; Clock       ; 0.500        ; -0.520     ; 5.733      ;
; -5.754 ; map_logic:inst|map_addr[1] ; ARreg8:inst2|q[2]                                                                                                 ; Clock        ; Clock       ; 0.500        ; -0.520     ; 5.732      ;
; -5.754 ; map_logic:inst|map_addr[1] ; reg8:AC|q[0]                                                                                                      ; Clock        ; Clock       ; 0.500        ; -0.520     ; 5.732      ;
; -5.729 ; map_logic:inst|map_addr[4] ; reg8:DR|q[7]                                                                                                      ; Clock        ; Clock       ; 0.500        ; -0.521     ; 5.706      ;
; -5.708 ; map_logic:inst|map_addr[3] ; reg8:AC|q[6]                                                                                                      ; Clock        ; Clock       ; 0.500        ; -0.521     ; 5.685      ;
; -5.707 ; map_logic:inst|map_addr[3] ; reg8:DR|q[6]                                                                                                      ; Clock        ; Clock       ; 0.500        ; -0.521     ; 5.684      ;
; -5.702 ; map_logic:inst|map_addr[1] ; MainMainBlock:inst3|altsyncram:altsyncram_component|altsyncram_nsi1:auto_generated|ram_block1a0~porta_we_reg      ; Clock        ; Clock       ; 1.000        ; -3.557     ; 3.183      ;
; -5.648 ; map_logic:inst|map_addr[0] ; reg8:DR|q[1]                                                                                                      ; Clock        ; Clock       ; 0.500        ; -0.520     ; 5.626      ;
; -5.648 ; map_logic:inst|map_addr[0] ; reg8:AC|q[1]                                                                                                      ; Clock        ; Clock       ; 0.500        ; -0.520     ; 5.626      ;
; -5.644 ; IRreg3:inst13|q[0]         ; MainMainBlock:inst3|altsyncram:altsyncram_component|altsyncram_nsi1:auto_generated|ram_block1a0~porta_we_reg      ; Clock        ; Clock       ; 0.500        ; -3.181     ; 3.001      ;
; -5.641 ; PCreg8:inst27|q[3]         ; MainMainBlock:inst3|altsyncram:altsyncram_component|altsyncram_nsi1:auto_generated|ram_block1a0~porta_datain_reg0 ; Clock        ; Clock       ; 0.500        ; -3.167     ; 3.012      ;
; -5.633 ; reg8:AC|q[7]               ; MainMainBlock:inst3|altsyncram:altsyncram_component|altsyncram_nsi1:auto_generated|ram_block1a0~porta_datain_reg0 ; Clock        ; Clock       ; 0.500        ; -3.168     ; 3.003      ;
; -5.618 ; map_logic:inst|map_addr[2] ; ARreg8:inst2|q[2]                                                                                                 ; Clock        ; Clock       ; 0.500        ; -0.520     ; 5.596      ;
; -5.603 ; map_logic:inst|map_addr[3] ; ARreg8:inst2|q[0]                                                                                                 ; Clock        ; Clock       ; 0.500        ; -0.520     ; 5.581      ;
; -5.599 ; map_logic:inst|map_addr[3] ; reg8:DR|q[7]                                                                                                      ; Clock        ; Clock       ; 0.500        ; -0.521     ; 5.576      ;
; -5.587 ; map_logic:inst|map_addr[1] ; reg8:DR|q[7]                                                                                                      ; Clock        ; Clock       ; 0.500        ; -0.521     ; 5.564      ;
+--------+----------------------------+-------------------------------------------------------------------------------------------------------------------+--------------+-------------+--------------+------------+------------+


+-------------------------------------------------------------------------------------------------------------------------------------------------------------------------------------------------------------------------------+
; Slow 1200mV 85C Model Hold: 'Clock'                                                                                                                                                                                           ;
+-------+----------------------------+--------------------------------------------------------------------------------------------------------------------+--------------+-------------+--------------+------------+------------+
; Slack ; From Node                  ; To Node                                                                                                            ; Launch Clock ; Latch Clock ; Relationship ; Clock Skew ; Data Delay ;
+-------+----------------------------+--------------------------------------------------------------------------------------------------------------------+--------------+-------------+--------------+------------+------------+
; 0.403 ; map_logic:inst|map_addr[4] ; map_logic:inst|map_addr[4]                                                                                         ; Clock        ; Clock       ; 0.000        ; 0.080      ; 0.669      ;
; 0.403 ; ALUTest:inst12|Zflag       ; ALUTest:inst12|Zflag                                                                                               ; Clock        ; Clock       ; 0.000        ; 0.080      ; 0.669      ;
; 0.615 ; map_logic:inst|map_addr[2] ; map_logic:inst|map_addr[0]                                                                                         ; Clock        ; Clock       ; 0.000        ; 0.080      ; 0.881      ;
; 0.659 ; MDcounter5:inst9|MDaddr[1] ; MDcounter5:inst9|MDaddr[1]                                                                                         ; Clock        ; Clock       ; 0.000        ; 0.081      ; 0.926      ;
; 0.659 ; MDcounter5:inst9|MDaddr[3] ; MDcounter5:inst9|MDaddr[3]                                                                                         ; Clock        ; Clock       ; 0.000        ; 0.081      ; 0.926      ;
; 0.659 ; PCreg8:inst27|q[1]         ; PCreg8:inst27|q[1]                                                                                                 ; Clock        ; Clock       ; 0.000        ; 0.080      ; 0.925      ;
; 0.660 ; MDcounter5:inst9|MDaddr[4] ; MDcounter5:inst9|MDaddr[4]                                                                                         ; Clock        ; Clock       ; 0.000        ; 0.081      ; 0.927      ;
; 0.662 ; MDcounter5:inst9|MDaddr[2] ; MDcounter5:inst9|MDaddr[2]                                                                                         ; Clock        ; Clock       ; 0.000        ; 0.081      ; 0.929      ;
; 0.662 ; PCreg8:inst27|q[2]         ; PCreg8:inst27|q[2]                                                                                                 ; Clock        ; Clock       ; 0.000        ; 0.080      ; 0.928      ;
; 0.662 ; PCreg8:inst27|q[4]         ; PCreg8:inst27|q[4]                                                                                                 ; Clock        ; Clock       ; 0.000        ; 0.080      ; 0.928      ;
; 0.662 ; PCreg8:inst27|q[6]         ; PCreg8:inst27|q[6]                                                                                                 ; Clock        ; Clock       ; 0.000        ; 0.080      ; 0.928      ;
; 0.676 ; PCreg8:inst27|q[0]         ; PCreg8:inst27|q[0]                                                                                                 ; Clock        ; Clock       ; 0.000        ; 0.080      ; 0.942      ;
; 0.679 ; PCreg8:inst27|q[3]         ; PCreg8:inst27|q[3]                                                                                                 ; Clock        ; Clock       ; 0.000        ; 0.080      ; 0.945      ;
; 0.679 ; PCreg8:inst27|q[5]         ; PCreg8:inst27|q[5]                                                                                                 ; Clock        ; Clock       ; 0.000        ; 0.080      ; 0.945      ;
; 0.680 ; PCreg8:inst27|q[7]         ; PCreg8:inst27|q[7]                                                                                                 ; Clock        ; Clock       ; 0.000        ; 0.080      ; 0.946      ;
; 0.685 ; MDcounter5:inst9|MDaddr[0] ; MDcounter5:inst9|MDaddr[0]                                                                                         ; Clock        ; Clock       ; 0.000        ; 0.081      ; 0.952      ;
; 0.738 ; map_logic:inst|map_addr[3] ; map_logic:inst|map_addr[0]                                                                                         ; Clock        ; Clock       ; 0.000        ; 0.080      ; 1.004      ;
; 0.751 ; map_logic:inst|map_addr[4] ; map_logic:inst|map_addr[1]                                                                                         ; Clock        ; Clock       ; 0.000        ; 0.080      ; 1.017      ;
; 0.899 ; map_logic:inst|map_addr[0] ; map_logic:inst|map_addr[2]                                                                                         ; Clock        ; Clock       ; 0.000        ; 0.080      ; 1.165      ;
; 0.976 ; MDcounter5:inst9|MDaddr[3] ; MDcounter5:inst9|MDaddr[4]                                                                                         ; Clock        ; Clock       ; 0.000        ; 0.081      ; 1.243      ;
; 0.976 ; MDcounter5:inst9|MDaddr[1] ; MDcounter5:inst9|MDaddr[2]                                                                                         ; Clock        ; Clock       ; 0.000        ; 0.081      ; 1.243      ;
; 0.976 ; PCreg8:inst27|q[1]         ; PCreg8:inst27|q[2]                                                                                                 ; Clock        ; Clock       ; 0.000        ; 0.080      ; 1.242      ;
; 0.989 ; MDcounter5:inst9|MDaddr[0] ; MDcounter5:inst9|MDaddr[1]                                                                                         ; Clock        ; Clock       ; 0.000        ; 0.081      ; 1.256      ;
; 0.989 ; MDcounter5:inst9|MDaddr[2] ; MDcounter5:inst9|MDaddr[3]                                                                                         ; Clock        ; Clock       ; 0.000        ; 0.081      ; 1.256      ;
; 0.989 ; PCreg8:inst27|q[0]         ; PCreg8:inst27|q[1]                                                                                                 ; Clock        ; Clock       ; 0.000        ; 0.080      ; 1.255      ;
; 0.989 ; PCreg8:inst27|q[2]         ; PCreg8:inst27|q[3]                                                                                                 ; Clock        ; Clock       ; 0.000        ; 0.080      ; 1.255      ;
; 0.989 ; PCreg8:inst27|q[4]         ; PCreg8:inst27|q[5]                                                                                                 ; Clock        ; Clock       ; 0.000        ; 0.080      ; 1.255      ;
; 0.989 ; PCreg8:inst27|q[6]         ; PCreg8:inst27|q[7]                                                                                                 ; Clock        ; Clock       ; 0.000        ; 0.080      ; 1.255      ;
; 0.994 ; MDcounter5:inst9|MDaddr[2] ; MDcounter5:inst9|MDaddr[4]                                                                                         ; Clock        ; Clock       ; 0.000        ; 0.081      ; 1.261      ;
; 0.994 ; MDcounter5:inst9|MDaddr[0] ; MDcounter5:inst9|MDaddr[2]                                                                                         ; Clock        ; Clock       ; 0.000        ; 0.081      ; 1.261      ;
; 0.994 ; PCreg8:inst27|q[2]         ; PCreg8:inst27|q[4]                                                                                                 ; Clock        ; Clock       ; 0.000        ; 0.080      ; 1.260      ;
; 0.994 ; PCreg8:inst27|q[4]         ; PCreg8:inst27|q[6]                                                                                                 ; Clock        ; Clock       ; 0.000        ; 0.080      ; 1.260      ;
; 0.994 ; PCreg8:inst27|q[0]         ; PCreg8:inst27|q[2]                                                                                                 ; Clock        ; Clock       ; 0.000        ; 0.080      ; 1.260      ;
; 0.997 ; map_logic:inst|map_addr[4] ; map_logic:inst|map_addr[3]                                                                                         ; Clock        ; Clock       ; 0.000        ; 0.080      ; 1.263      ;
; 0.997 ; PCreg8:inst27|q[3]         ; PCreg8:inst27|q[4]                                                                                                 ; Clock        ; Clock       ; 0.000        ; 0.080      ; 1.263      ;
; 0.997 ; PCreg8:inst27|q[5]         ; PCreg8:inst27|q[6]                                                                                                 ; Clock        ; Clock       ; 0.000        ; 0.080      ; 1.263      ;
; 0.998 ; map_logic:inst|map_addr[4] ; map_logic:inst|map_addr[2]                                                                                         ; Clock        ; Clock       ; 0.000        ; 0.080      ; 1.264      ;
; 1.041 ; MDcounter5:inst9|MDaddr[1] ; MainMainBlock:inst3|altsyncram:altsyncram_component|altsyncram_nsi1:auto_generated|ram_block1a0~porta_address_reg0 ; Clock        ; Clock       ; 0.000        ; 0.435      ; 1.698      ;
; 1.097 ; MDcounter5:inst9|MDaddr[1] ; MDcounter5:inst9|MDaddr[3]                                                                                         ; Clock        ; Clock       ; 0.000        ; 0.081      ; 1.364      ;
; 1.097 ; map_logic:inst|map_addr[2] ; map_logic:inst|map_addr[3]                                                                                         ; Clock        ; Clock       ; 0.000        ; 0.080      ; 1.363      ;
; 1.097 ; PCreg8:inst27|q[1]         ; PCreg8:inst27|q[3]                                                                                                 ; Clock        ; Clock       ; 0.000        ; 0.080      ; 1.363      ;
; 1.100 ; map_logic:inst|map_addr[2] ; map_logic:inst|map_addr[2]                                                                                         ; Clock        ; Clock       ; 0.000        ; 0.080      ; 1.366      ;
; 1.102 ; MDcounter5:inst9|MDaddr[1] ; MDcounter5:inst9|MDaddr[4]                                                                                         ; Clock        ; Clock       ; 0.000        ; 0.081      ; 1.369      ;
; 1.102 ; PCreg8:inst27|q[1]         ; PCreg8:inst27|q[4]                                                                                                 ; Clock        ; Clock       ; 0.000        ; 0.080      ; 1.368      ;
; 1.109 ; map_logic:inst|map_addr[4] ; map_logic:inst|map_addr[0]                                                                                         ; Clock        ; Clock       ; 0.000        ; 0.080      ; 1.375      ;
; 1.115 ; MDcounter5:inst9|MDaddr[0] ; MDcounter5:inst9|MDaddr[3]                                                                                         ; Clock        ; Clock       ; 0.000        ; 0.081      ; 1.382      ;
; 1.115 ; PCreg8:inst27|q[2]         ; PCreg8:inst27|q[5]                                                                                                 ; Clock        ; Clock       ; 0.000        ; 0.080      ; 1.381      ;
; 1.115 ; PCreg8:inst27|q[4]         ; PCreg8:inst27|q[7]                                                                                                 ; Clock        ; Clock       ; 0.000        ; 0.080      ; 1.381      ;
; 1.115 ; PCreg8:inst27|q[0]         ; PCreg8:inst27|q[3]                                                                                                 ; Clock        ; Clock       ; 0.000        ; 0.080      ; 1.381      ;
; 1.118 ; MDcounter5:inst9|MDaddr[3] ; MainMainBlock:inst3|altsyncram:altsyncram_component|altsyncram_nsi1:auto_generated|ram_block1a0~porta_address_reg0 ; Clock        ; Clock       ; 0.000        ; 0.435      ; 1.775      ;
; 1.118 ; PCreg8:inst27|q[3]         ; PCreg8:inst27|q[5]                                                                                                 ; Clock        ; Clock       ; 0.000        ; 0.080      ; 1.384      ;
; 1.118 ; PCreg8:inst27|q[5]         ; PCreg8:inst27|q[7]                                                                                                 ; Clock        ; Clock       ; 0.000        ; 0.080      ; 1.384      ;
; 1.119 ; map_logic:inst|map_addr[1] ; map_logic:inst|map_addr[4]                                                                                         ; Clock        ; Clock       ; 0.000        ; 0.080      ; 1.385      ;
; 1.120 ; MDcounter5:inst9|MDaddr[0] ; MDcounter5:inst9|MDaddr[4]                                                                                         ; Clock        ; Clock       ; 0.000        ; 0.081      ; 1.387      ;
; 1.120 ; PCreg8:inst27|q[2]         ; PCreg8:inst27|q[6]                                                                                                 ; Clock        ; Clock       ; 0.000        ; 0.080      ; 1.386      ;
; 1.120 ; PCreg8:inst27|q[0]         ; PCreg8:inst27|q[4]                                                                                                 ; Clock        ; Clock       ; 0.000        ; 0.080      ; 1.386      ;
; 1.123 ; PCreg8:inst27|q[3]         ; PCreg8:inst27|q[6]                                                                                                 ; Clock        ; Clock       ; 0.000        ; 0.080      ; 1.389      ;
; 1.132 ; reg8:DR|q[7]               ; IRreg3:inst13|q[2]                                                                                                 ; Clock        ; Clock       ; 0.000        ; 0.087      ; 1.405      ;
; 1.142 ; map_logic:inst|map_addr[0] ; map_logic:inst|map_addr[1]                                                                                         ; Clock        ; Clock       ; 0.000        ; 0.080      ; 1.408      ;
; 1.167 ; ARreg8:inst2|q[1]          ; PCreg8:inst27|q[1]                                                                                                 ; Clock        ; Clock       ; 0.000        ; 0.073      ; 1.426      ;
; 1.176 ; map_logic:inst|map_addr[2] ; map_logic:inst|map_addr[4]                                                                                         ; Clock        ; Clock       ; 0.000        ; 0.080      ; 1.442      ;
; 1.179 ; IRreg3:inst13|q[2]         ; map_logic:inst|map_addr[2]                                                                                         ; Clock        ; Clock       ; -0.500       ; 0.514      ; 1.399      ;
; 1.223 ; PCreg8:inst27|q[1]         ; PCreg8:inst27|q[5]                                                                                                 ; Clock        ; Clock       ; 0.000        ; 0.080      ; 1.489      ;
; 1.226 ; map_logic:inst|map_addr[1] ; map_logic:inst|map_addr[3]                                                                                         ; Clock        ; Clock       ; 0.000        ; 0.080      ; 1.492      ;
; 1.228 ; IRreg3:inst13|q[0]         ; map_logic:inst|map_addr[2]                                                                                         ; Clock        ; Clock       ; -0.500       ; 0.514      ; 1.448      ;
; 1.228 ; PCreg8:inst27|q[1]         ; PCreg8:inst27|q[6]                                                                                                 ; Clock        ; Clock       ; 0.000        ; 0.080      ; 1.494      ;
; 1.235 ; IRreg3:inst13|q[1]         ; map_logic:inst|map_addr[2]                                                                                         ; Clock        ; Clock       ; -0.500       ; 0.514      ; 1.455      ;
; 1.239 ; map_logic:inst|map_addr[0] ; map_logic:inst|map_addr[4]                                                                                         ; Clock        ; Clock       ; 0.000        ; 0.080      ; 1.505      ;
; 1.241 ; PCreg8:inst27|q[2]         ; PCreg8:inst27|q[7]                                                                                                 ; Clock        ; Clock       ; 0.000        ; 0.080      ; 1.507      ;
; 1.241 ; PCreg8:inst27|q[0]         ; PCreg8:inst27|q[5]                                                                                                 ; Clock        ; Clock       ; 0.000        ; 0.080      ; 1.507      ;
; 1.242 ; map_logic:inst|map_addr[1] ; map_logic:inst|map_addr[2]                                                                                         ; Clock        ; Clock       ; 0.000        ; 0.080      ; 1.508      ;
; 1.244 ; PCreg8:inst27|q[3]         ; PCreg8:inst27|q[7]                                                                                                 ; Clock        ; Clock       ; 0.000        ; 0.080      ; 1.510      ;
; 1.246 ; PCreg8:inst27|q[0]         ; PCreg8:inst27|q[6]                                                                                                 ; Clock        ; Clock       ; 0.000        ; 0.080      ; 1.512      ;
; 1.249 ; map_logic:inst|map_addr[0] ; map_logic:inst|map_addr[0]                                                                                         ; Clock        ; Clock       ; 0.000        ; 0.080      ; 1.515      ;
; 1.250 ; map_logic:inst|map_addr[3] ; map_logic:inst|map_addr[3]                                                                                         ; Clock        ; Clock       ; 0.000        ; 0.080      ; 1.516      ;
; 1.259 ; map_logic:inst|map_addr[3] ; map_logic:inst|map_addr[2]                                                                                         ; Clock        ; Clock       ; 0.000        ; 0.080      ; 1.525      ;
; 1.289 ; ARreg8:inst2|q[3]          ; PCreg8:inst27|q[3]                                                                                                 ; Clock        ; Clock       ; 0.000        ; 0.073      ; 1.548      ;
; 1.290 ; map_logic:inst|map_addr[3] ; map_logic:inst|map_addr[4]                                                                                         ; Clock        ; Clock       ; 0.000        ; 0.080      ; 1.556      ;
; 1.314 ; map_logic:inst|map_addr[2] ; map_logic:inst|map_addr[1]                                                                                         ; Clock        ; Clock       ; 0.000        ; 0.080      ; 1.580      ;
; 1.346 ; map_logic:inst|map_addr[1] ; map_logic:inst|map_addr[0]                                                                                         ; Clock        ; Clock       ; 0.000        ; 0.080      ; 1.612      ;
; 1.349 ; PCreg8:inst27|q[1]         ; PCreg8:inst27|q[7]                                                                                                 ; Clock        ; Clock       ; 0.000        ; 0.080      ; 1.615      ;
; 1.350 ; reg8:DR|q[5]               ; IRreg3:inst13|q[0]                                                                                                 ; Clock        ; Clock       ; 0.000        ; 0.087      ; 1.623      ;
; 1.356 ; map_logic:inst|map_addr[3] ; map_logic:inst|map_addr[1]                                                                                         ; Clock        ; Clock       ; 0.000        ; 0.080      ; 1.622      ;
; 1.363 ; reg8:DR|q[6]               ; IRreg3:inst13|q[1]                                                                                                 ; Clock        ; Clock       ; 0.000        ; 0.087      ; 1.636      ;
; 1.367 ; reg8:DR|q[7]               ; reg8:AC|q[7]                                                                                                       ; Clock        ; Clock       ; 0.000        ; 0.080      ; 1.633      ;
; 1.367 ; PCreg8:inst27|q[0]         ; PCreg8:inst27|q[7]                                                                                                 ; Clock        ; Clock       ; 0.000        ; 0.080      ; 1.633      ;
; 1.428 ; MDcounter5:inst9|MDaddr[0] ; MainMainBlock:inst3|altsyncram:altsyncram_component|altsyncram_nsi1:auto_generated|ram_block1a0~porta_address_reg0 ; Clock        ; Clock       ; 0.000        ; 0.435      ; 2.085      ;
; 1.482 ; MDcounter5:inst9|MDaddr[2] ; MainMainBlock:inst3|altsyncram:altsyncram_component|altsyncram_nsi1:auto_generated|ram_block1a0~porta_address_reg0 ; Clock        ; Clock       ; 0.000        ; 0.435      ; 2.139      ;
; 1.483 ; ARreg8:inst2|q[0]          ; PCreg8:inst27|q[0]                                                                                                 ; Clock        ; Clock       ; 0.000        ; 0.078      ; 1.747      ;
; 1.499 ; reg8:DR|q[4]               ; ARreg8:inst2|q[4]                                                                                                  ; Clock        ; Clock       ; 0.000        ; 0.080      ; 1.765      ;
; 1.507 ; map_logic:inst|map_addr[1] ; map_logic:inst|map_addr[1]                                                                                         ; Clock        ; Clock       ; 0.000        ; 0.080      ; 1.773      ;
; 1.532 ; IRreg3:inst13|q[2]         ; map_logic:inst|map_addr[3]                                                                                         ; Clock        ; Clock       ; -0.500       ; 0.514      ; 1.752      ;
; 1.591 ; ARreg8:inst2|q[4]          ; PCreg8:inst27|q[4]                                                                                                 ; Clock        ; Clock       ; 0.000        ; 0.078      ; 1.855      ;
; 1.604 ; IRreg3:inst13|q[0]         ; map_logic:inst|map_addr[1]                                                                                         ; Clock        ; Clock       ; -0.500       ; 0.514      ; 1.824      ;
; 1.653 ; IRreg3:inst13|q[0]         ; map_logic:inst|map_addr[3]                                                                                         ; Clock        ; Clock       ; -0.500       ; 0.514      ; 1.873      ;
; 1.653 ; IRreg3:inst13|q[1]         ; map_logic:inst|map_addr[3]                                                                                         ; Clock        ; Clock       ; -0.500       ; 0.514      ; 1.873      ;
; 1.659 ; IRreg3:inst13|q[1]         ; map_logic:inst|map_addr[4]                                                                                         ; Clock        ; Clock       ; -0.500       ; 0.514      ; 1.879      ;
; 1.702 ; reg8:AC|q[4]               ; ARreg8:inst2|q[4]                                                                                                  ; Clock        ; Clock       ; 0.000        ; 0.080      ; 1.968      ;
; 1.731 ; ARreg8:inst2|q[2]          ; PCreg8:inst27|q[2]                                                                                                 ; Clock        ; Clock       ; 0.000        ; 0.078      ; 1.995      ;
; 1.731 ; reg8:AC|q[5]               ; reg8:AC|q[7]                                                                                                       ; Clock        ; Clock       ; 0.000        ; 0.079      ; 1.996      ;
+-------+----------------------------+--------------------------------------------------------------------------------------------------------------------+--------------+-------------+--------------+------------+------------+


+-----------------------------------------------------------------------------------------------------------------------------------------------------------------------------------------------------+
; Slow 1200mV 85C Model Minimum Pulse Width: 'Clock'                                                                                                                                                  ;
+--------+--------------+----------------+------------------+-------+------------+--------------------------------------------------------------------------------------------------------------------+
; Slack  ; Actual Width ; Required Width ; Type             ; Clock ; Clock Edge ; Target                                                                                                             ;
+--------+--------------+----------------+------------------+-------+------------+--------------------------------------------------------------------------------------------------------------------+
; -3.000 ; 1.000        ; 4.000          ; Port Rate        ; Clock ; Rise       ; Clock                                                                                                              ;
; -2.693 ; 1.000        ; 3.693          ; Min Period       ; Clock ; Rise       ; MainMainBlock:inst3|altsyncram:altsyncram_component|altsyncram_nsi1:auto_generated|ram_block1a0~porta_address_reg0 ;
; -2.693 ; 1.000        ; 3.693          ; Min Period       ; Clock ; Rise       ; MainMainBlock:inst3|altsyncram:altsyncram_component|altsyncram_nsi1:auto_generated|ram_block1a0~porta_datain_reg0  ;
; -2.693 ; 1.000        ; 3.693          ; Min Period       ; Clock ; Rise       ; MainMainBlock:inst3|altsyncram:altsyncram_component|altsyncram_nsi1:auto_generated|ram_block1a0~porta_re_reg       ;
; -2.693 ; 1.000        ; 3.693          ; Min Period       ; Clock ; Rise       ; MainMainBlock:inst3|altsyncram:altsyncram_component|altsyncram_nsi1:auto_generated|ram_block1a0~porta_we_reg       ;
; -1.285 ; 1.000        ; 2.285          ; Min Period       ; Clock ; Fall       ; ALUTest:inst12|Zflag                                                                                               ;
; -1.285 ; 1.000        ; 2.285          ; Min Period       ; Clock ; Fall       ; ARreg8:inst2|q[0]                                                                                                  ;
; -1.285 ; 1.000        ; 2.285          ; Min Period       ; Clock ; Fall       ; ARreg8:inst2|q[1]                                                                                                  ;
; -1.285 ; 1.000        ; 2.285          ; Min Period       ; Clock ; Fall       ; ARreg8:inst2|q[2]                                                                                                  ;
; -1.285 ; 1.000        ; 2.285          ; Min Period       ; Clock ; Fall       ; ARreg8:inst2|q[3]                                                                                                  ;
; -1.285 ; 1.000        ; 2.285          ; Min Period       ; Clock ; Fall       ; ARreg8:inst2|q[4]                                                                                                  ;
; -1.285 ; 1.000        ; 2.285          ; Min Period       ; Clock ; Fall       ; IRreg3:inst13|q[0]                                                                                                 ;
; -1.285 ; 1.000        ; 2.285          ; Min Period       ; Clock ; Fall       ; IRreg3:inst13|q[1]                                                                                                 ;
; -1.285 ; 1.000        ; 2.285          ; Min Period       ; Clock ; Fall       ; IRreg3:inst13|q[2]                                                                                                 ;
; -1.285 ; 1.000        ; 2.285          ; Min Period       ; Clock ; Rise       ; MDcounter5:inst9|MDaddr[0]                                                                                         ;
; -1.285 ; 1.000        ; 2.285          ; Min Period       ; Clock ; Rise       ; MDcounter5:inst9|MDaddr[1]                                                                                         ;
; -1.285 ; 1.000        ; 2.285          ; Min Period       ; Clock ; Rise       ; MDcounter5:inst9|MDaddr[2]                                                                                         ;
; -1.285 ; 1.000        ; 2.285          ; Min Period       ; Clock ; Rise       ; MDcounter5:inst9|MDaddr[3]                                                                                         ;
; -1.285 ; 1.000        ; 2.285          ; Min Period       ; Clock ; Rise       ; MDcounter5:inst9|MDaddr[4]                                                                                         ;
; -1.285 ; 1.000        ; 2.285          ; Min Period       ; Clock ; Fall       ; PCreg8:inst27|q[0]                                                                                                 ;
; -1.285 ; 1.000        ; 2.285          ; Min Period       ; Clock ; Fall       ; PCreg8:inst27|q[1]                                                                                                 ;
; -1.285 ; 1.000        ; 2.285          ; Min Period       ; Clock ; Fall       ; PCreg8:inst27|q[2]                                                                                                 ;
; -1.285 ; 1.000        ; 2.285          ; Min Period       ; Clock ; Fall       ; PCreg8:inst27|q[3]                                                                                                 ;
; -1.285 ; 1.000        ; 2.285          ; Min Period       ; Clock ; Fall       ; PCreg8:inst27|q[4]                                                                                                 ;
; -1.285 ; 1.000        ; 2.285          ; Min Period       ; Clock ; Fall       ; PCreg8:inst27|q[5]                                                                                                 ;
; -1.285 ; 1.000        ; 2.285          ; Min Period       ; Clock ; Fall       ; PCreg8:inst27|q[6]                                                                                                 ;
; -1.285 ; 1.000        ; 2.285          ; Min Period       ; Clock ; Fall       ; PCreg8:inst27|q[7]                                                                                                 ;
; -1.285 ; 1.000        ; 2.285          ; Min Period       ; Clock ; Rise       ; map_logic:inst|map_addr[0]                                                                                         ;
; -1.285 ; 1.000        ; 2.285          ; Min Period       ; Clock ; Rise       ; map_logic:inst|map_addr[1]                                                                                         ;
; -1.285 ; 1.000        ; 2.285          ; Min Period       ; Clock ; Rise       ; map_logic:inst|map_addr[2]                                                                                         ;
; -1.285 ; 1.000        ; 2.285          ; Min Period       ; Clock ; Rise       ; map_logic:inst|map_addr[3]                                                                                         ;
; -1.285 ; 1.000        ; 2.285          ; Min Period       ; Clock ; Rise       ; map_logic:inst|map_addr[4]                                                                                         ;
; -1.285 ; 1.000        ; 2.285          ; Min Period       ; Clock ; Fall       ; reg8:AC|q[0]                                                                                                       ;
; -1.285 ; 1.000        ; 2.285          ; Min Period       ; Clock ; Fall       ; reg8:AC|q[1]                                                                                                       ;
; -1.285 ; 1.000        ; 2.285          ; Min Period       ; Clock ; Fall       ; reg8:AC|q[2]                                                                                                       ;
; -1.285 ; 1.000        ; 2.285          ; Min Period       ; Clock ; Fall       ; reg8:AC|q[3]                                                                                                       ;
; -1.285 ; 1.000        ; 2.285          ; Min Period       ; Clock ; Fall       ; reg8:AC|q[4]                                                                                                       ;
; -1.285 ; 1.000        ; 2.285          ; Min Period       ; Clock ; Fall       ; reg8:AC|q[5]                                                                                                       ;
; -1.285 ; 1.000        ; 2.285          ; Min Period       ; Clock ; Fall       ; reg8:AC|q[6]                                                                                                       ;
; -1.285 ; 1.000        ; 2.285          ; Min Period       ; Clock ; Fall       ; reg8:AC|q[7]                                                                                                       ;
; -1.285 ; 1.000        ; 2.285          ; Min Period       ; Clock ; Fall       ; reg8:DR|q[0]                                                                                                       ;
; -1.285 ; 1.000        ; 2.285          ; Min Period       ; Clock ; Fall       ; reg8:DR|q[1]                                                                                                       ;
; -1.285 ; 1.000        ; 2.285          ; Min Period       ; Clock ; Fall       ; reg8:DR|q[2]                                                                                                       ;
; -1.285 ; 1.000        ; 2.285          ; Min Period       ; Clock ; Fall       ; reg8:DR|q[3]                                                                                                       ;
; -1.285 ; 1.000        ; 2.285          ; Min Period       ; Clock ; Fall       ; reg8:DR|q[4]                                                                                                       ;
; -1.285 ; 1.000        ; 2.285          ; Min Period       ; Clock ; Fall       ; reg8:DR|q[5]                                                                                                       ;
; -1.285 ; 1.000        ; 2.285          ; Min Period       ; Clock ; Fall       ; reg8:DR|q[6]                                                                                                       ;
; -1.285 ; 1.000        ; 2.285          ; Min Period       ; Clock ; Fall       ; reg8:DR|q[7]                                                                                                       ;
; 0.130  ; 0.365        ; 0.235          ; Low Pulse Width  ; Clock ; Rise       ; MainMainBlock:inst3|altsyncram:altsyncram_component|altsyncram_nsi1:auto_generated|ram_block1a0~porta_address_reg0 ;
; 0.130  ; 0.365        ; 0.235          ; Low Pulse Width  ; Clock ; Rise       ; MainMainBlock:inst3|altsyncram:altsyncram_component|altsyncram_nsi1:auto_generated|ram_block1a0~porta_re_reg       ;
; 0.130  ; 0.365        ; 0.235          ; Low Pulse Width  ; Clock ; Rise       ; MainMainBlock:inst3|altsyncram:altsyncram_component|altsyncram_nsi1:auto_generated|ram_block1a0~porta_we_reg       ;
; 0.132  ; 0.367        ; 0.235          ; Low Pulse Width  ; Clock ; Rise       ; MainMainBlock:inst3|altsyncram:altsyncram_component|altsyncram_nsi1:auto_generated|ram_block1a0~porta_datain_reg0  ;
; 0.178  ; 0.398        ; 0.220          ; High Pulse Width ; Clock ; Rise       ; map_logic:inst|map_addr[0]                                                                                         ;
; 0.178  ; 0.398        ; 0.220          ; High Pulse Width ; Clock ; Rise       ; map_logic:inst|map_addr[1]                                                                                         ;
; 0.178  ; 0.398        ; 0.220          ; High Pulse Width ; Clock ; Rise       ; map_logic:inst|map_addr[2]                                                                                         ;
; 0.178  ; 0.398        ; 0.220          ; High Pulse Width ; Clock ; Rise       ; map_logic:inst|map_addr[3]                                                                                         ;
; 0.178  ; 0.398        ; 0.220          ; High Pulse Width ; Clock ; Rise       ; map_logic:inst|map_addr[4]                                                                                         ;
; 0.197  ; 0.417        ; 0.220          ; High Pulse Width ; Clock ; Fall       ; reg8:AC|q[0]                                                                                                       ;
; 0.197  ; 0.417        ; 0.220          ; High Pulse Width ; Clock ; Fall       ; reg8:AC|q[1]                                                                                                       ;
; 0.197  ; 0.417        ; 0.220          ; High Pulse Width ; Clock ; Fall       ; reg8:AC|q[2]                                                                                                       ;
; 0.197  ; 0.417        ; 0.220          ; High Pulse Width ; Clock ; Fall       ; reg8:AC|q[3]                                                                                                       ;
; 0.197  ; 0.417        ; 0.220          ; High Pulse Width ; Clock ; Fall       ; reg8:AC|q[4]                                                                                                       ;
; 0.197  ; 0.417        ; 0.220          ; High Pulse Width ; Clock ; Fall       ; reg8:DR|q[0]                                                                                                       ;
; 0.197  ; 0.417        ; 0.220          ; High Pulse Width ; Clock ; Fall       ; reg8:DR|q[1]                                                                                                       ;
; 0.197  ; 0.417        ; 0.220          ; High Pulse Width ; Clock ; Fall       ; reg8:DR|q[2]                                                                                                       ;
; 0.197  ; 0.417        ; 0.220          ; High Pulse Width ; Clock ; Fall       ; reg8:DR|q[4]                                                                                                       ;
; 0.198  ; 0.418        ; 0.220          ; High Pulse Width ; Clock ; Fall       ; ALUTest:inst12|Zflag                                                                                               ;
; 0.198  ; 0.418        ; 0.220          ; High Pulse Width ; Clock ; Fall       ; ARreg8:inst2|q[0]                                                                                                  ;
; 0.198  ; 0.418        ; 0.220          ; High Pulse Width ; Clock ; Fall       ; ARreg8:inst2|q[1]                                                                                                  ;
; 0.198  ; 0.418        ; 0.220          ; High Pulse Width ; Clock ; Fall       ; ARreg8:inst2|q[2]                                                                                                  ;
; 0.198  ; 0.418        ; 0.220          ; High Pulse Width ; Clock ; Fall       ; ARreg8:inst2|q[3]                                                                                                  ;
; 0.198  ; 0.418        ; 0.220          ; High Pulse Width ; Clock ; Fall       ; ARreg8:inst2|q[4]                                                                                                  ;
; 0.198  ; 0.418        ; 0.220          ; High Pulse Width ; Clock ; Fall       ; IRreg3:inst13|q[0]                                                                                                 ;
; 0.198  ; 0.418        ; 0.220          ; High Pulse Width ; Clock ; Fall       ; IRreg3:inst13|q[1]                                                                                                 ;
; 0.198  ; 0.418        ; 0.220          ; High Pulse Width ; Clock ; Fall       ; IRreg3:inst13|q[2]                                                                                                 ;
; 0.198  ; 0.418        ; 0.220          ; High Pulse Width ; Clock ; Fall       ; PCreg8:inst27|q[0]                                                                                                 ;
; 0.198  ; 0.418        ; 0.220          ; High Pulse Width ; Clock ; Fall       ; PCreg8:inst27|q[1]                                                                                                 ;
; 0.198  ; 0.418        ; 0.220          ; High Pulse Width ; Clock ; Fall       ; PCreg8:inst27|q[2]                                                                                                 ;
; 0.198  ; 0.418        ; 0.220          ; High Pulse Width ; Clock ; Fall       ; PCreg8:inst27|q[3]                                                                                                 ;
; 0.198  ; 0.418        ; 0.220          ; High Pulse Width ; Clock ; Fall       ; PCreg8:inst27|q[4]                                                                                                 ;
; 0.198  ; 0.418        ; 0.220          ; High Pulse Width ; Clock ; Fall       ; PCreg8:inst27|q[5]                                                                                                 ;
; 0.198  ; 0.418        ; 0.220          ; High Pulse Width ; Clock ; Fall       ; PCreg8:inst27|q[6]                                                                                                 ;
; 0.198  ; 0.418        ; 0.220          ; High Pulse Width ; Clock ; Fall       ; PCreg8:inst27|q[7]                                                                                                 ;
; 0.198  ; 0.418        ; 0.220          ; High Pulse Width ; Clock ; Fall       ; reg8:AC|q[5]                                                                                                       ;
; 0.198  ; 0.418        ; 0.220          ; High Pulse Width ; Clock ; Fall       ; reg8:AC|q[6]                                                                                                       ;
; 0.198  ; 0.418        ; 0.220          ; High Pulse Width ; Clock ; Fall       ; reg8:AC|q[7]                                                                                                       ;
; 0.198  ; 0.418        ; 0.220          ; High Pulse Width ; Clock ; Fall       ; reg8:DR|q[3]                                                                                                       ;
; 0.198  ; 0.418        ; 0.220          ; High Pulse Width ; Clock ; Fall       ; reg8:DR|q[5]                                                                                                       ;
; 0.198  ; 0.418        ; 0.220          ; High Pulse Width ; Clock ; Fall       ; reg8:DR|q[6]                                                                                                       ;
; 0.198  ; 0.418        ; 0.220          ; High Pulse Width ; Clock ; Fall       ; reg8:DR|q[7]                                                                                                       ;
; 0.256  ; 0.444        ; 0.188          ; Low Pulse Width  ; Clock ; Rise       ; MDcounter5:inst9|MDaddr[0]                                                                                         ;
; 0.256  ; 0.444        ; 0.188          ; Low Pulse Width  ; Clock ; Rise       ; MDcounter5:inst9|MDaddr[1]                                                                                         ;
; 0.256  ; 0.444        ; 0.188          ; Low Pulse Width  ; Clock ; Rise       ; MDcounter5:inst9|MDaddr[2]                                                                                         ;
; 0.256  ; 0.444        ; 0.188          ; Low Pulse Width  ; Clock ; Rise       ; MDcounter5:inst9|MDaddr[3]                                                                                         ;
; 0.256  ; 0.444        ; 0.188          ; Low Pulse Width  ; Clock ; Rise       ; MDcounter5:inst9|MDaddr[4]                                                                                         ;
; 0.335  ; 0.555        ; 0.220          ; High Pulse Width ; Clock ; Rise       ; MDcounter5:inst9|MDaddr[0]                                                                                         ;
; 0.335  ; 0.555        ; 0.220          ; High Pulse Width ; Clock ; Rise       ; MDcounter5:inst9|MDaddr[1]                                                                                         ;
; 0.335  ; 0.555        ; 0.220          ; High Pulse Width ; Clock ; Rise       ; MDcounter5:inst9|MDaddr[2]                                                                                         ;
; 0.335  ; 0.555        ; 0.220          ; High Pulse Width ; Clock ; Rise       ; MDcounter5:inst9|MDaddr[3]                                                                                         ;
; 0.335  ; 0.555        ; 0.220          ; High Pulse Width ; Clock ; Rise       ; MDcounter5:inst9|MDaddr[4]                                                                                         ;
+--------+--------------+----------------+------------------+-------+------------+--------------------------------------------------------------------------------------------------------------------+


+-------------------------------------------------------------------------+
; Setup Times                                                             ;
+-----------+------------+--------+--------+------------+-----------------+
; Data Port ; Clock Port ; Rise   ; Fall   ; Clock Edge ; Clock Reference ;
+-----------+------------+--------+--------+------------+-----------------+
; Reset     ; Clock      ; -2.311 ; -2.310 ; Rise       ; Clock           ;
+-----------+------------+--------+--------+------------+-----------------+


+-----------------------------------------------------------------------+
; Hold Times                                                            ;
+-----------+------------+-------+-------+------------+-----------------+
; Data Port ; Clock Port ; Rise  ; Fall  ; Clock Edge ; Clock Reference ;
+-----------+------------+-------+-------+------------+-----------------+
; Reset     ; Clock      ; 2.890 ; 2.885 ; Rise       ; Clock           ;
+-----------+------------+-------+-------+------------+-----------------+


+---------------------------------------------------------------------------+
; Clock to Output Times                                                     ;
+-------------+------------+--------+--------+------------+-----------------+
; Data Port   ; Clock Port ; Rise   ; Fall   ; Clock Edge ; Clock Reference ;
+-------------+------------+--------+--------+------------+-----------------+
; ACload      ; Clock      ; 12.534 ; 12.391 ; Rise       ; Clock           ;
; ALUSEL[*]   ; Clock      ; 14.176 ; 14.041 ; Rise       ; Clock           ;
;  ALUSEL[0]  ; Clock      ; 14.176 ; 14.041 ; Rise       ; Clock           ;
; AR_IN[*]    ; Clock      ; 18.312 ; 18.247 ; Rise       ; Clock           ;
;  AR_IN[0]   ; Clock      ; 16.576 ; 16.347 ; Rise       ; Clock           ;
;  AR_IN[1]   ; Clock      ; 17.320 ; 17.036 ; Rise       ; Clock           ;
;  AR_IN[2]   ; Clock      ; 16.535 ; 16.575 ; Rise       ; Clock           ;
;  AR_IN[3]   ; Clock      ; 16.680 ; 16.529 ; Rise       ; Clock           ;
;  AR_IN[4]   ; Clock      ; 17.234 ; 17.097 ; Rise       ; Clock           ;
;  AR_IN[5]   ; Clock      ; 18.312 ; 18.247 ; Rise       ; Clock           ;
;  AR_IN[6]   ; Clock      ; 17.043 ; 16.844 ; Rise       ; Clock           ;
;  AR_IN[7]   ; Clock      ; 17.418 ; 17.212 ; Rise       ; Clock           ;
; ARload      ; Clock      ; 11.793 ; 11.592 ; Rise       ; Clock           ;
; BUS_AC      ; Clock      ; 12.395 ; 12.203 ; Rise       ; Clock           ;
; BUS_ALU     ; Clock      ; 11.880 ; 11.839 ; Rise       ; Clock           ;
; BUS_DR      ; Clock      ; 12.774 ; 12.699 ; Rise       ; Clock           ;
; BUS_MEM     ; Clock      ; 13.663 ; 13.554 ; Rise       ; Clock           ;
; BUS_PC      ; Clock      ; 12.513 ; 12.316 ; Rise       ; Clock           ;
; CPUclk      ; Clock      ; 7.665  ; 7.813  ; Rise       ; Clock           ;
; DRload      ; Clock      ; 12.561 ; 12.415 ; Rise       ; Clock           ;
; IRload      ; Clock      ; 12.944 ; 12.703 ; Rise       ; Clock           ;
; MEM_OUT[*]  ; Clock      ; 12.100 ; 12.153 ; Rise       ; Clock           ;
;  MEM_OUT[0] ; Clock      ; 12.100 ; 12.153 ; Rise       ; Clock           ;
;  MEM_OUT[1] ; Clock      ; 10.871 ; 10.732 ; Rise       ; Clock           ;
;  MEM_OUT[2] ; Clock      ; 11.227 ; 11.080 ; Rise       ; Clock           ;
;  MEM_OUT[3] ; Clock      ; 10.916 ; 10.785 ; Rise       ; Clock           ;
;  MEM_OUT[4] ; Clock      ; 10.775 ; 10.686 ; Rise       ; Clock           ;
;  MEM_OUT[5] ; Clock      ; 10.928 ; 10.796 ; Rise       ; Clock           ;
;  MEM_OUT[6] ; Clock      ; 10.570 ; 10.467 ; Rise       ; Clock           ;
;  MEM_OUT[7] ; Clock      ; 11.820 ; 11.652 ; Rise       ; Clock           ;
; MainBus[*]  ; Clock      ; 17.877 ; 18.021 ; Rise       ; Clock           ;
;  MainBus[0] ; Clock      ; 16.576 ; 16.347 ; Rise       ; Clock           ;
;  MainBus[1] ; Clock      ; 17.310 ; 17.026 ; Rise       ; Clock           ;
;  MainBus[2] ; Clock      ; 17.877 ; 18.021 ; Rise       ; Clock           ;
;  MainBus[3] ; Clock      ; 16.680 ; 16.529 ; Rise       ; Clock           ;
;  MainBus[4] ; Clock      ; 17.204 ; 17.068 ; Rise       ; Clock           ;
;  MainBus[5] ; Clock      ; 17.843 ; 17.829 ; Rise       ; Clock           ;
;  MainBus[6] ; Clock      ; 17.043 ; 16.844 ; Rise       ; Clock           ;
;  MainBus[7] ; Clock      ; 17.418 ; 17.212 ; Rise       ; Clock           ;
; MemRead     ; Clock      ; 13.653 ; 13.544 ; Rise       ; Clock           ;
; MemWrite    ; Clock      ; 13.201 ; 13.010 ; Rise       ; Clock           ;
; MuxOut[*]   ; Clock      ; 10.490 ; 10.370 ; Rise       ; Clock           ;
;  MuxOut[0]  ; Clock      ; 10.490 ; 10.370 ; Rise       ; Clock           ;
;  MuxOut[1]  ; Clock      ; 8.592  ; 8.492  ; Rise       ; Clock           ;
;  MuxOut[2]  ; Clock      ; 8.736  ; 8.747  ; Rise       ; Clock           ;
;  MuxOut[3]  ; Clock      ; 8.020  ; 8.011  ; Rise       ; Clock           ;
;  MuxOut[4]  ; Clock      ; 9.372  ; 9.258  ; Rise       ; Clock           ;
; PCinc       ; Clock      ; 12.542 ; 12.311 ; Rise       ; Clock           ;
; PCloadAR    ; Clock      ; 13.551 ; 13.392 ; Rise       ; Clock           ;
; PCloadZ     ; Clock      ; 13.148 ; 13.036 ; Rise       ; Clock           ;
; Zload       ; Clock      ; 14.186 ; 14.051 ; Rise       ; Clock           ;
; AC_OUT[*]   ; Clock      ; 12.168 ; 12.111 ; Fall       ; Clock           ;
;  AC_OUT[0]  ; Clock      ; 11.483 ; 11.463 ; Fall       ; Clock           ;
;  AC_OUT[1]  ; Clock      ; 10.992 ; 10.928 ; Fall       ; Clock           ;
;  AC_OUT[2]  ; Clock      ; 11.677 ; 11.646 ; Fall       ; Clock           ;
;  AC_OUT[3]  ; Clock      ; 11.607 ; 11.505 ; Fall       ; Clock           ;
;  AC_OUT[4]  ; Clock      ; 10.752 ; 10.704 ; Fall       ; Clock           ;
;  AC_OUT[5]  ; Clock      ; 11.835 ; 11.900 ; Fall       ; Clock           ;
;  AC_OUT[6]  ; Clock      ; 12.168 ; 12.111 ; Fall       ; Clock           ;
;  AC_OUT[7]  ; Clock      ; 11.558 ; 11.546 ; Fall       ; Clock           ;
; AR_IN[*]    ; Clock      ; 15.993 ; 15.969 ; Fall       ; Clock           ;
;  AR_IN[0]   ; Clock      ; 14.098 ; 13.886 ; Fall       ; Clock           ;
;  AR_IN[1]   ; Clock      ; 14.996 ; 14.712 ; Fall       ; Clock           ;
;  AR_IN[2]   ; Clock      ; 14.211 ; 14.251 ; Fall       ; Clock           ;
;  AR_IN[3]   ; Clock      ; 14.361 ; 14.210 ; Fall       ; Clock           ;
;  AR_IN[4]   ; Clock      ; 15.166 ; 14.975 ; Fall       ; Clock           ;
;  AR_IN[5]   ; Clock      ; 15.993 ; 15.969 ; Fall       ; Clock           ;
;  AR_IN[6]   ; Clock      ; 14.975 ; 14.722 ; Fall       ; Clock           ;
;  AR_IN[7]   ; Clock      ; 15.099 ; 14.934 ; Fall       ; Clock           ;
; AR_OUT[*]   ; Clock      ; 12.843 ; 12.929 ; Fall       ; Clock           ;
;  AR_OUT[0]  ; Clock      ; 10.722 ; 10.673 ; Fall       ; Clock           ;
;  AR_OUT[1]  ; Clock      ; 11.520 ; 11.484 ; Fall       ; Clock           ;
;  AR_OUT[2]  ; Clock      ; 11.426 ; 11.435 ; Fall       ; Clock           ;
;  AR_OUT[3]  ; Clock      ; 12.843 ; 12.929 ; Fall       ; Clock           ;
;  AR_OUT[4]  ; Clock      ; 11.551 ; 11.448 ; Fall       ; Clock           ;
; CPUclk      ; Clock      ; 12.755 ; 12.896 ; Fall       ; Clock           ;
; DR_OUT[*]   ; Clock      ; 12.542 ; 12.700 ; Fall       ; Clock           ;
;  DR_OUT[0]  ; Clock      ; 10.979 ; 10.903 ; Fall       ; Clock           ;
;  DR_OUT[1]  ; Clock      ; 12.542 ; 12.700 ; Fall       ; Clock           ;
;  DR_OUT[2]  ; Clock      ; 12.383 ; 12.385 ; Fall       ; Clock           ;
;  DR_OUT[3]  ; Clock      ; 12.078 ; 11.978 ; Fall       ; Clock           ;
;  DR_OUT[4]  ; Clock      ; 11.725 ; 11.674 ; Fall       ; Clock           ;
;  DR_OUT[5]  ; Clock      ; 11.681 ; 11.567 ; Fall       ; Clock           ;
;  DR_OUT[6]  ; Clock      ; 11.894 ; 11.760 ; Fall       ; Clock           ;
;  DR_OUT[7]  ; Clock      ; 11.938 ; 11.793 ; Fall       ; Clock           ;
; IR_OUT[*]   ; Clock      ; 11.237 ; 11.221 ; Fall       ; Clock           ;
;  IR_OUT[0]  ; Clock      ; 11.237 ; 11.221 ; Fall       ; Clock           ;
;  IR_OUT[1]  ; Clock      ; 10.806 ; 10.736 ; Fall       ; Clock           ;
;  IR_OUT[2]  ; Clock      ; 10.862 ; 10.808 ; Fall       ; Clock           ;
; MDenable    ; Clock      ; 11.141 ; 11.319 ; Fall       ; Clock           ;
; MainBus[*]  ; Clock      ; 15.553 ; 15.697 ; Fall       ; Clock           ;
;  MainBus[0] ; Clock      ; 14.098 ; 13.886 ; Fall       ; Clock           ;
;  MainBus[1] ; Clock      ; 14.986 ; 14.702 ; Fall       ; Clock           ;
;  MainBus[2] ; Clock      ; 15.553 ; 15.697 ; Fall       ; Clock           ;
;  MainBus[3] ; Clock      ; 14.361 ; 14.210 ; Fall       ; Clock           ;
;  MainBus[4] ; Clock      ; 15.136 ; 14.946 ; Fall       ; Clock           ;
;  MainBus[5] ; Clock      ; 15.524 ; 15.551 ; Fall       ; Clock           ;
;  MainBus[6] ; Clock      ; 14.975 ; 14.722 ; Fall       ; Clock           ;
;  MainBus[7] ; Clock      ; 15.099 ; 14.934 ; Fall       ; Clock           ;
; MuxOut[*]   ; Clock      ; 14.121 ; 13.935 ; Fall       ; Clock           ;
;  MuxOut[0]  ; Clock      ; 14.121 ; 13.935 ; Fall       ; Clock           ;
;  MuxOut[1]  ; Clock      ; 12.665 ; 12.515 ; Fall       ; Clock           ;
;  MuxOut[2]  ; Clock      ; 12.642 ; 12.588 ; Fall       ; Clock           ;
;  MuxOut[3]  ; Clock      ; 11.988 ; 11.906 ; Fall       ; Clock           ;
;  MuxOut[4]  ; Clock      ; 12.764 ; 12.622 ; Fall       ; Clock           ;
; PC_OUT[*]   ; Clock      ; 11.911 ; 11.870 ; Fall       ; Clock           ;
;  PC_OUT[0]  ; Clock      ; 10.962 ; 10.965 ; Fall       ; Clock           ;
;  PC_OUT[1]  ; Clock      ; 11.911 ; 11.870 ; Fall       ; Clock           ;
;  PC_OUT[2]  ; Clock      ; 10.875 ; 10.815 ; Fall       ; Clock           ;
;  PC_OUT[3]  ; Clock      ; 11.789 ; 11.723 ; Fall       ; Clock           ;
;  PC_OUT[4]  ; Clock      ; 10.598 ; 10.566 ; Fall       ; Clock           ;
;  PC_OUT[5]  ; Clock      ; 11.824 ; 11.721 ; Fall       ; Clock           ;
;  PC_OUT[6]  ; Clock      ; 11.063 ; 11.014 ; Fall       ; Clock           ;
;  PC_OUT[7]  ; Clock      ; 11.315 ; 11.225 ; Fall       ; Clock           ;
; Zflag       ; Clock      ; 11.113 ; 11.022 ; Fall       ; Clock           ;
+-------------+------------+--------+--------+------------+-----------------+


+---------------------------------------------------------------------------+
; Minimum Clock to Output Times                                             ;
+-------------+------------+--------+--------+------------+-----------------+
; Data Port   ; Clock Port ; Rise   ; Fall   ; Clock Edge ; Clock Reference ;
+-------------+------------+--------+--------+------------+-----------------+
; ACload      ; Clock      ; 11.442 ; 11.389 ; Rise       ; Clock           ;
; ALUSEL[*]   ; Clock      ; 13.140 ; 13.036 ; Rise       ; Clock           ;
;  ALUSEL[0]  ; Clock      ; 13.140 ; 13.036 ; Rise       ; Clock           ;
; AR_IN[*]    ; Clock      ; 12.032 ; 12.005 ; Rise       ; Clock           ;
;  AR_IN[0]   ; Clock      ; 12.405 ; 12.165 ; Rise       ; Clock           ;
;  AR_IN[1]   ; Clock      ; 12.964 ; 12.731 ; Rise       ; Clock           ;
;  AR_IN[2]   ; Clock      ; 12.032 ; 12.005 ; Rise       ; Clock           ;
;  AR_IN[3]   ; Clock      ; 12.348 ; 12.292 ; Rise       ; Clock           ;
;  AR_IN[4]   ; Clock      ; 12.962 ; 12.867 ; Rise       ; Clock           ;
;  AR_IN[5]   ; Clock      ; 13.617 ; 13.609 ; Rise       ; Clock           ;
;  AR_IN[6]   ; Clock      ; 12.685 ; 12.466 ; Rise       ; Clock           ;
;  AR_IN[7]   ; Clock      ; 12.893 ; 12.735 ; Rise       ; Clock           ;
; ARload      ; Clock      ; 10.959 ; 10.787 ; Rise       ; Clock           ;
; BUS_AC      ; Clock      ; 11.558 ; 11.428 ; Rise       ; Clock           ;
; BUS_ALU     ; Clock      ; 11.197 ; 11.076 ; Rise       ; Clock           ;
; BUS_DR      ; Clock      ; 11.946 ; 11.875 ; Rise       ; Clock           ;
; BUS_MEM     ; Clock      ; 12.665 ; 12.479 ; Rise       ; Clock           ;
; BUS_PC      ; Clock      ; 11.345 ; 11.236 ; Rise       ; Clock           ;
; CPUclk      ; Clock      ; 7.412  ; 7.561  ; Rise       ; Clock           ;
; DRload      ; Clock      ; 11.519 ; 11.392 ; Rise       ; Clock           ;
; IRload      ; Clock      ; 11.819 ; 11.753 ; Rise       ; Clock           ;
; MEM_OUT[*]  ; Clock      ; 10.203 ; 10.103 ; Rise       ; Clock           ;
;  MEM_OUT[0] ; Clock      ; 11.724 ; 11.777 ; Rise       ; Clock           ;
;  MEM_OUT[1] ; Clock      ; 10.490 ; 10.355 ; Rise       ; Clock           ;
;  MEM_OUT[2] ; Clock      ; 10.832 ; 10.689 ; Rise       ; Clock           ;
;  MEM_OUT[3] ; Clock      ; 10.534 ; 10.407 ; Rise       ; Clock           ;
;  MEM_OUT[4] ; Clock      ; 10.398 ; 10.311 ; Rise       ; Clock           ;
;  MEM_OUT[5] ; Clock      ; 10.547 ; 10.418 ; Rise       ; Clock           ;
;  MEM_OUT[6] ; Clock      ; 10.203 ; 10.103 ; Rise       ; Clock           ;
;  MEM_OUT[7] ; Clock      ; 11.401 ; 11.238 ; Rise       ; Clock           ;
; MainBus[*]  ; Clock      ; 12.348 ; 12.165 ; Rise       ; Clock           ;
;  MainBus[0] ; Clock      ; 12.405 ; 12.165 ; Rise       ; Clock           ;
;  MainBus[1] ; Clock      ; 12.954 ; 12.721 ; Rise       ; Clock           ;
;  MainBus[2] ; Clock      ; 13.374 ; 13.451 ; Rise       ; Clock           ;
;  MainBus[3] ; Clock      ; 12.348 ; 12.292 ; Rise       ; Clock           ;
;  MainBus[4] ; Clock      ; 12.932 ; 12.837 ; Rise       ; Clock           ;
;  MainBus[5] ; Clock      ; 13.166 ; 13.207 ; Rise       ; Clock           ;
;  MainBus[6] ; Clock      ; 12.685 ; 12.466 ; Rise       ; Clock           ;
;  MainBus[7] ; Clock      ; 12.893 ; 12.735 ; Rise       ; Clock           ;
; MemRead     ; Clock      ; 12.655 ; 12.469 ; Rise       ; Clock           ;
; MemWrite    ; Clock      ; 12.149 ; 12.153 ; Rise       ; Clock           ;
; MuxOut[*]   ; Clock      ; 7.718  ; 7.682  ; Rise       ; Clock           ;
;  MuxOut[0]  ; Clock      ; 10.084 ; 9.948  ; Rise       ; Clock           ;
;  MuxOut[1]  ; Clock      ; 8.296  ; 8.198  ; Rise       ; Clock           ;
;  MuxOut[2]  ; Clock      ; 8.405  ; 8.388  ; Rise       ; Clock           ;
;  MuxOut[3]  ; Clock      ; 7.718  ; 7.682  ; Rise       ; Clock           ;
;  MuxOut[4]  ; Clock      ; 9.016  ; 8.879  ; Rise       ; Clock           ;
; PCinc       ; Clock      ; 11.568 ; 11.406 ; Rise       ; Clock           ;
; PCloadAR    ; Clock      ; 12.718 ; 12.668 ; Rise       ; Clock           ;
; PCloadZ     ; Clock      ; 12.307 ; 12.285 ; Rise       ; Clock           ;
; Zload       ; Clock      ; 13.150 ; 13.046 ; Rise       ; Clock           ;
; AC_OUT[*]   ; Clock      ; 10.372 ; 10.325 ; Fall       ; Clock           ;
;  AC_OUT[0]  ; Clock      ; 11.074 ; 11.054 ; Fall       ; Clock           ;
;  AC_OUT[1]  ; Clock      ; 10.603 ; 10.539 ; Fall       ; Clock           ;
;  AC_OUT[2]  ; Clock      ; 11.260 ; 11.229 ; Fall       ; Clock           ;
;  AC_OUT[3]  ; Clock      ; 11.193 ; 11.094 ; Fall       ; Clock           ;
;  AC_OUT[4]  ; Clock      ; 10.372 ; 10.325 ; Fall       ; Clock           ;
;  AC_OUT[5]  ; Clock      ; 11.465 ; 11.530 ; Fall       ; Clock           ;
;  AC_OUT[6]  ; Clock      ; 11.731 ; 11.674 ; Fall       ; Clock           ;
;  AC_OUT[7]  ; Clock      ; 11.144 ; 11.132 ; Fall       ; Clock           ;
; AR_IN[*]    ; Clock      ; 12.215 ; 12.212 ; Fall       ; Clock           ;
;  AR_IN[0]   ; Clock      ; 12.782 ; 12.556 ; Fall       ; Clock           ;
;  AR_IN[1]   ; Clock      ; 13.393 ; 13.164 ; Fall       ; Clock           ;
;  AR_IN[2]   ; Clock      ; 12.462 ; 12.405 ; Fall       ; Clock           ;
;  AR_IN[3]   ; Clock      ; 12.215 ; 12.212 ; Fall       ; Clock           ;
;  AR_IN[4]   ; Clock      ; 13.046 ; 12.878 ; Fall       ; Clock           ;
;  AR_IN[5]   ; Clock      ; 14.102 ; 14.083 ; Fall       ; Clock           ;
;  AR_IN[6]   ; Clock      ; 12.550 ; 12.349 ; Fall       ; Clock           ;
;  AR_IN[7]   ; Clock      ; 13.304 ; 13.203 ; Fall       ; Clock           ;
; AR_OUT[*]   ; Clock      ; 10.343 ; 10.294 ; Fall       ; Clock           ;
;  AR_OUT[0]  ; Clock      ; 10.343 ; 10.294 ; Fall       ; Clock           ;
;  AR_OUT[1]  ; Clock      ; 11.109 ; 11.073 ; Fall       ; Clock           ;
;  AR_OUT[2]  ; Clock      ; 11.021 ; 11.027 ; Fall       ; Clock           ;
;  AR_OUT[3]  ; Clock      ; 12.432 ; 12.517 ; Fall       ; Clock           ;
;  AR_OUT[4]  ; Clock      ; 11.140 ; 11.040 ; Fall       ; Clock           ;
; CPUclk      ; Clock      ; 7.412  ; 7.561  ; Fall       ; Clock           ;
; DR_OUT[*]   ; Clock      ; 10.591 ; 10.516 ; Fall       ; Clock           ;
;  DR_OUT[0]  ; Clock      ; 10.591 ; 10.516 ; Fall       ; Clock           ;
;  DR_OUT[1]  ; Clock      ; 12.090 ; 12.241 ; Fall       ; Clock           ;
;  DR_OUT[2]  ; Clock      ; 11.938 ; 11.938 ; Fall       ; Clock           ;
;  DR_OUT[3]  ; Clock      ; 11.645 ; 11.547 ; Fall       ; Clock           ;
;  DR_OUT[4]  ; Clock      ; 11.309 ; 11.259 ; Fall       ; Clock           ;
;  DR_OUT[5]  ; Clock      ; 11.264 ; 11.153 ; Fall       ; Clock           ;
;  DR_OUT[6]  ; Clock      ; 11.467 ; 11.337 ; Fall       ; Clock           ;
;  DR_OUT[7]  ; Clock      ; 11.512 ; 11.371 ; Fall       ; Clock           ;
; IR_OUT[*]   ; Clock      ; 10.423 ; 10.355 ; Fall       ; Clock           ;
;  IR_OUT[0]  ; Clock      ; 10.838 ; 10.821 ; Fall       ; Clock           ;
;  IR_OUT[1]  ; Clock      ; 10.423 ; 10.355 ; Fall       ; Clock           ;
;  IR_OUT[2]  ; Clock      ; 10.479 ; 10.426 ; Fall       ; Clock           ;
; MDenable    ; Clock      ; 10.480 ; 10.652 ; Fall       ; Clock           ;
; MainBus[*]  ; Clock      ; 12.215 ; 12.212 ; Fall       ; Clock           ;
;  MainBus[0] ; Clock      ; 12.782 ; 12.556 ; Fall       ; Clock           ;
;  MainBus[1] ; Clock      ; 13.383 ; 13.154 ; Fall       ; Clock           ;
;  MainBus[2] ; Clock      ; 13.804 ; 13.851 ; Fall       ; Clock           ;
;  MainBus[3] ; Clock      ; 12.215 ; 12.212 ; Fall       ; Clock           ;
;  MainBus[4] ; Clock      ; 13.016 ; 12.848 ; Fall       ; Clock           ;
;  MainBus[5] ; Clock      ; 13.651 ; 13.681 ; Fall       ; Clock           ;
;  MainBus[6] ; Clock      ; 12.550 ; 12.349 ; Fall       ; Clock           ;
;  MainBus[7] ; Clock      ; 13.304 ; 13.203 ; Fall       ; Clock           ;
; MuxOut[*]   ; Clock      ; 10.287 ; 10.208 ; Fall       ; Clock           ;
;  MuxOut[0]  ; Clock      ; 13.254 ; 13.066 ; Fall       ; Clock           ;
;  MuxOut[1]  ; Clock      ; 11.183 ; 11.126 ; Fall       ; Clock           ;
;  MuxOut[2]  ; Clock      ; 11.077 ; 11.112 ; Fall       ; Clock           ;
;  MuxOut[3]  ; Clock      ; 10.287 ; 10.208 ; Fall       ; Clock           ;
;  MuxOut[4]  ; Clock      ; 11.277 ; 11.227 ; Fall       ; Clock           ;
; PC_OUT[*]   ; Clock      ; 10.225 ; 10.193 ; Fall       ; Clock           ;
;  PC_OUT[0]  ; Clock      ; 10.574 ; 10.575 ; Fall       ; Clock           ;
;  PC_OUT[1]  ; Clock      ; 11.486 ; 11.444 ; Fall       ; Clock           ;
;  PC_OUT[2]  ; Clock      ; 10.492 ; 10.432 ; Fall       ; Clock           ;
;  PC_OUT[3]  ; Clock      ; 11.367 ; 11.302 ; Fall       ; Clock           ;
;  PC_OUT[4]  ; Clock      ; 10.225 ; 10.193 ; Fall       ; Clock           ;
;  PC_OUT[5]  ; Clock      ; 11.401 ; 11.300 ; Fall       ; Clock           ;
;  PC_OUT[6]  ; Clock      ; 10.669 ; 10.621 ; Fall       ; Clock           ;
;  PC_OUT[7]  ; Clock      ; 10.912 ; 10.824 ; Fall       ; Clock           ;
; Zflag       ; Clock      ; 10.720 ; 10.630 ; Fall       ; Clock           ;
+-------------+------------+--------+--------+------------+-----------------+


+---------------------------------------------------------------------------+
; Output Enable Times                                                       ;
+-------------+------------+--------+--------+------------+-----------------+
; Data Port   ; Clock Port ; Rise   ; Fall   ; Clock Edge ; Clock Reference ;
+-------------+------------+--------+--------+------------+-----------------+
; AR_IN[*]    ; Clock      ; 15.669 ; 15.572 ; Rise       ; Clock           ;
;  AR_IN[0]   ; Clock      ; 15.669 ; 15.572 ; Rise       ; Clock           ;
;  AR_IN[1]   ; Clock      ; 16.223 ; 16.126 ; Rise       ; Clock           ;
;  AR_IN[2]   ; Clock      ; 16.245 ; 16.148 ; Rise       ; Clock           ;
;  AR_IN[3]   ; Clock      ; 16.223 ; 16.126 ; Rise       ; Clock           ;
;  AR_IN[4]   ; Clock      ; 16.245 ; 16.148 ; Rise       ; Clock           ;
;  AR_IN[5]   ; Clock      ; 16.048 ; 15.951 ; Rise       ; Clock           ;
;  AR_IN[6]   ; Clock      ; 15.690 ; 15.593 ; Rise       ; Clock           ;
;  AR_IN[7]   ; Clock      ; 15.980 ; 15.883 ; Rise       ; Clock           ;
; MainBus[*]  ; Clock      ; 15.669 ; 15.572 ; Rise       ; Clock           ;
;  MainBus[0] ; Clock      ; 15.669 ; 15.572 ; Rise       ; Clock           ;
;  MainBus[1] ; Clock      ; 16.223 ; 16.126 ; Rise       ; Clock           ;
;  MainBus[2] ; Clock      ; 17.606 ; 17.610 ; Rise       ; Clock           ;
;  MainBus[3] ; Clock      ; 16.223 ; 16.126 ; Rise       ; Clock           ;
;  MainBus[4] ; Clock      ; 16.245 ; 16.148 ; Rise       ; Clock           ;
;  MainBus[5] ; Clock      ; 16.048 ; 15.951 ; Rise       ; Clock           ;
;  MainBus[6] ; Clock      ; 15.690 ; 15.593 ; Rise       ; Clock           ;
;  MainBus[7] ; Clock      ; 15.980 ; 15.883 ; Rise       ; Clock           ;
+-------------+------------+--------+--------+------------+-----------------+


+---------------------------------------------------------------------------+
; Minimum Output Enable Times                                               ;
+-------------+------------+--------+--------+------------+-----------------+
; Data Port   ; Clock Port ; Rise   ; Fall   ; Clock Edge ; Clock Reference ;
+-------------+------------+--------+--------+------------+-----------------+
; AR_IN[*]    ; Clock      ; 13.431 ; 13.334 ; Rise       ; Clock           ;
;  AR_IN[0]   ; Clock      ; 13.431 ; 13.334 ; Rise       ; Clock           ;
;  AR_IN[1]   ; Clock      ; 13.963 ; 13.866 ; Rise       ; Clock           ;
;  AR_IN[2]   ; Clock      ; 13.985 ; 13.888 ; Rise       ; Clock           ;
;  AR_IN[3]   ; Clock      ; 13.963 ; 13.866 ; Rise       ; Clock           ;
;  AR_IN[4]   ; Clock      ; 13.985 ; 13.888 ; Rise       ; Clock           ;
;  AR_IN[5]   ; Clock      ; 13.796 ; 13.699 ; Rise       ; Clock           ;
;  AR_IN[6]   ; Clock      ; 13.452 ; 13.355 ; Rise       ; Clock           ;
;  AR_IN[7]   ; Clock      ; 13.730 ; 13.633 ; Rise       ; Clock           ;
; MainBus[*]  ; Clock      ; 13.431 ; 13.334 ; Rise       ; Clock           ;
;  MainBus[0] ; Clock      ; 13.431 ; 13.334 ; Rise       ; Clock           ;
;  MainBus[1] ; Clock      ; 13.963 ; 13.866 ; Rise       ; Clock           ;
;  MainBus[2] ; Clock      ; 15.346 ; 15.350 ; Rise       ; Clock           ;
;  MainBus[3] ; Clock      ; 13.963 ; 13.866 ; Rise       ; Clock           ;
;  MainBus[4] ; Clock      ; 13.985 ; 13.888 ; Rise       ; Clock           ;
;  MainBus[5] ; Clock      ; 13.796 ; 13.699 ; Rise       ; Clock           ;
;  MainBus[6] ; Clock      ; 13.452 ; 13.355 ; Rise       ; Clock           ;
;  MainBus[7] ; Clock      ; 13.730 ; 13.633 ; Rise       ; Clock           ;
+-------------+------------+--------+--------+------------+-----------------+


+---------------------------------------------------------------------------------+
; Output Disable Times                                                            ;
+-------------+------------+-----------+-----------+------------+-----------------+
; Data Port   ; Clock Port ; 0 to Hi-Z ; 1 to Hi-Z ; Clock Edge ; Clock Reference ;
+-------------+------------+-----------+-----------+------------+-----------------+
; AR_IN[*]    ; Clock      ; 15.341    ; 15.438    ; Rise       ; Clock           ;
;  AR_IN[0]   ; Clock      ; 15.341    ; 15.438    ; Rise       ; Clock           ;
;  AR_IN[1]   ; Clock      ; 15.872    ; 15.969    ; Rise       ; Clock           ;
;  AR_IN[2]   ; Clock      ; 15.898    ; 15.995    ; Rise       ; Clock           ;
;  AR_IN[3]   ; Clock      ; 15.872    ; 15.969    ; Rise       ; Clock           ;
;  AR_IN[4]   ; Clock      ; 15.898    ; 15.995    ; Rise       ; Clock           ;
;  AR_IN[5]   ; Clock      ; 15.986    ; 16.083    ; Rise       ; Clock           ;
;  AR_IN[6]   ; Clock      ; 15.358    ; 15.455    ; Rise       ; Clock           ;
;  AR_IN[7]   ; Clock      ; 15.644    ; 15.741    ; Rise       ; Clock           ;
; MainBus[*]  ; Clock      ; 15.341    ; 15.438    ; Rise       ; Clock           ;
;  MainBus[0] ; Clock      ; 15.341    ; 15.438    ; Rise       ; Clock           ;
;  MainBus[1] ; Clock      ; 15.872    ; 15.969    ; Rise       ; Clock           ;
;  MainBus[2] ; Clock      ; 17.360    ; 17.356    ; Rise       ; Clock           ;
;  MainBus[3] ; Clock      ; 15.872    ; 15.969    ; Rise       ; Clock           ;
;  MainBus[4] ; Clock      ; 15.898    ; 15.995    ; Rise       ; Clock           ;
;  MainBus[5] ; Clock      ; 15.986    ; 16.083    ; Rise       ; Clock           ;
;  MainBus[6] ; Clock      ; 15.358    ; 15.455    ; Rise       ; Clock           ;
;  MainBus[7] ; Clock      ; 15.644    ; 15.741    ; Rise       ; Clock           ;
+-------------+------------+-----------+-----------+------------+-----------------+


+---------------------------------------------------------------------------------+
; Minimum Output Disable Times                                                    ;
+-------------+------------+-----------+-----------+------------+-----------------+
; Data Port   ; Clock Port ; 0 to Hi-Z ; 1 to Hi-Z ; Clock Edge ; Clock Reference ;
+-------------+------------+-----------+-----------+------------+-----------------+
; AR_IN[*]    ; Clock      ; 13.230    ; 13.327    ; Rise       ; Clock           ;
;  AR_IN[0]   ; Clock      ; 13.230    ; 13.327    ; Rise       ; Clock           ;
;  AR_IN[1]   ; Clock      ; 13.739    ; 13.836    ; Rise       ; Clock           ;
;  AR_IN[2]   ; Clock      ; 13.764    ; 13.861    ; Rise       ; Clock           ;
;  AR_IN[3]   ; Clock      ; 13.739    ; 13.836    ; Rise       ; Clock           ;
;  AR_IN[4]   ; Clock      ; 13.764    ; 13.861    ; Rise       ; Clock           ;
;  AR_IN[5]   ; Clock      ; 13.848    ; 13.945    ; Rise       ; Clock           ;
;  AR_IN[6]   ; Clock      ; 13.246    ; 13.343    ; Rise       ; Clock           ;
;  AR_IN[7]   ; Clock      ; 13.521    ; 13.618    ; Rise       ; Clock           ;
; MainBus[*]  ; Clock      ; 13.230    ; 13.327    ; Rise       ; Clock           ;
;  MainBus[0] ; Clock      ; 13.230    ; 13.327    ; Rise       ; Clock           ;
;  MainBus[1] ; Clock      ; 13.739    ; 13.836    ; Rise       ; Clock           ;
;  MainBus[2] ; Clock      ; 15.226    ; 15.222    ; Rise       ; Clock           ;
;  MainBus[3] ; Clock      ; 13.739    ; 13.836    ; Rise       ; Clock           ;
;  MainBus[4] ; Clock      ; 13.764    ; 13.861    ; Rise       ; Clock           ;
;  MainBus[5] ; Clock      ; 13.848    ; 13.945    ; Rise       ; Clock           ;
;  MainBus[6] ; Clock      ; 13.246    ; 13.343    ; Rise       ; Clock           ;
;  MainBus[7] ; Clock      ; 13.521    ; 13.618    ; Rise       ; Clock           ;
+-------------+------------+-----------+-----------+------------+-----------------+


----------------------------------------------
; Slow 1200mV 85C Model Metastability Report ;
----------------------------------------------
No synchronizer chains to report.


+-------------------------------------------------+
; Slow 1200mV 0C Model Fmax Summary               ;
+-----------+-----------------+------------+------+
; Fmax      ; Restricted Fmax ; Clock Name ; Note ;
+-----------+-----------------+------------+------+
; 72.07 MHz ; 72.07 MHz       ; Clock      ;      ;
+-----------+-----------------+------------+------+
This panel reports FMAX for every clock in the design, regardless of the user-specified clock periods.  FMAX is only computed for paths where the source and destination registers or ports are driven by the same clock.  Paths of different clocks, including generated clocks, are ignored.  For paths between a clock and its inversion, FMAX is computed as if the rising and falling edges are scaled along with FMAX, such that the duty cycle (in terms of a percentage) is maintained. Altera recommends that you always use clock constraints and other slack reports for sign-off analysis.


+------------------------------------+
; Slow 1200mV 0C Model Setup Summary ;
+-------+--------+-------------------+
; Clock ; Slack  ; End Point TNS     ;
+-------+--------+-------------------+
; Clock ; -7.895 ; -209.309          ;
+-------+--------+-------------------+


+-----------------------------------+
; Slow 1200mV 0C Model Hold Summary ;
+-------+-------+-------------------+
; Clock ; Slack ; End Point TNS     ;
+-------+-------+-------------------+
; Clock ; 0.354 ; 0.000             ;
+-------+-------+-------------------+


-----------------------------------------
; Slow 1200mV 0C Model Recovery Summary ;
-----------------------------------------
No paths to report.


----------------------------------------
; Slow 1200mV 0C Model Removal Summary ;
----------------------------------------
No paths to report.


+--------------------------------------------------+
; Slow 1200mV 0C Model Minimum Pulse Width Summary ;
+-------+--------+---------------------------------+
; Clock ; Slack  ; End Point TNS                   ;
+-------+--------+---------------------------------+
; Clock ; -3.000 ; -68.851                         ;
+-------+--------+---------------------------------+


+-------------------------------------------------------------------------------------------------------------------------------------------------------------------------------------------------------------------------------+
; Slow 1200mV 0C Model Setup: 'Clock'                                                                                                                                                                                           ;
+--------+----------------------------+-------------------------------------------------------------------------------------------------------------------+--------------+-------------+--------------+------------+------------+
; Slack  ; From Node                  ; To Node                                                                                                           ; Launch Clock ; Latch Clock ; Relationship ; Clock Skew ; Data Delay ;
+--------+----------------------------+-------------------------------------------------------------------------------------------------------------------+--------------+-------------+--------------+------------+------------+
; -7.895 ; map_logic:inst|map_addr[4] ; MainMainBlock:inst3|altsyncram:altsyncram_component|altsyncram_nsi1:auto_generated|ram_block1a0~porta_datain_reg0 ; Clock        ; Clock       ; 1.000        ; -3.227     ; 5.698      ;
; -7.770 ; map_logic:inst|map_addr[1] ; MainMainBlock:inst3|altsyncram:altsyncram_component|altsyncram_nsi1:auto_generated|ram_block1a0~porta_datain_reg0 ; Clock        ; Clock       ; 1.000        ; -3.227     ; 5.573      ;
; -7.676 ; map_logic:inst|map_addr[2] ; MainMainBlock:inst3|altsyncram:altsyncram_component|altsyncram_nsi1:auto_generated|ram_block1a0~porta_datain_reg0 ; Clock        ; Clock       ; 1.000        ; -3.227     ; 5.479      ;
; -7.617 ; map_logic:inst|map_addr[3] ; MainMainBlock:inst3|altsyncram:altsyncram_component|altsyncram_nsi1:auto_generated|ram_block1a0~porta_datain_reg0 ; Clock        ; Clock       ; 1.000        ; -3.227     ; 5.420      ;
; -7.159 ; map_logic:inst|map_addr[0] ; MainMainBlock:inst3|altsyncram:altsyncram_component|altsyncram_nsi1:auto_generated|ram_block1a0~porta_datain_reg0 ; Clock        ; Clock       ; 1.000        ; -3.227     ; 4.962      ;
; -6.438 ; reg8:DR|q[3]               ; MainMainBlock:inst3|altsyncram:altsyncram_component|altsyncram_nsi1:auto_generated|ram_block1a0~porta_datain_reg0 ; Clock        ; Clock       ; 0.500        ; -2.982     ; 3.986      ;
; -6.407 ; reg8:DR|q[2]               ; MainMainBlock:inst3|altsyncram:altsyncram_component|altsyncram_nsi1:auto_generated|ram_block1a0~porta_datain_reg0 ; Clock        ; Clock       ; 0.500        ; -2.976     ; 3.961      ;
; -6.390 ; reg8:DR|q[0]               ; MainMainBlock:inst3|altsyncram:altsyncram_component|altsyncram_nsi1:auto_generated|ram_block1a0~porta_datain_reg0 ; Clock        ; Clock       ; 0.500        ; -2.976     ; 3.944      ;
; -6.106 ; reg8:DR|q[5]               ; MainMainBlock:inst3|altsyncram:altsyncram_component|altsyncram_nsi1:auto_generated|ram_block1a0~porta_datain_reg0 ; Clock        ; Clock       ; 0.500        ; -2.975     ; 3.661      ;
; -6.083 ; reg8:DR|q[1]               ; MainMainBlock:inst3|altsyncram:altsyncram_component|altsyncram_nsi1:auto_generated|ram_block1a0~porta_datain_reg0 ; Clock        ; Clock       ; 0.500        ; -2.976     ; 3.637      ;
; -5.989 ; reg8:AC|q[2]               ; MainMainBlock:inst3|altsyncram:altsyncram_component|altsyncram_nsi1:auto_generated|ram_block1a0~porta_datain_reg0 ; Clock        ; Clock       ; 0.500        ; -2.976     ; 3.543      ;
; -5.972 ; reg8:AC|q[0]               ; MainMainBlock:inst3|altsyncram:altsyncram_component|altsyncram_nsi1:auto_generated|ram_block1a0~porta_datain_reg0 ; Clock        ; Clock       ; 0.500        ; -2.976     ; 3.526      ;
; -5.970 ; reg8:DR|q[7]               ; MainMainBlock:inst3|altsyncram:altsyncram_component|altsyncram_nsi1:auto_generated|ram_block1a0~porta_datain_reg0 ; Clock        ; Clock       ; 0.500        ; -2.975     ; 3.525      ;
; -5.963 ; reg8:DR|q[4]               ; MainMainBlock:inst3|altsyncram:altsyncram_component|altsyncram_nsi1:auto_generated|ram_block1a0~porta_datain_reg0 ; Clock        ; Clock       ; 0.500        ; -2.976     ; 3.517      ;
; -5.896 ; reg8:AC|q[1]               ; MainMainBlock:inst3|altsyncram:altsyncram_component|altsyncram_nsi1:auto_generated|ram_block1a0~porta_datain_reg0 ; Clock        ; Clock       ; 0.500        ; -2.976     ; 3.450      ;
; -5.876 ; map_logic:inst|map_addr[4] ; reg8:AC|q[3]                                                                                                      ; Clock        ; Clock       ; 0.500        ; -0.374     ; 6.001      ;
; -5.751 ; map_logic:inst|map_addr[1] ; reg8:AC|q[3]                                                                                                      ; Clock        ; Clock       ; 0.500        ; -0.374     ; 5.876      ;
; -5.745 ; map_logic:inst|map_addr[4] ; reg8:DR|q[1]                                                                                                      ; Clock        ; Clock       ; 0.500        ; -0.374     ; 5.870      ;
; -5.745 ; map_logic:inst|map_addr[4] ; reg8:AC|q[1]                                                                                                      ; Clock        ; Clock       ; 0.500        ; -0.374     ; 5.870      ;
; -5.709 ; reg8:AC|q[3]               ; MainMainBlock:inst3|altsyncram:altsyncram_component|altsyncram_nsi1:auto_generated|ram_block1a0~porta_datain_reg0 ; Clock        ; Clock       ; 0.500        ; -2.976     ; 3.263      ;
; -5.671 ; reg8:DR|q[6]               ; MainMainBlock:inst3|altsyncram:altsyncram_component|altsyncram_nsi1:auto_generated|ram_block1a0~porta_datain_reg0 ; Clock        ; Clock       ; 0.500        ; -2.975     ; 3.226      ;
; -5.657 ; map_logic:inst|map_addr[2] ; reg8:AC|q[3]                                                                                                      ; Clock        ; Clock       ; 0.500        ; -0.374     ; 5.782      ;
; -5.640 ; map_logic:inst|map_addr[4] ; reg8:DR|q[5]                                                                                                      ; Clock        ; Clock       ; 0.500        ; -0.375     ; 5.764      ;
; -5.636 ; reg8:AC|q[5]               ; MainMainBlock:inst3|altsyncram:altsyncram_component|altsyncram_nsi1:auto_generated|ram_block1a0~porta_datain_reg0 ; Clock        ; Clock       ; 0.500        ; -2.977     ; 3.189      ;
; -5.620 ; map_logic:inst|map_addr[1] ; reg8:DR|q[1]                                                                                                      ; Clock        ; Clock       ; 0.500        ; -0.374     ; 5.745      ;
; -5.620 ; map_logic:inst|map_addr[1] ; reg8:AC|q[1]                                                                                                      ; Clock        ; Clock       ; 0.500        ; -0.374     ; 5.745      ;
; -5.601 ; map_logic:inst|map_addr[4] ; reg8:AC|q[5]                                                                                                      ; Clock        ; Clock       ; 0.500        ; -0.374     ; 5.726      ;
; -5.598 ; map_logic:inst|map_addr[3] ; reg8:AC|q[3]                                                                                                      ; Clock        ; Clock       ; 0.500        ; -0.374     ; 5.723      ;
; -5.592 ; reg8:AC|q[4]               ; MainMainBlock:inst3|altsyncram:altsyncram_component|altsyncram_nsi1:auto_generated|ram_block1a0~porta_datain_reg0 ; Clock        ; Clock       ; 0.500        ; -2.976     ; 3.146      ;
; -5.580 ; PCreg8:inst27|q[1]         ; MainMainBlock:inst3|altsyncram:altsyncram_component|altsyncram_nsi1:auto_generated|ram_block1a0~porta_datain_reg0 ; Clock        ; Clock       ; 0.500        ; -2.975     ; 3.135      ;
; -5.569 ; reg8:AC|q[6]               ; MainMainBlock:inst3|altsyncram:altsyncram_component|altsyncram_nsi1:auto_generated|ram_block1a0~porta_datain_reg0 ; Clock        ; Clock       ; 0.500        ; -2.975     ; 3.124      ;
; -5.553 ; map_logic:inst|map_addr[4] ; ALUTest:inst12|Zflag                                                                                              ; Clock        ; Clock       ; 0.500        ; -0.368     ; 5.684      ;
; -5.526 ; map_logic:inst|map_addr[2] ; reg8:DR|q[1]                                                                                                      ; Clock        ; Clock       ; 0.500        ; -0.374     ; 5.651      ;
; -5.526 ; map_logic:inst|map_addr[2] ; reg8:AC|q[1]                                                                                                      ; Clock        ; Clock       ; 0.500        ; -0.374     ; 5.651      ;
; -5.515 ; map_logic:inst|map_addr[1] ; reg8:DR|q[5]                                                                                                      ; Clock        ; Clock       ; 0.500        ; -0.375     ; 5.639      ;
; -5.476 ; map_logic:inst|map_addr[3] ; MainMainBlock:inst3|altsyncram:altsyncram_component|altsyncram_nsi1:auto_generated|ram_block1a0~porta_we_reg      ; Clock        ; Clock       ; 1.000        ; -3.232     ; 3.274      ;
; -5.476 ; map_logic:inst|map_addr[1] ; reg8:AC|q[5]                                                                                                      ; Clock        ; Clock       ; 0.500        ; -0.374     ; 5.601      ;
; -5.467 ; map_logic:inst|map_addr[3] ; reg8:DR|q[1]                                                                                                      ; Clock        ; Clock       ; 0.500        ; -0.374     ; 5.592      ;
; -5.467 ; map_logic:inst|map_addr[3] ; reg8:AC|q[1]                                                                                                      ; Clock        ; Clock       ; 0.500        ; -0.374     ; 5.592      ;
; -5.459 ; map_logic:inst|map_addr[4] ; reg8:AC|q[4]                                                                                                      ; Clock        ; Clock       ; 0.500        ; -0.374     ; 5.584      ;
; -5.458 ; map_logic:inst|map_addr[4] ; reg8:DR|q[4]                                                                                                      ; Clock        ; Clock       ; 0.500        ; -0.374     ; 5.583      ;
; -5.457 ; map_logic:inst|map_addr[4] ; MainMainBlock:inst3|altsyncram:altsyncram_component|altsyncram_nsi1:auto_generated|ram_block1a0~porta_we_reg      ; Clock        ; Clock       ; 1.000        ; -3.232     ; 3.255      ;
; -5.429 ; map_logic:inst|map_addr[4] ; reg8:DR|q[3]                                                                                                      ; Clock        ; Clock       ; 0.500        ; -0.369     ; 5.559      ;
; -5.429 ; map_logic:inst|map_addr[4] ; ARreg8:inst2|q[3]                                                                                                 ; Clock        ; Clock       ; 0.500        ; -0.369     ; 5.559      ;
; -5.421 ; map_logic:inst|map_addr[2] ; reg8:DR|q[5]                                                                                                      ; Clock        ; Clock       ; 0.500        ; -0.375     ; 5.545      ;
; -5.407 ; map_logic:inst|map_addr[1] ; ALUTest:inst12|Zflag                                                                                              ; Clock        ; Clock       ; 0.500        ; -0.368     ; 5.538      ;
; -5.382 ; map_logic:inst|map_addr[2] ; reg8:AC|q[5]                                                                                                      ; Clock        ; Clock       ; 0.500        ; -0.374     ; 5.507      ;
; -5.362 ; map_logic:inst|map_addr[3] ; reg8:DR|q[5]                                                                                                      ; Clock        ; Clock       ; 0.500        ; -0.375     ; 5.486      ;
; -5.341 ; map_logic:inst|map_addr[4] ; reg8:AC|q[6]                                                                                                      ; Clock        ; Clock       ; 0.500        ; -0.375     ; 5.465      ;
; -5.340 ; map_logic:inst|map_addr[4] ; reg8:DR|q[6]                                                                                                      ; Clock        ; Clock       ; 0.500        ; -0.375     ; 5.464      ;
; -5.333 ; map_logic:inst|map_addr[4] ; reg8:DR|q[2]                                                                                                      ; Clock        ; Clock       ; 0.500        ; -0.374     ; 5.458      ;
; -5.333 ; map_logic:inst|map_addr[4] ; reg8:AC|q[2]                                                                                                      ; Clock        ; Clock       ; 0.500        ; -0.374     ; 5.458      ;
; -5.324 ; map_logic:inst|map_addr[0] ; MainMainBlock:inst3|altsyncram:altsyncram_component|altsyncram_nsi1:auto_generated|ram_block1a0~porta_re_reg      ; Clock        ; Clock       ; 1.000        ; -3.232     ; 3.122      ;
; -5.323 ; map_logic:inst|map_addr[3] ; reg8:AC|q[5]                                                                                                      ; Clock        ; Clock       ; 0.500        ; -0.374     ; 5.448      ;
; -5.323 ; map_logic:inst|map_addr[2] ; ALUTest:inst12|Zflag                                                                                              ; Clock        ; Clock       ; 0.500        ; -0.368     ; 5.454      ;
; -5.313 ; map_logic:inst|map_addr[1] ; reg8:AC|q[4]                                                                                                      ; Clock        ; Clock       ; 0.500        ; -0.374     ; 5.438      ;
; -5.312 ; map_logic:inst|map_addr[1] ; reg8:DR|q[4]                                                                                                      ; Clock        ; Clock       ; 0.500        ; -0.374     ; 5.437      ;
; -5.304 ; map_logic:inst|map_addr[1] ; reg8:DR|q[3]                                                                                                      ; Clock        ; Clock       ; 0.500        ; -0.369     ; 5.434      ;
; -5.304 ; map_logic:inst|map_addr[1] ; ARreg8:inst2|q[3]                                                                                                 ; Clock        ; Clock       ; 0.500        ; -0.369     ; 5.434      ;
; -5.302 ; map_logic:inst|map_addr[3] ; reg8:AC|q[4]                                                                                                      ; Clock        ; Clock       ; 0.500        ; -0.374     ; 5.427      ;
; -5.300 ; map_logic:inst|map_addr[3] ; reg8:DR|q[4]                                                                                                      ; Clock        ; Clock       ; 0.500        ; -0.374     ; 5.425      ;
; -5.291 ; map_logic:inst|map_addr[2] ; MainMainBlock:inst3|altsyncram:altsyncram_component|altsyncram_nsi1:auto_generated|ram_block1a0~porta_re_reg      ; Clock        ; Clock       ; 1.000        ; -3.232     ; 3.089      ;
; -5.288 ; map_logic:inst|map_addr[1] ; MainMainBlock:inst3|altsyncram:altsyncram_component|altsyncram_nsi1:auto_generated|ram_block1a0~porta_re_reg      ; Clock        ; Clock       ; 1.000        ; -3.232     ; 3.086      ;
; -5.277 ; map_logic:inst|map_addr[3] ; ALUTest:inst12|Zflag                                                                                              ; Clock        ; Clock       ; 0.500        ; -0.368     ; 5.408      ;
; -5.251 ; reg8:AC|q[7]               ; MainMainBlock:inst3|altsyncram:altsyncram_component|altsyncram_nsi1:auto_generated|ram_block1a0~porta_datain_reg0 ; Clock        ; Clock       ; 0.500        ; -2.975     ; 2.806      ;
; -5.229 ; map_logic:inst|map_addr[2] ; reg8:AC|q[4]                                                                                                      ; Clock        ; Clock       ; 0.500        ; -0.374     ; 5.354      ;
; -5.228 ; map_logic:inst|map_addr[2] ; reg8:DR|q[4]                                                                                                      ; Clock        ; Clock       ; 0.500        ; -0.374     ; 5.353      ;
; -5.226 ; IRreg3:inst13|q[0]         ; MainMainBlock:inst3|altsyncram:altsyncram_component|altsyncram_nsi1:auto_generated|ram_block1a0~porta_we_reg      ; Clock        ; Clock       ; 0.500        ; -2.988     ; 2.768      ;
; -5.215 ; PCreg8:inst27|q[3]         ; MainMainBlock:inst3|altsyncram:altsyncram_component|altsyncram_nsi1:auto_generated|ram_block1a0~porta_datain_reg0 ; Clock        ; Clock       ; 0.500        ; -2.975     ; 2.770      ;
; -5.210 ; map_logic:inst|map_addr[2] ; reg8:DR|q[3]                                                                                                      ; Clock        ; Clock       ; 0.500        ; -0.369     ; 5.340      ;
; -5.210 ; map_logic:inst|map_addr[2] ; ARreg8:inst2|q[3]                                                                                                 ; Clock        ; Clock       ; 0.500        ; -0.369     ; 5.340      ;
; -5.195 ; map_logic:inst|map_addr[1] ; reg8:AC|q[6]                                                                                                      ; Clock        ; Clock       ; 0.500        ; -0.375     ; 5.319      ;
; -5.194 ; map_logic:inst|map_addr[1] ; reg8:DR|q[6]                                                                                                      ; Clock        ; Clock       ; 0.500        ; -0.375     ; 5.318      ;
; -5.194 ; map_logic:inst|map_addr[1] ; reg8:DR|q[2]                                                                                                      ; Clock        ; Clock       ; 0.500        ; -0.374     ; 5.319      ;
; -5.194 ; map_logic:inst|map_addr[1] ; reg8:AC|q[2]                                                                                                      ; Clock        ; Clock       ; 0.500        ; -0.374     ; 5.319      ;
; -5.175 ; map_logic:inst|map_addr[3] ; reg8:DR|q[0]                                                                                                      ; Clock        ; Clock       ; 0.500        ; -0.374     ; 5.300      ;
; -5.174 ; map_logic:inst|map_addr[3] ; reg8:AC|q[0]                                                                                                      ; Clock        ; Clock       ; 0.500        ; -0.374     ; 5.299      ;
; -5.169 ; map_logic:inst|map_addr[3] ; reg8:DR|q[2]                                                                                                      ; Clock        ; Clock       ; 0.500        ; -0.374     ; 5.294      ;
; -5.169 ; map_logic:inst|map_addr[3] ; reg8:AC|q[2]                                                                                                      ; Clock        ; Clock       ; 0.500        ; -0.374     ; 5.294      ;
; -5.159 ; PCreg8:inst27|q[6]         ; MainMainBlock:inst3|altsyncram:altsyncram_component|altsyncram_nsi1:auto_generated|ram_block1a0~porta_datain_reg0 ; Clock        ; Clock       ; 0.500        ; -2.975     ; 2.714      ;
; -5.151 ; map_logic:inst|map_addr[3] ; reg8:DR|q[3]                                                                                                      ; Clock        ; Clock       ; 0.500        ; -0.369     ; 5.281      ;
; -5.151 ; map_logic:inst|map_addr[3] ; ARreg8:inst2|q[3]                                                                                                 ; Clock        ; Clock       ; 0.500        ; -0.369     ; 5.281      ;
; -5.147 ; PCreg8:inst27|q[7]         ; MainMainBlock:inst3|altsyncram:altsyncram_component|altsyncram_nsi1:auto_generated|ram_block1a0~porta_datain_reg0 ; Clock        ; Clock       ; 0.500        ; -2.975     ; 2.702      ;
; -5.146 ; PCreg8:inst27|q[2]         ; MainMainBlock:inst3|altsyncram:altsyncram_component|altsyncram_nsi1:auto_generated|ram_block1a0~porta_datain_reg0 ; Clock        ; Clock       ; 0.500        ; -2.975     ; 2.701      ;
; -5.145 ; map_logic:inst|map_addr[1] ; MainMainBlock:inst3|altsyncram:altsyncram_component|altsyncram_nsi1:auto_generated|ram_block1a0~porta_we_reg      ; Clock        ; Clock       ; 1.000        ; -3.232     ; 2.943      ;
; -5.140 ; map_logic:inst|map_addr[4] ; ARreg8:inst2|q[2]                                                                                                 ; Clock        ; Clock       ; 0.500        ; -0.374     ; 5.265      ;
; -5.140 ; map_logic:inst|map_addr[0] ; reg8:AC|q[3]                                                                                                      ; Clock        ; Clock       ; 0.500        ; -0.374     ; 5.265      ;
; -5.132 ; map_logic:inst|map_addr[1] ; reg8:DR|q[0]                                                                                                      ; Clock        ; Clock       ; 0.500        ; -0.374     ; 5.257      ;
; -5.131 ; map_logic:inst|map_addr[1] ; reg8:AC|q[0]                                                                                                      ; Clock        ; Clock       ; 0.500        ; -0.374     ; 5.256      ;
; -5.124 ; IRreg3:inst13|q[0]         ; MainMainBlock:inst3|altsyncram:altsyncram_component|altsyncram_nsi1:auto_generated|ram_block1a0~porta_re_reg      ; Clock        ; Clock       ; 0.500        ; -2.988     ; 2.666      ;
; -5.111 ; map_logic:inst|map_addr[2] ; reg8:AC|q[6]                                                                                                      ; Clock        ; Clock       ; 0.500        ; -0.375     ; 5.235      ;
; -5.110 ; map_logic:inst|map_addr[2] ; reg8:DR|q[6]                                                                                                      ; Clock        ; Clock       ; 0.500        ; -0.375     ; 5.234      ;
; -5.103 ; map_logic:inst|map_addr[2] ; reg8:DR|q[2]                                                                                                      ; Clock        ; Clock       ; 0.500        ; -0.374     ; 5.228      ;
; -5.103 ; map_logic:inst|map_addr[2] ; reg8:AC|q[2]                                                                                                      ; Clock        ; Clock       ; 0.500        ; -0.374     ; 5.228      ;
; -5.072 ; IRreg3:inst13|q[2]         ; MainMainBlock:inst3|altsyncram:altsyncram_component|altsyncram_nsi1:auto_generated|ram_block1a0~porta_we_reg      ; Clock        ; Clock       ; 0.500        ; -2.988     ; 2.614      ;
; -5.065 ; map_logic:inst|map_addr[3] ; reg8:AC|q[6]                                                                                                      ; Clock        ; Clock       ; 0.500        ; -0.375     ; 5.189      ;
; -5.064 ; map_logic:inst|map_addr[3] ; reg8:DR|q[6]                                                                                                      ; Clock        ; Clock       ; 0.500        ; -0.375     ; 5.188      ;
; -5.016 ; map_logic:inst|map_addr[4] ; reg8:DR|q[7]                                                                                                      ; Clock        ; Clock       ; 0.500        ; -0.375     ; 5.140      ;
; -5.015 ; map_logic:inst|map_addr[1] ; ARreg8:inst2|q[2]                                                                                                 ; Clock        ; Clock       ; 0.500        ; -0.374     ; 5.140      ;
; -5.014 ; map_logic:inst|map_addr[3] ; reg8:DR|q[7]                                                                                                      ; Clock        ; Clock       ; 0.500        ; -0.375     ; 5.138      ;
+--------+----------------------------+-------------------------------------------------------------------------------------------------------------------+--------------+-------------+--------------+------------+------------+


+-----------------------------------------------------------------------------------------------------------------------------------------------------------------------------------------------------------------------------------------------------------------------------------------------------------------+
; Slow 1200mV 0C Model Hold: 'Clock'                                                                                                                                                                                                                                                                              ;
+-------+--------------------------------------------------------------------------------------------------------------+--------------------------------------------------------------------------------------------------------------------+--------------+-------------+--------------+------------+------------+
; Slack ; From Node                                                                                                    ; To Node                                                                                                            ; Launch Clock ; Latch Clock ; Relationship ; Clock Skew ; Data Delay ;
+-------+--------------------------------------------------------------------------------------------------------------+--------------------------------------------------------------------------------------------------------------------+--------------+-------------+--------------+------------+------------+
; 0.354 ; map_logic:inst|map_addr[4]                                                                                   ; map_logic:inst|map_addr[4]                                                                                         ; Clock        ; Clock       ; 0.000        ; 0.072      ; 0.597      ;
; 0.354 ; ALUTest:inst12|Zflag                                                                                         ; ALUTest:inst12|Zflag                                                                                               ; Clock        ; Clock       ; 0.000        ; 0.072      ; 0.597      ;
; 0.556 ; map_logic:inst|map_addr[2]                                                                                   ; map_logic:inst|map_addr[0]                                                                                         ; Clock        ; Clock       ; 0.000        ; 0.072      ; 0.799      ;
; 0.603 ; MDcounter5:inst9|MDaddr[4]                                                                                   ; MDcounter5:inst9|MDaddr[4]                                                                                         ; Clock        ; Clock       ; 0.000        ; 0.072      ; 0.846      ;
; 0.603 ; PCreg8:inst27|q[1]                                                                                           ; PCreg8:inst27|q[1]                                                                                                 ; Clock        ; Clock       ; 0.000        ; 0.072      ; 0.846      ;
; 0.604 ; MDcounter5:inst9|MDaddr[1]                                                                                   ; MDcounter5:inst9|MDaddr[1]                                                                                         ; Clock        ; Clock       ; 0.000        ; 0.072      ; 0.847      ;
; 0.604 ; MDcounter5:inst9|MDaddr[3]                                                                                   ; MDcounter5:inst9|MDaddr[3]                                                                                         ; Clock        ; Clock       ; 0.000        ; 0.072      ; 0.847      ;
; 0.604 ; PCreg8:inst27|q[6]                                                                                           ; PCreg8:inst27|q[6]                                                                                                 ; Clock        ; Clock       ; 0.000        ; 0.072      ; 0.847      ;
; 0.605 ; PCreg8:inst27|q[2]                                                                                           ; PCreg8:inst27|q[2]                                                                                                 ; Clock        ; Clock       ; 0.000        ; 0.072      ; 0.848      ;
; 0.605 ; PCreg8:inst27|q[4]                                                                                           ; PCreg8:inst27|q[4]                                                                                                 ; Clock        ; Clock       ; 0.000        ; 0.072      ; 0.848      ;
; 0.606 ; MDcounter5:inst9|MDaddr[2]                                                                                   ; MDcounter5:inst9|MDaddr[2]                                                                                         ; Clock        ; Clock       ; 0.000        ; 0.072      ; 0.849      ;
; 0.618 ; PCreg8:inst27|q[5]                                                                                           ; PCreg8:inst27|q[5]                                                                                                 ; Clock        ; Clock       ; 0.000        ; 0.072      ; 0.861      ;
; 0.619 ; PCreg8:inst27|q[3]                                                                                           ; PCreg8:inst27|q[3]                                                                                                 ; Clock        ; Clock       ; 0.000        ; 0.072      ; 0.862      ;
; 0.619 ; PCreg8:inst27|q[7]                                                                                           ; PCreg8:inst27|q[7]                                                                                                 ; Clock        ; Clock       ; 0.000        ; 0.072      ; 0.862      ;
; 0.620 ; PCreg8:inst27|q[0]                                                                                           ; PCreg8:inst27|q[0]                                                                                                 ; Clock        ; Clock       ; 0.000        ; 0.072      ; 0.863      ;
; 0.627 ; MDcounter5:inst9|MDaddr[0]                                                                                   ; MDcounter5:inst9|MDaddr[0]                                                                                         ; Clock        ; Clock       ; 0.000        ; 0.072      ; 0.870      ;
; 0.678 ; map_logic:inst|map_addr[3]                                                                                   ; map_logic:inst|map_addr[0]                                                                                         ; Clock        ; Clock       ; 0.000        ; 0.072      ; 0.921      ;
; 0.685 ; map_logic:inst|map_addr[4]                                                                                   ; map_logic:inst|map_addr[1]                                                                                         ; Clock        ; Clock       ; 0.000        ; 0.072      ; 0.928      ;
; 0.833 ; map_logic:inst|map_addr[0]                                                                                   ; map_logic:inst|map_addr[2]                                                                                         ; Clock        ; Clock       ; 0.000        ; 0.072      ; 1.076      ;
; 0.890 ; PCreg8:inst27|q[1]                                                                                           ; PCreg8:inst27|q[2]                                                                                                 ; Clock        ; Clock       ; 0.000        ; 0.072      ; 1.133      ;
; 0.891 ; MDcounter5:inst9|MDaddr[3]                                                                                   ; MDcounter5:inst9|MDaddr[4]                                                                                         ; Clock        ; Clock       ; 0.000        ; 0.072      ; 1.134      ;
; 0.891 ; MDcounter5:inst9|MDaddr[1]                                                                                   ; MDcounter5:inst9|MDaddr[2]                                                                                         ; Clock        ; Clock       ; 0.000        ; 0.072      ; 1.134      ;
; 0.892 ; PCreg8:inst27|q[6]                                                                                           ; PCreg8:inst27|q[7]                                                                                                 ; Clock        ; Clock       ; 0.000        ; 0.072      ; 1.135      ;
; 0.893 ; map_logic:inst|map_addr[4]                                                                                   ; map_logic:inst|map_addr[3]                                                                                         ; Clock        ; Clock       ; 0.000        ; 0.072      ; 1.136      ;
; 0.893 ; PCreg8:inst27|q[0]                                                                                           ; PCreg8:inst27|q[1]                                                                                                 ; Clock        ; Clock       ; 0.000        ; 0.072      ; 1.136      ;
; 0.893 ; PCreg8:inst27|q[4]                                                                                           ; PCreg8:inst27|q[5]                                                                                                 ; Clock        ; Clock       ; 0.000        ; 0.072      ; 1.136      ;
; 0.893 ; PCreg8:inst27|q[2]                                                                                           ; PCreg8:inst27|q[3]                                                                                                 ; Clock        ; Clock       ; 0.000        ; 0.072      ; 1.136      ;
; 0.894 ; MDcounter5:inst9|MDaddr[0]                                                                                   ; MDcounter5:inst9|MDaddr[1]                                                                                         ; Clock        ; Clock       ; 0.000        ; 0.072      ; 1.137      ;
; 0.894 ; MDcounter5:inst9|MDaddr[2]                                                                                   ; MDcounter5:inst9|MDaddr[3]                                                                                         ; Clock        ; Clock       ; 0.000        ; 0.072      ; 1.137      ;
; 0.904 ; PCreg8:inst27|q[5]                                                                                           ; PCreg8:inst27|q[6]                                                                                                 ; Clock        ; Clock       ; 0.000        ; 0.072      ; 1.147      ;
; 0.904 ; PCreg8:inst27|q[2]                                                                                           ; PCreg8:inst27|q[4]                                                                                                 ; Clock        ; Clock       ; 0.000        ; 0.072      ; 1.147      ;
; 0.904 ; PCreg8:inst27|q[0]                                                                                           ; PCreg8:inst27|q[2]                                                                                                 ; Clock        ; Clock       ; 0.000        ; 0.072      ; 1.147      ;
; 0.904 ; PCreg8:inst27|q[4]                                                                                           ; PCreg8:inst27|q[6]                                                                                                 ; Clock        ; Clock       ; 0.000        ; 0.072      ; 1.147      ;
; 0.905 ; MDcounter5:inst9|MDaddr[2]                                                                                   ; MDcounter5:inst9|MDaddr[4]                                                                                         ; Clock        ; Clock       ; 0.000        ; 0.072      ; 1.148      ;
; 0.905 ; MDcounter5:inst9|MDaddr[0]                                                                                   ; MDcounter5:inst9|MDaddr[2]                                                                                         ; Clock        ; Clock       ; 0.000        ; 0.072      ; 1.148      ;
; 0.905 ; PCreg8:inst27|q[3]                                                                                           ; PCreg8:inst27|q[4]                                                                                                 ; Clock        ; Clock       ; 0.000        ; 0.072      ; 1.148      ;
; 0.915 ; map_logic:inst|map_addr[4]                                                                                   ; map_logic:inst|map_addr[2]                                                                                         ; Clock        ; Clock       ; 0.000        ; 0.072      ; 1.158      ;
; 0.974 ; MDcounter5:inst9|MDaddr[1]                                                                                   ; MainMainBlock:inst3|altsyncram:altsyncram_component|altsyncram_nsi1:auto_generated|ram_block1a0~porta_address_reg0 ; Clock        ; Clock       ; 0.000        ; 0.388      ; 1.563      ;
; 0.986 ; map_logic:inst|map_addr[2]                                                                                   ; map_logic:inst|map_addr[3]                                                                                         ; Clock        ; Clock       ; 0.000        ; 0.072      ; 1.229      ;
; 0.989 ; PCreg8:inst27|q[1]                                                                                           ; PCreg8:inst27|q[3]                                                                                                 ; Clock        ; Clock       ; 0.000        ; 0.072      ; 1.232      ;
; 0.990 ; MDcounter5:inst9|MDaddr[1]                                                                                   ; MDcounter5:inst9|MDaddr[3]                                                                                         ; Clock        ; Clock       ; 0.000        ; 0.072      ; 1.233      ;
; 1.000 ; PCreg8:inst27|q[1]                                                                                           ; PCreg8:inst27|q[4]                                                                                                 ; Clock        ; Clock       ; 0.000        ; 0.072      ; 1.243      ;
; 1.001 ; MDcounter5:inst9|MDaddr[1]                                                                                   ; MDcounter5:inst9|MDaddr[4]                                                                                         ; Clock        ; Clock       ; 0.000        ; 0.072      ; 1.244      ;
; 1.002 ; map_logic:inst|map_addr[4]                                                                                   ; map_logic:inst|map_addr[0]                                                                                         ; Clock        ; Clock       ; 0.000        ; 0.072      ; 1.245      ;
; 1.003 ; PCreg8:inst27|q[5]                                                                                           ; PCreg8:inst27|q[7]                                                                                                 ; Clock        ; Clock       ; 0.000        ; 0.072      ; 1.246      ;
; 1.003 ; PCreg8:inst27|q[2]                                                                                           ; PCreg8:inst27|q[5]                                                                                                 ; Clock        ; Clock       ; 0.000        ; 0.072      ; 1.246      ;
; 1.003 ; PCreg8:inst27|q[0]                                                                                           ; PCreg8:inst27|q[3]                                                                                                 ; Clock        ; Clock       ; 0.000        ; 0.072      ; 1.246      ;
; 1.003 ; PCreg8:inst27|q[4]                                                                                           ; PCreg8:inst27|q[7]                                                                                                 ; Clock        ; Clock       ; 0.000        ; 0.072      ; 1.246      ;
; 1.004 ; MDcounter5:inst9|MDaddr[0]                                                                                   ; MDcounter5:inst9|MDaddr[3]                                                                                         ; Clock        ; Clock       ; 0.000        ; 0.072      ; 1.247      ;
; 1.004 ; PCreg8:inst27|q[3]                                                                                           ; PCreg8:inst27|q[5]                                                                                                 ; Clock        ; Clock       ; 0.000        ; 0.072      ; 1.247      ;
; 1.006 ; reg8:DR|q[7]                                                                                                 ; IRreg3:inst13|q[2]                                                                                                 ; Clock        ; Clock       ; 0.000        ; 0.079      ; 1.256      ;
; 1.009 ; map_logic:inst|map_addr[2]                                                                                   ; map_logic:inst|map_addr[2]                                                                                         ; Clock        ; Clock       ; 0.000        ; 0.072      ; 1.252      ;
; 1.014 ; PCreg8:inst27|q[2]                                                                                           ; PCreg8:inst27|q[6]                                                                                                 ; Clock        ; Clock       ; 0.000        ; 0.072      ; 1.257      ;
; 1.014 ; PCreg8:inst27|q[0]                                                                                           ; PCreg8:inst27|q[4]                                                                                                 ; Clock        ; Clock       ; 0.000        ; 0.072      ; 1.257      ;
; 1.015 ; MDcounter5:inst9|MDaddr[0]                                                                                   ; MDcounter5:inst9|MDaddr[4]                                                                                         ; Clock        ; Clock       ; 0.000        ; 0.072      ; 1.258      ;
; 1.015 ; PCreg8:inst27|q[3]                                                                                           ; PCreg8:inst27|q[6]                                                                                                 ; Clock        ; Clock       ; 0.000        ; 0.072      ; 1.258      ;
; 1.028 ; map_logic:inst|map_addr[0]                                                                                   ; map_logic:inst|map_addr[1]                                                                                         ; Clock        ; Clock       ; 0.000        ; 0.072      ; 1.271      ;
; 1.038 ; map_logic:inst|map_addr[1]                                                                                   ; map_logic:inst|map_addr[4]                                                                                         ; Clock        ; Clock       ; 0.000        ; 0.072      ; 1.281      ;
; 1.047 ; MDcounter5:inst9|MDaddr[3]                                                                                   ; MainMainBlock:inst3|altsyncram:altsyncram_component|altsyncram_nsi1:auto_generated|ram_block1a0~porta_address_reg0 ; Clock        ; Clock       ; 0.000        ; 0.388      ; 1.636      ;
; 1.074 ; map_logic:inst|map_addr[2]                                                                                   ; map_logic:inst|map_addr[4]                                                                                         ; Clock        ; Clock       ; 0.000        ; 0.072      ; 1.317      ;
; 1.089 ; ARreg8:inst2|q[1]                                                                                            ; PCreg8:inst27|q[1]                                                                                                 ; Clock        ; Clock       ; 0.000        ; 0.065      ; 1.325      ;
; 1.099 ; PCreg8:inst27|q[1]                                                                                           ; PCreg8:inst27|q[5]                                                                                                 ; Clock        ; Clock       ; 0.000        ; 0.072      ; 1.342      ;
; 1.105 ; map_logic:inst|map_addr[1]                                                                                   ; map_logic:inst|map_addr[3]                                                                                         ; Clock        ; Clock       ; 0.000        ; 0.072      ; 1.348      ;
; 1.110 ; PCreg8:inst27|q[1]                                                                                           ; PCreg8:inst27|q[6]                                                                                                 ; Clock        ; Clock       ; 0.000        ; 0.072      ; 1.353      ;
; 1.113 ; PCreg8:inst27|q[2]                                                                                           ; PCreg8:inst27|q[7]                                                                                                 ; Clock        ; Clock       ; 0.000        ; 0.072      ; 1.356      ;
; 1.113 ; PCreg8:inst27|q[0]                                                                                           ; PCreg8:inst27|q[5]                                                                                                 ; Clock        ; Clock       ; 0.000        ; 0.072      ; 1.356      ;
; 1.114 ; PCreg8:inst27|q[3]                                                                                           ; PCreg8:inst27|q[7]                                                                                                 ; Clock        ; Clock       ; 0.000        ; 0.072      ; 1.357      ;
; 1.124 ; PCreg8:inst27|q[0]                                                                                           ; PCreg8:inst27|q[6]                                                                                                 ; Clock        ; Clock       ; 0.000        ; 0.072      ; 1.367      ;
; 1.125 ; map_logic:inst|map_addr[1]                                                                                   ; map_logic:inst|map_addr[2]                                                                                         ; Clock        ; Clock       ; 0.000        ; 0.072      ; 1.368      ;
; 1.137 ; map_logic:inst|map_addr[3]                                                                                   ; map_logic:inst|map_addr[3]                                                                                         ; Clock        ; Clock       ; 0.000        ; 0.072      ; 1.380      ;
; 1.147 ; map_logic:inst|map_addr[0]                                                                                   ; map_logic:inst|map_addr[0]                                                                                         ; Clock        ; Clock       ; 0.000        ; 0.072      ; 1.390      ;
; 1.147 ; map_logic:inst|map_addr[0]                                                                                   ; map_logic:inst|map_addr[4]                                                                                         ; Clock        ; Clock       ; 0.000        ; 0.072      ; 1.390      ;
; 1.149 ; map_logic:inst|map_addr[3]                                                                                   ; map_logic:inst|map_addr[2]                                                                                         ; Clock        ; Clock       ; 0.000        ; 0.072      ; 1.392      ;
; 1.183 ; map_logic:inst|map_addr[3]                                                                                   ; map_logic:inst|map_addr[4]                                                                                         ; Clock        ; Clock       ; 0.000        ; 0.072      ; 1.426      ;
; 1.185 ; map_logic:inst|map_addr[2]                                                                                   ; map_logic:inst|map_addr[1]                                                                                         ; Clock        ; Clock       ; 0.000        ; 0.072      ; 1.428      ;
; 1.185 ; ARreg8:inst2|q[3]                                                                                            ; PCreg8:inst27|q[3]                                                                                                 ; Clock        ; Clock       ; 0.000        ; 0.065      ; 1.421      ;
; 1.198 ; IRreg3:inst13|q[2]                                                                                           ; map_logic:inst|map_addr[2]                                                                                         ; Clock        ; Clock       ; -0.500       ; 0.368      ; 1.257      ;
; 1.209 ; PCreg8:inst27|q[1]                                                                                           ; PCreg8:inst27|q[7]                                                                                                 ; Clock        ; Clock       ; 0.000        ; 0.072      ; 1.452      ;
; 1.222 ; reg8:DR|q[5]                                                                                                 ; IRreg3:inst13|q[0]                                                                                                 ; Clock        ; Clock       ; 0.000        ; 0.079      ; 1.472      ;
; 1.223 ; PCreg8:inst27|q[0]                                                                                           ; PCreg8:inst27|q[7]                                                                                                 ; Clock        ; Clock       ; 0.000        ; 0.072      ; 1.466      ;
; 1.225 ; map_logic:inst|map_addr[3]                                                                                   ; map_logic:inst|map_addr[1]                                                                                         ; Clock        ; Clock       ; 0.000        ; 0.072      ; 1.468      ;
; 1.228 ; map_logic:inst|map_addr[1]                                                                                   ; map_logic:inst|map_addr[0]                                                                                         ; Clock        ; Clock       ; 0.000        ; 0.072      ; 1.471      ;
; 1.239 ; reg8:DR|q[6]                                                                                                 ; IRreg3:inst13|q[1]                                                                                                 ; Clock        ; Clock       ; 0.000        ; 0.079      ; 1.489      ;
; 1.250 ; reg8:DR|q[7]                                                                                                 ; reg8:AC|q[7]                                                                                                       ; Clock        ; Clock       ; 0.000        ; 0.071      ; 1.492      ;
; 1.255 ; IRreg3:inst13|q[1]                                                                                           ; map_logic:inst|map_addr[2]                                                                                         ; Clock        ; Clock       ; -0.500       ; 0.368      ; 1.314      ;
; 1.280 ; IRreg3:inst13|q[0]                                                                                           ; map_logic:inst|map_addr[2]                                                                                         ; Clock        ; Clock       ; -0.500       ; 0.368      ; 1.339      ;
; 1.324 ; MDcounter5:inst9|MDaddr[0]                                                                                   ; MainMainBlock:inst3|altsyncram:altsyncram_component|altsyncram_nsi1:auto_generated|ram_block1a0~porta_address_reg0 ; Clock        ; Clock       ; 0.000        ; 0.388      ; 1.913      ;
; 1.325 ; ARreg8:inst2|q[0]                                                                                            ; PCreg8:inst27|q[0]                                                                                                 ; Clock        ; Clock       ; 0.000        ; 0.070      ; 1.566      ;
; 1.334 ; reg8:DR|q[4]                                                                                                 ; ARreg8:inst2|q[4]                                                                                                  ; Clock        ; Clock       ; 0.000        ; 0.072      ; 1.577      ;
; 1.361 ; MDcounter5:inst9|MDaddr[2]                                                                                   ; MainMainBlock:inst3|altsyncram:altsyncram_component|altsyncram_nsi1:auto_generated|ram_block1a0~porta_address_reg0 ; Clock        ; Clock       ; 0.000        ; 0.388      ; 1.950      ;
; 1.363 ; map_logic:inst|map_addr[1]                                                                                   ; map_logic:inst|map_addr[1]                                                                                         ; Clock        ; Clock       ; 0.000        ; 0.072      ; 1.606      ;
; 1.441 ; ARreg8:inst2|q[4]                                                                                            ; PCreg8:inst27|q[4]                                                                                                 ; Clock        ; Clock       ; 0.000        ; 0.070      ; 1.682      ;
; 1.482 ; MainMainBlock:inst3|altsyncram:altsyncram_component|altsyncram_nsi1:auto_generated|ram_block1a0~porta_re_reg ; reg8:AC|q[7]                                                                                                       ; Clock        ; Clock       ; -0.500       ; 2.980      ; 4.153      ;
; 1.520 ; IRreg3:inst13|q[2]                                                                                           ; map_logic:inst|map_addr[3]                                                                                         ; Clock        ; Clock       ; -0.500       ; 0.368      ; 1.579      ;
; 1.536 ; reg8:AC|q[4]                                                                                                 ; ARreg8:inst2|q[4]                                                                                                  ; Clock        ; Clock       ; 0.000        ; 0.072      ; 1.779      ;
; 1.547 ; MainMainBlock:inst3|altsyncram:altsyncram_component|altsyncram_nsi1:auto_generated|ram_block1a0~porta_re_reg ; ARreg8:inst2|q[4]                                                                                                  ; Clock        ; Clock       ; -0.500       ; 2.982      ; 4.220      ;
; 1.574 ; IRreg3:inst13|q[0]                                                                                           ; map_logic:inst|map_addr[1]                                                                                         ; Clock        ; Clock       ; -0.500       ; 0.368      ; 1.633      ;
; 1.576 ; reg8:AC|q[5]                                                                                                 ; reg8:AC|q[7]                                                                                                       ; Clock        ; Clock       ; 0.000        ; 0.070      ; 1.817      ;
; 1.585 ; ARreg8:inst2|q[2]                                                                                            ; PCreg8:inst27|q[2]                                                                                                 ; Clock        ; Clock       ; 0.000        ; 0.070      ; 1.826      ;
; 1.595 ; MainMainBlock:inst3|altsyncram:altsyncram_component|altsyncram_nsi1:auto_generated|ram_block1a0~porta_re_reg ; ARreg8:inst2|q[1]                                                                                                  ; Clock        ; Clock       ; -0.500       ; 2.987      ; 4.273      ;
+-------+--------------------------------------------------------------------------------------------------------------+--------------------------------------------------------------------------------------------------------------------+--------------+-------------+--------------+------------+------------+


+-----------------------------------------------------------------------------------------------------------------------------------------------------------------------------------------------------+
; Slow 1200mV 0C Model Minimum Pulse Width: 'Clock'                                                                                                                                                   ;
+--------+--------------+----------------+------------------+-------+------------+--------------------------------------------------------------------------------------------------------------------+
; Slack  ; Actual Width ; Required Width ; Type             ; Clock ; Clock Edge ; Target                                                                                                             ;
+--------+--------------+----------------+------------------+-------+------------+--------------------------------------------------------------------------------------------------------------------+
; -3.000 ; 1.000        ; 4.000          ; Port Rate        ; Clock ; Rise       ; Clock                                                                                                              ;
; -2.649 ; 1.000        ; 3.649          ; Min Period       ; Clock ; Rise       ; MainMainBlock:inst3|altsyncram:altsyncram_component|altsyncram_nsi1:auto_generated|ram_block1a0~porta_address_reg0 ;
; -2.649 ; 1.000        ; 3.649          ; Min Period       ; Clock ; Rise       ; MainMainBlock:inst3|altsyncram:altsyncram_component|altsyncram_nsi1:auto_generated|ram_block1a0~porta_datain_reg0  ;
; -2.649 ; 1.000        ; 3.649          ; Min Period       ; Clock ; Rise       ; MainMainBlock:inst3|altsyncram:altsyncram_component|altsyncram_nsi1:auto_generated|ram_block1a0~porta_re_reg       ;
; -2.649 ; 1.000        ; 3.649          ; Min Period       ; Clock ; Rise       ; MainMainBlock:inst3|altsyncram:altsyncram_component|altsyncram_nsi1:auto_generated|ram_block1a0~porta_we_reg       ;
; -1.285 ; 1.000        ; 2.285          ; Min Period       ; Clock ; Fall       ; ALUTest:inst12|Zflag                                                                                               ;
; -1.285 ; 1.000        ; 2.285          ; Min Period       ; Clock ; Fall       ; ARreg8:inst2|q[0]                                                                                                  ;
; -1.285 ; 1.000        ; 2.285          ; Min Period       ; Clock ; Fall       ; ARreg8:inst2|q[1]                                                                                                  ;
; -1.285 ; 1.000        ; 2.285          ; Min Period       ; Clock ; Fall       ; ARreg8:inst2|q[2]                                                                                                  ;
; -1.285 ; 1.000        ; 2.285          ; Min Period       ; Clock ; Fall       ; ARreg8:inst2|q[3]                                                                                                  ;
; -1.285 ; 1.000        ; 2.285          ; Min Period       ; Clock ; Fall       ; ARreg8:inst2|q[4]                                                                                                  ;
; -1.285 ; 1.000        ; 2.285          ; Min Period       ; Clock ; Fall       ; IRreg3:inst13|q[0]                                                                                                 ;
; -1.285 ; 1.000        ; 2.285          ; Min Period       ; Clock ; Fall       ; IRreg3:inst13|q[1]                                                                                                 ;
; -1.285 ; 1.000        ; 2.285          ; Min Period       ; Clock ; Fall       ; IRreg3:inst13|q[2]                                                                                                 ;
; -1.285 ; 1.000        ; 2.285          ; Min Period       ; Clock ; Rise       ; MDcounter5:inst9|MDaddr[0]                                                                                         ;
; -1.285 ; 1.000        ; 2.285          ; Min Period       ; Clock ; Rise       ; MDcounter5:inst9|MDaddr[1]                                                                                         ;
; -1.285 ; 1.000        ; 2.285          ; Min Period       ; Clock ; Rise       ; MDcounter5:inst9|MDaddr[2]                                                                                         ;
; -1.285 ; 1.000        ; 2.285          ; Min Period       ; Clock ; Rise       ; MDcounter5:inst9|MDaddr[3]                                                                                         ;
; -1.285 ; 1.000        ; 2.285          ; Min Period       ; Clock ; Rise       ; MDcounter5:inst9|MDaddr[4]                                                                                         ;
; -1.285 ; 1.000        ; 2.285          ; Min Period       ; Clock ; Fall       ; PCreg8:inst27|q[0]                                                                                                 ;
; -1.285 ; 1.000        ; 2.285          ; Min Period       ; Clock ; Fall       ; PCreg8:inst27|q[1]                                                                                                 ;
; -1.285 ; 1.000        ; 2.285          ; Min Period       ; Clock ; Fall       ; PCreg8:inst27|q[2]                                                                                                 ;
; -1.285 ; 1.000        ; 2.285          ; Min Period       ; Clock ; Fall       ; PCreg8:inst27|q[3]                                                                                                 ;
; -1.285 ; 1.000        ; 2.285          ; Min Period       ; Clock ; Fall       ; PCreg8:inst27|q[4]                                                                                                 ;
; -1.285 ; 1.000        ; 2.285          ; Min Period       ; Clock ; Fall       ; PCreg8:inst27|q[5]                                                                                                 ;
; -1.285 ; 1.000        ; 2.285          ; Min Period       ; Clock ; Fall       ; PCreg8:inst27|q[6]                                                                                                 ;
; -1.285 ; 1.000        ; 2.285          ; Min Period       ; Clock ; Fall       ; PCreg8:inst27|q[7]                                                                                                 ;
; -1.285 ; 1.000        ; 2.285          ; Min Period       ; Clock ; Rise       ; map_logic:inst|map_addr[0]                                                                                         ;
; -1.285 ; 1.000        ; 2.285          ; Min Period       ; Clock ; Rise       ; map_logic:inst|map_addr[1]                                                                                         ;
; -1.285 ; 1.000        ; 2.285          ; Min Period       ; Clock ; Rise       ; map_logic:inst|map_addr[2]                                                                                         ;
; -1.285 ; 1.000        ; 2.285          ; Min Period       ; Clock ; Rise       ; map_logic:inst|map_addr[3]                                                                                         ;
; -1.285 ; 1.000        ; 2.285          ; Min Period       ; Clock ; Rise       ; map_logic:inst|map_addr[4]                                                                                         ;
; -1.285 ; 1.000        ; 2.285          ; Min Period       ; Clock ; Fall       ; reg8:AC|q[0]                                                                                                       ;
; -1.285 ; 1.000        ; 2.285          ; Min Period       ; Clock ; Fall       ; reg8:AC|q[1]                                                                                                       ;
; -1.285 ; 1.000        ; 2.285          ; Min Period       ; Clock ; Fall       ; reg8:AC|q[2]                                                                                                       ;
; -1.285 ; 1.000        ; 2.285          ; Min Period       ; Clock ; Fall       ; reg8:AC|q[3]                                                                                                       ;
; -1.285 ; 1.000        ; 2.285          ; Min Period       ; Clock ; Fall       ; reg8:AC|q[4]                                                                                                       ;
; -1.285 ; 1.000        ; 2.285          ; Min Period       ; Clock ; Fall       ; reg8:AC|q[5]                                                                                                       ;
; -1.285 ; 1.000        ; 2.285          ; Min Period       ; Clock ; Fall       ; reg8:AC|q[6]                                                                                                       ;
; -1.285 ; 1.000        ; 2.285          ; Min Period       ; Clock ; Fall       ; reg8:AC|q[7]                                                                                                       ;
; -1.285 ; 1.000        ; 2.285          ; Min Period       ; Clock ; Fall       ; reg8:DR|q[0]                                                                                                       ;
; -1.285 ; 1.000        ; 2.285          ; Min Period       ; Clock ; Fall       ; reg8:DR|q[1]                                                                                                       ;
; -1.285 ; 1.000        ; 2.285          ; Min Period       ; Clock ; Fall       ; reg8:DR|q[2]                                                                                                       ;
; -1.285 ; 1.000        ; 2.285          ; Min Period       ; Clock ; Fall       ; reg8:DR|q[3]                                                                                                       ;
; -1.285 ; 1.000        ; 2.285          ; Min Period       ; Clock ; Fall       ; reg8:DR|q[4]                                                                                                       ;
; -1.285 ; 1.000        ; 2.285          ; Min Period       ; Clock ; Fall       ; reg8:DR|q[5]                                                                                                       ;
; -1.285 ; 1.000        ; 2.285          ; Min Period       ; Clock ; Fall       ; reg8:DR|q[6]                                                                                                       ;
; -1.285 ; 1.000        ; 2.285          ; Min Period       ; Clock ; Fall       ; reg8:DR|q[7]                                                                                                       ;
; 0.083  ; 0.301        ; 0.218          ; High Pulse Width ; Clock ; Fall       ; ALUTest:inst12|Zflag                                                                                               ;
; 0.083  ; 0.301        ; 0.218          ; High Pulse Width ; Clock ; Fall       ; ARreg8:inst2|q[0]                                                                                                  ;
; 0.083  ; 0.301        ; 0.218          ; High Pulse Width ; Clock ; Fall       ; ARreg8:inst2|q[1]                                                                                                  ;
; 0.083  ; 0.301        ; 0.218          ; High Pulse Width ; Clock ; Fall       ; ARreg8:inst2|q[2]                                                                                                  ;
; 0.083  ; 0.301        ; 0.218          ; High Pulse Width ; Clock ; Fall       ; ARreg8:inst2|q[3]                                                                                                  ;
; 0.083  ; 0.301        ; 0.218          ; High Pulse Width ; Clock ; Fall       ; ARreg8:inst2|q[4]                                                                                                  ;
; 0.083  ; 0.301        ; 0.218          ; High Pulse Width ; Clock ; Fall       ; IRreg3:inst13|q[0]                                                                                                 ;
; 0.083  ; 0.301        ; 0.218          ; High Pulse Width ; Clock ; Fall       ; IRreg3:inst13|q[1]                                                                                                 ;
; 0.083  ; 0.301        ; 0.218          ; High Pulse Width ; Clock ; Fall       ; IRreg3:inst13|q[2]                                                                                                 ;
; 0.083  ; 0.301        ; 0.218          ; High Pulse Width ; Clock ; Fall       ; PCreg8:inst27|q[0]                                                                                                 ;
; 0.083  ; 0.301        ; 0.218          ; High Pulse Width ; Clock ; Fall       ; PCreg8:inst27|q[1]                                                                                                 ;
; 0.083  ; 0.301        ; 0.218          ; High Pulse Width ; Clock ; Fall       ; PCreg8:inst27|q[2]                                                                                                 ;
; 0.083  ; 0.301        ; 0.218          ; High Pulse Width ; Clock ; Fall       ; PCreg8:inst27|q[3]                                                                                                 ;
; 0.083  ; 0.301        ; 0.218          ; High Pulse Width ; Clock ; Fall       ; PCreg8:inst27|q[4]                                                                                                 ;
; 0.083  ; 0.301        ; 0.218          ; High Pulse Width ; Clock ; Fall       ; PCreg8:inst27|q[5]                                                                                                 ;
; 0.083  ; 0.301        ; 0.218          ; High Pulse Width ; Clock ; Fall       ; PCreg8:inst27|q[6]                                                                                                 ;
; 0.083  ; 0.301        ; 0.218          ; High Pulse Width ; Clock ; Fall       ; PCreg8:inst27|q[7]                                                                                                 ;
; 0.083  ; 0.301        ; 0.218          ; High Pulse Width ; Clock ; Fall       ; reg8:AC|q[0]                                                                                                       ;
; 0.083  ; 0.301        ; 0.218          ; High Pulse Width ; Clock ; Fall       ; reg8:AC|q[1]                                                                                                       ;
; 0.083  ; 0.301        ; 0.218          ; High Pulse Width ; Clock ; Fall       ; reg8:AC|q[2]                                                                                                       ;
; 0.083  ; 0.301        ; 0.218          ; High Pulse Width ; Clock ; Fall       ; reg8:AC|q[3]                                                                                                       ;
; 0.083  ; 0.301        ; 0.218          ; High Pulse Width ; Clock ; Fall       ; reg8:AC|q[4]                                                                                                       ;
; 0.083  ; 0.301        ; 0.218          ; High Pulse Width ; Clock ; Fall       ; reg8:AC|q[5]                                                                                                       ;
; 0.083  ; 0.301        ; 0.218          ; High Pulse Width ; Clock ; Fall       ; reg8:AC|q[6]                                                                                                       ;
; 0.083  ; 0.301        ; 0.218          ; High Pulse Width ; Clock ; Fall       ; reg8:AC|q[7]                                                                                                       ;
; 0.083  ; 0.301        ; 0.218          ; High Pulse Width ; Clock ; Fall       ; reg8:DR|q[0]                                                                                                       ;
; 0.083  ; 0.301        ; 0.218          ; High Pulse Width ; Clock ; Fall       ; reg8:DR|q[1]                                                                                                       ;
; 0.083  ; 0.301        ; 0.218          ; High Pulse Width ; Clock ; Fall       ; reg8:DR|q[2]                                                                                                       ;
; 0.083  ; 0.301        ; 0.218          ; High Pulse Width ; Clock ; Fall       ; reg8:DR|q[3]                                                                                                       ;
; 0.083  ; 0.301        ; 0.218          ; High Pulse Width ; Clock ; Fall       ; reg8:DR|q[4]                                                                                                       ;
; 0.083  ; 0.301        ; 0.218          ; High Pulse Width ; Clock ; Fall       ; reg8:DR|q[5]                                                                                                       ;
; 0.083  ; 0.301        ; 0.218          ; High Pulse Width ; Clock ; Fall       ; reg8:DR|q[6]                                                                                                       ;
; 0.083  ; 0.301        ; 0.218          ; High Pulse Width ; Clock ; Fall       ; reg8:DR|q[7]                                                                                                       ;
; 0.149  ; 0.382        ; 0.233          ; Low Pulse Width  ; Clock ; Rise       ; MainMainBlock:inst3|altsyncram:altsyncram_component|altsyncram_nsi1:auto_generated|ram_block1a0~porta_address_reg0 ;
; 0.149  ; 0.382        ; 0.233          ; Low Pulse Width  ; Clock ; Rise       ; MainMainBlock:inst3|altsyncram:altsyncram_component|altsyncram_nsi1:auto_generated|ram_block1a0~porta_re_reg       ;
; 0.149  ; 0.382        ; 0.233          ; Low Pulse Width  ; Clock ; Rise       ; MainMainBlock:inst3|altsyncram:altsyncram_component|altsyncram_nsi1:auto_generated|ram_block1a0~porta_we_reg       ;
; 0.150  ; 0.383        ; 0.233          ; Low Pulse Width  ; Clock ; Rise       ; MainMainBlock:inst3|altsyncram:altsyncram_component|altsyncram_nsi1:auto_generated|ram_block1a0~porta_datain_reg0  ;
; 0.265  ; 0.483        ; 0.218          ; High Pulse Width ; Clock ; Rise       ; map_logic:inst|map_addr[0]                                                                                         ;
; 0.265  ; 0.483        ; 0.218          ; High Pulse Width ; Clock ; Rise       ; map_logic:inst|map_addr[1]                                                                                         ;
; 0.265  ; 0.483        ; 0.218          ; High Pulse Width ; Clock ; Rise       ; map_logic:inst|map_addr[2]                                                                                         ;
; 0.265  ; 0.483        ; 0.218          ; High Pulse Width ; Clock ; Rise       ; map_logic:inst|map_addr[3]                                                                                         ;
; 0.265  ; 0.483        ; 0.218          ; High Pulse Width ; Clock ; Rise       ; map_logic:inst|map_addr[4]                                                                                         ;
; 0.278  ; 0.464        ; 0.186          ; Low Pulse Width  ; Clock ; Rise       ; MDcounter5:inst9|MDaddr[0]                                                                                         ;
; 0.278  ; 0.464        ; 0.186          ; Low Pulse Width  ; Clock ; Rise       ; MDcounter5:inst9|MDaddr[1]                                                                                         ;
; 0.278  ; 0.464        ; 0.186          ; Low Pulse Width  ; Clock ; Rise       ; MDcounter5:inst9|MDaddr[2]                                                                                         ;
; 0.278  ; 0.464        ; 0.186          ; Low Pulse Width  ; Clock ; Rise       ; MDcounter5:inst9|MDaddr[3]                                                                                         ;
; 0.278  ; 0.464        ; 0.186          ; Low Pulse Width  ; Clock ; Rise       ; MDcounter5:inst9|MDaddr[4]                                                                                         ;
; 0.317  ; 0.535        ; 0.218          ; High Pulse Width ; Clock ; Rise       ; MDcounter5:inst9|MDaddr[0]                                                                                         ;
; 0.317  ; 0.535        ; 0.218          ; High Pulse Width ; Clock ; Rise       ; MDcounter5:inst9|MDaddr[1]                                                                                         ;
; 0.317  ; 0.535        ; 0.218          ; High Pulse Width ; Clock ; Rise       ; MDcounter5:inst9|MDaddr[2]                                                                                         ;
; 0.317  ; 0.535        ; 0.218          ; High Pulse Width ; Clock ; Rise       ; MDcounter5:inst9|MDaddr[3]                                                                                         ;
; 0.317  ; 0.535        ; 0.218          ; High Pulse Width ; Clock ; Rise       ; MDcounter5:inst9|MDaddr[4]                                                                                         ;
+--------+--------------+----------------+------------------+-------+------------+--------------------------------------------------------------------------------------------------------------------+


+-------------------------------------------------------------------------+
; Setup Times                                                             ;
+-----------+------------+--------+--------+------------+-----------------+
; Data Port ; Clock Port ; Rise   ; Fall   ; Clock Edge ; Clock Reference ;
+-----------+------------+--------+--------+------------+-----------------+
; Reset     ; Clock      ; -2.075 ; -1.965 ; Rise       ; Clock           ;
+-----------+------------+--------+--------+------------+-----------------+


+-----------------------------------------------------------------------+
; Hold Times                                                            ;
+-----------+------------+-------+-------+------------+-----------------+
; Data Port ; Clock Port ; Rise  ; Fall  ; Clock Edge ; Clock Reference ;
+-----------+------------+-------+-------+------------+-----------------+
; Reset     ; Clock      ; 2.596 ; 2.487 ; Rise       ; Clock           ;
+-----------+------------+-------+-------+------------+-----------------+


+---------------------------------------------------------------------------+
; Clock to Output Times                                                     ;
+-------------+------------+--------+--------+------------+-----------------+
; Data Port   ; Clock Port ; Rise   ; Fall   ; Clock Edge ; Clock Reference ;
+-------------+------------+--------+--------+------------+-----------------+
; ACload      ; Clock      ; 11.320 ; 11.168 ; Rise       ; Clock           ;
; ALUSEL[*]   ; Clock      ; 12.936 ; 12.640 ; Rise       ; Clock           ;
;  ALUSEL[0]  ; Clock      ; 12.936 ; 12.640 ; Rise       ; Clock           ;
; AR_IN[*]    ; Clock      ; 16.607 ; 16.392 ; Rise       ; Clock           ;
;  AR_IN[0]   ; Clock      ; 15.106 ; 14.798 ; Rise       ; Clock           ;
;  AR_IN[1]   ; Clock      ; 15.696 ; 15.311 ; Rise       ; Clock           ;
;  AR_IN[2]   ; Clock      ; 14.961 ; 14.892 ; Rise       ; Clock           ;
;  AR_IN[3]   ; Clock      ; 15.083 ; 14.859 ; Rise       ; Clock           ;
;  AR_IN[4]   ; Clock      ; 15.614 ; 15.359 ; Rise       ; Clock           ;
;  AR_IN[5]   ; Clock      ; 16.607 ; 16.392 ; Rise       ; Clock           ;
;  AR_IN[6]   ; Clock      ; 15.438 ; 15.119 ; Rise       ; Clock           ;
;  AR_IN[7]   ; Clock      ; 15.764 ; 15.458 ; Rise       ; Clock           ;
; ARload      ; Clock      ; 10.652 ; 10.467 ; Rise       ; Clock           ;
; BUS_AC      ; Clock      ; 11.219 ; 10.998 ; Rise       ; Clock           ;
; BUS_ALU     ; Clock      ; 10.748 ; 10.666 ; Rise       ; Clock           ;
; BUS_DR      ; Clock      ; 11.579 ; 11.426 ; Rise       ; Clock           ;
; BUS_MEM     ; Clock      ; 12.444 ; 12.194 ; Rise       ; Clock           ;
; BUS_PC      ; Clock      ; 11.323 ; 11.114 ; Rise       ; Clock           ;
; CPUclk      ; Clock      ; 6.904  ; 7.173  ; Rise       ; Clock           ;
; DRload      ; Clock      ; 11.355 ; 11.214 ; Rise       ; Clock           ;
; IRload      ; Clock      ; 11.723 ; 11.457 ; Rise       ; Clock           ;
; MEM_OUT[*]  ; Clock      ; 10.887 ; 10.872 ; Rise       ; Clock           ;
;  MEM_OUT[0] ; Clock      ; 10.887 ; 10.872 ; Rise       ; Clock           ;
;  MEM_OUT[1] ; Clock      ; 9.815  ; 9.656  ; Rise       ; Clock           ;
;  MEM_OUT[2] ; Clock      ; 10.152 ; 9.971  ; Rise       ; Clock           ;
;  MEM_OUT[3] ; Clock      ; 9.861  ; 9.709  ; Rise       ; Clock           ;
;  MEM_OUT[4] ; Clock      ; 9.727  ; 9.620  ; Rise       ; Clock           ;
;  MEM_OUT[5] ; Clock      ; 9.871  ; 9.722  ; Rise       ; Clock           ;
;  MEM_OUT[6] ; Clock      ; 9.563  ; 9.418  ; Rise       ; Clock           ;
;  MEM_OUT[7] ; Clock      ; 10.758 ; 10.471 ; Rise       ; Clock           ;
; MainBus[*]  ; Clock      ; 16.167 ; 16.123 ; Rise       ; Clock           ;
;  MainBus[0] ; Clock      ; 15.106 ; 14.798 ; Rise       ; Clock           ;
;  MainBus[1] ; Clock      ; 15.686 ; 15.301 ; Rise       ; Clock           ;
;  MainBus[2] ; Clock      ; 16.134 ; 16.123 ; Rise       ; Clock           ;
;  MainBus[3] ; Clock      ; 15.083 ; 14.859 ; Rise       ; Clock           ;
;  MainBus[4] ; Clock      ; 15.584 ; 15.329 ; Rise       ; Clock           ;
;  MainBus[5] ; Clock      ; 16.167 ; 16.017 ; Rise       ; Clock           ;
;  MainBus[6] ; Clock      ; 15.438 ; 15.119 ; Rise       ; Clock           ;
;  MainBus[7] ; Clock      ; 15.764 ; 15.458 ; Rise       ; Clock           ;
; MemRead     ; Clock      ; 12.434 ; 12.184 ; Rise       ; Clock           ;
; MemWrite    ; Clock      ; 11.998 ; 11.722 ; Rise       ; Clock           ;
; MuxOut[*]   ; Clock      ; 9.576  ; 9.307  ; Rise       ; Clock           ;
;  MuxOut[0]  ; Clock      ; 9.576  ; 9.307  ; Rise       ; Clock           ;
;  MuxOut[1]  ; Clock      ; 7.799  ; 7.619  ; Rise       ; Clock           ;
;  MuxOut[2]  ; Clock      ; 7.947  ; 7.854  ; Rise       ; Clock           ;
;  MuxOut[3]  ; Clock      ; 7.257  ; 7.193  ; Rise       ; Clock           ;
;  MuxOut[4]  ; Clock      ; 8.524  ; 8.306  ; Rise       ; Clock           ;
; PCinc       ; Clock      ; 11.369 ; 11.091 ; Rise       ; Clock           ;
; PCloadAR    ; Clock      ; 12.274 ; 12.088 ; Rise       ; Clock           ;
; PCloadZ     ; Clock      ; 11.906 ; 11.781 ; Rise       ; Clock           ;
; Zload       ; Clock      ; 12.946 ; 12.650 ; Rise       ; Clock           ;
; AC_OUT[*]   ; Clock      ; 11.177 ; 10.988 ; Fall       ; Clock           ;
;  AC_OUT[0]  ; Clock      ; 10.518 ; 10.417 ; Fall       ; Clock           ;
;  AC_OUT[1]  ; Clock      ; 10.055 ; 9.934  ; Fall       ; Clock           ;
;  AC_OUT[2]  ; Clock      ; 10.697 ; 10.569 ; Fall       ; Clock           ;
;  AC_OUT[3]  ; Clock      ; 10.611 ; 10.458 ; Fall       ; Clock           ;
;  AC_OUT[4]  ; Clock      ; 9.826  ; 9.732  ; Fall       ; Clock           ;
;  AC_OUT[5]  ; Clock      ; 10.750 ; 10.743 ; Fall       ; Clock           ;
;  AC_OUT[6]  ; Clock      ; 11.177 ; 10.988 ; Fall       ; Clock           ;
;  AC_OUT[7]  ; Clock      ; 10.554 ; 10.488 ; Fall       ; Clock           ;
; AR_IN[*]    ; Clock      ; 14.667 ; 14.498 ; Fall       ; Clock           ;
;  AR_IN[0]   ; Clock      ; 12.877 ; 12.601 ; Fall       ; Clock           ;
;  AR_IN[1]   ; Clock      ; 13.702 ; 13.317 ; Fall       ; Clock           ;
;  AR_IN[2]   ; Clock      ; 12.959 ; 12.898 ; Fall       ; Clock           ;
;  AR_IN[3]   ; Clock      ; 13.095 ; 12.871 ; Fall       ; Clock           ;
;  AR_IN[4]   ; Clock      ; 13.889 ; 13.609 ; Fall       ; Clock           ;
;  AR_IN[5]   ; Clock      ; 14.667 ; 14.498 ; Fall       ; Clock           ;
;  AR_IN[6]   ; Clock      ; 13.713 ; 13.369 ; Fall       ; Clock           ;
;  AR_IN[7]   ; Clock      ; 13.824 ; 13.564 ; Fall       ; Clock           ;
; AR_OUT[*]   ; Clock      ; 11.699 ; 11.665 ; Fall       ; Clock           ;
;  AR_OUT[0]  ; Clock      ; 9.796  ; 9.704  ; Fall       ; Clock           ;
;  AR_OUT[1]  ; Clock      ; 10.524 ; 10.439 ; Fall       ; Clock           ;
;  AR_OUT[2]  ; Clock      ; 10.439 ; 10.404 ; Fall       ; Clock           ;
;  AR_OUT[3]  ; Clock      ; 11.699 ; 11.665 ; Fall       ; Clock           ;
;  AR_OUT[4]  ; Clock      ; 10.595 ; 10.403 ; Fall       ; Clock           ;
; CPUclk      ; Clock      ; 11.577 ; 11.820 ; Fall       ; Clock           ;
; DR_OUT[*]   ; Clock      ; 11.495 ; 11.528 ; Fall       ; Clock           ;
;  DR_OUT[0]  ; Clock      ; 10.042 ; 9.909  ; Fall       ; Clock           ;
;  DR_OUT[1]  ; Clock      ; 11.495 ; 11.528 ; Fall       ; Clock           ;
;  DR_OUT[2]  ; Clock      ; 11.355 ; 11.233 ; Fall       ; Clock           ;
;  DR_OUT[3]  ; Clock      ; 11.099 ; 10.877 ; Fall       ; Clock           ;
;  DR_OUT[4]  ; Clock      ; 10.751 ; 10.610 ; Fall       ; Clock           ;
;  DR_OUT[5]  ; Clock      ; 10.669 ; 10.518 ; Fall       ; Clock           ;
;  DR_OUT[6]  ; Clock      ; 10.867 ; 10.684 ; Fall       ; Clock           ;
;  DR_OUT[7]  ; Clock      ; 10.913 ; 10.716 ; Fall       ; Clock           ;
; IR_OUT[*]   ; Clock      ; 10.272 ; 10.212 ; Fall       ; Clock           ;
;  IR_OUT[0]  ; Clock      ; 10.272 ; 10.212 ; Fall       ; Clock           ;
;  IR_OUT[1]  ; Clock      ; 9.865  ; 9.770  ; Fall       ; Clock           ;
;  IR_OUT[2]  ; Clock      ; 9.914  ; 9.842  ; Fall       ; Clock           ;
; MDenable    ; Clock      ; 10.147 ; 10.314 ; Fall       ; Clock           ;
; MainBus[*]  ; Clock      ; 14.227 ; 14.129 ; Fall       ; Clock           ;
;  MainBus[0] ; Clock      ; 12.877 ; 12.601 ; Fall       ; Clock           ;
;  MainBus[1] ; Clock      ; 13.692 ; 13.307 ; Fall       ; Clock           ;
;  MainBus[2] ; Clock      ; 14.132 ; 14.129 ; Fall       ; Clock           ;
;  MainBus[3] ; Clock      ; 13.095 ; 12.871 ; Fall       ; Clock           ;
;  MainBus[4] ; Clock      ; 13.859 ; 13.579 ; Fall       ; Clock           ;
;  MainBus[5] ; Clock      ; 14.227 ; 14.123 ; Fall       ; Clock           ;
;  MainBus[6] ; Clock      ; 13.713 ; 13.369 ; Fall       ; Clock           ;
;  MainBus[7] ; Clock      ; 13.824 ; 13.564 ; Fall       ; Clock           ;
; MuxOut[*]   ; Clock      ; 12.947 ; 12.676 ; Fall       ; Clock           ;
;  MuxOut[0]  ; Clock      ; 12.947 ; 12.676 ; Fall       ; Clock           ;
;  MuxOut[1]  ; Clock      ; 11.574 ; 11.396 ; Fall       ; Clock           ;
;  MuxOut[2]  ; Clock      ; 11.572 ; 11.471 ; Fall       ; Clock           ;
;  MuxOut[3]  ; Clock      ; 10.939 ; 10.852 ; Fall       ; Clock           ;
;  MuxOut[4]  ; Clock      ; 11.670 ; 11.503 ; Fall       ; Clock           ;
; PC_OUT[*]   ; Clock      ; 10.931 ; 10.776 ; Fall       ; Clock           ;
;  PC_OUT[0]  ; Clock      ; 10.014 ; 9.974  ; Fall       ; Clock           ;
;  PC_OUT[1]  ; Clock      ; 10.931 ; 10.776 ; Fall       ; Clock           ;
;  PC_OUT[2]  ; Clock      ; 9.938  ; 9.840  ; Fall       ; Clock           ;
;  PC_OUT[3]  ; Clock      ; 10.775 ; 10.658 ; Fall       ; Clock           ;
;  PC_OUT[4]  ; Clock      ; 9.678  ; 9.618  ; Fall       ; Clock           ;
;  PC_OUT[5]  ; Clock      ; 10.851 ; 10.645 ; Fall       ; Clock           ;
;  PC_OUT[6]  ; Clock      ; 10.118 ; 10.013 ; Fall       ; Clock           ;
;  PC_OUT[7]  ; Clock      ; 10.360 ; 10.203 ; Fall       ; Clock           ;
; Zflag       ; Clock      ; 10.147 ; 10.025 ; Fall       ; Clock           ;
+-------------+------------+--------+--------+------------+-----------------+


+---------------------------------------------------------------------------+
; Minimum Clock to Output Times                                             ;
+-------------+------------+--------+--------+------------+-----------------+
; Data Port   ; Clock Port ; Rise   ; Fall   ; Clock Edge ; Clock Reference ;
+-------------+------------+--------+--------+------------+-----------------+
; ACload      ; Clock      ; 10.351 ; 10.240 ; Rise       ; Clock           ;
; ALUSEL[*]   ; Clock      ; 11.968 ; 11.720 ; Rise       ; Clock           ;
;  ALUSEL[0]  ; Clock      ; 11.968 ; 11.720 ; Rise       ; Clock           ;
; AR_IN[*]    ; Clock      ; 10.888 ; 10.775 ; Rise       ; Clock           ;
;  AR_IN[0]   ; Clock      ; 11.242 ; 10.919 ; Rise       ; Clock           ;
;  AR_IN[1]   ; Clock      ; 11.765 ; 11.430 ; Rise       ; Clock           ;
;  AR_IN[2]   ; Clock      ; 10.888 ; 10.775 ; Rise       ; Clock           ;
;  AR_IN[3]   ; Clock      ; 11.180 ; 11.041 ; Rise       ; Clock           ;
;  AR_IN[4]   ; Clock      ; 11.748 ; 11.551 ; Rise       ; Clock           ;
;  AR_IN[5]   ; Clock      ; 12.381 ; 12.214 ; Rise       ; Clock           ;
;  AR_IN[6]   ; Clock      ; 11.511 ; 11.179 ; Rise       ; Clock           ;
;  AR_IN[7]   ; Clock      ; 11.709 ; 11.424 ; Rise       ; Clock           ;
; ARload      ; Clock      ; 9.884  ; 9.710  ; Rise       ; Clock           ;
; BUS_AC      ; Clock      ; 10.400 ; 10.313 ; Rise       ; Clock           ;
; BUS_ALU     ; Clock      ; 10.078 ; 9.996  ; Rise       ; Clock           ;
; BUS_DR      ; Clock      ; 10.747 ; 10.719 ; Rise       ; Clock           ;
; BUS_MEM     ; Clock      ; 11.485 ; 11.243 ; Rise       ; Clock           ;
; BUS_PC      ; Clock      ; 10.222 ; 10.140 ; Rise       ; Clock           ;
; CPUclk      ; Clock      ; 6.660  ; 6.924  ; Rise       ; Clock           ;
; DRload      ; Clock      ; 10.396 ; 10.283 ; Rise       ; Clock           ;
; IRload      ; Clock      ; 10.691 ; 10.567 ; Rise       ; Clock           ;
; MEM_OUT[*]  ; Clock      ; 9.207  ; 9.067  ; Rise       ; Clock           ;
;  MEM_OUT[0] ; Clock      ; 10.524 ; 10.511 ; Rise       ; Clock           ;
;  MEM_OUT[1] ; Clock      ; 9.448  ; 9.294  ; Rise       ; Clock           ;
;  MEM_OUT[2] ; Clock      ; 9.771  ; 9.597  ; Rise       ; Clock           ;
;  MEM_OUT[3] ; Clock      ; 9.493  ; 9.346  ; Rise       ; Clock           ;
;  MEM_OUT[4] ; Clock      ; 9.362  ; 9.259  ; Rise       ; Clock           ;
;  MEM_OUT[5] ; Clock      ; 9.503  ; 9.359  ; Rise       ; Clock           ;
;  MEM_OUT[6] ; Clock      ; 9.207  ; 9.067  ; Rise       ; Clock           ;
;  MEM_OUT[7] ; Clock      ; 10.352 ; 10.077 ; Rise       ; Clock           ;
; MainBus[*]  ; Clock      ; 11.180 ; 10.919 ; Rise       ; Clock           ;
;  MainBus[0] ; Clock      ; 11.242 ; 10.919 ; Rise       ; Clock           ;
;  MainBus[1] ; Clock      ; 11.755 ; 11.420 ; Rise       ; Clock           ;
;  MainBus[2] ; Clock      ; 12.061 ; 12.006 ; Rise       ; Clock           ;
;  MainBus[3] ; Clock      ; 11.180 ; 11.041 ; Rise       ; Clock           ;
;  MainBus[4] ; Clock      ; 11.718 ; 11.521 ; Rise       ; Clock           ;
;  MainBus[5] ; Clock      ; 11.958 ; 11.854 ; Rise       ; Clock           ;
;  MainBus[6] ; Clock      ; 11.511 ; 11.179 ; Rise       ; Clock           ;
;  MainBus[7] ; Clock      ; 11.709 ; 11.424 ; Rise       ; Clock           ;
; MemRead     ; Clock      ; 11.475 ; 11.233 ; Rise       ; Clock           ;
; MemWrite    ; Clock      ; 11.025 ; 10.925 ; Rise       ; Clock           ;
; MuxOut[*]   ; Clock      ; 6.964  ; 6.884  ; Rise       ; Clock           ;
;  MuxOut[0]  ; Clock      ; 9.188  ; 8.914  ; Rise       ; Clock           ;
;  MuxOut[1]  ; Clock      ; 7.512  ; 7.339  ; Rise       ; Clock           ;
;  MuxOut[2]  ; Clock      ; 7.626  ; 7.519  ; Rise       ; Clock           ;
;  MuxOut[3]  ; Clock      ; 6.964  ; 6.884  ; Rise       ; Clock           ;
;  MuxOut[4]  ; Clock      ; 8.180  ; 7.953  ; Rise       ; Clock           ;
; PCinc       ; Clock      ; 10.430 ; 10.290 ; Rise       ; Clock           ;
; PCloadAR    ; Clock      ; 11.526 ; 11.379 ; Rise       ; Clock           ;
; PCloadZ     ; Clock      ; 11.158 ; 11.053 ; Rise       ; Clock           ;
; Zload       ; Clock      ; 11.978 ; 11.730 ; Rise       ; Clock           ;
; AC_OUT[*]   ; Clock      ; 9.462  ; 9.371  ; Fall       ; Clock           ;
;  AC_OUT[0]  ; Clock      ; 10.126 ; 10.028 ; Fall       ; Clock           ;
;  AC_OUT[1]  ; Clock      ; 9.682  ; 9.565  ; Fall       ; Clock           ;
;  AC_OUT[2]  ; Clock      ; 10.297 ; 10.174 ; Fall       ; Clock           ;
;  AC_OUT[3]  ; Clock      ; 10.215 ; 10.067 ; Fall       ; Clock           ;
;  AC_OUT[4]  ; Clock      ; 9.462  ; 9.371  ; Fall       ; Clock           ;
;  AC_OUT[5]  ; Clock      ; 10.395 ; 10.390 ; Fall       ; Clock           ;
;  AC_OUT[6]  ; Clock      ; 10.759 ; 10.577 ; Fall       ; Clock           ;
;  AC_OUT[7]  ; Clock      ; 10.160 ; 10.096 ; Fall       ; Clock           ;
; AR_IN[*]    ; Clock      ; 11.149 ; 11.076 ; Fall       ; Clock           ;
;  AR_IN[0]   ; Clock      ; 11.679 ; 11.375 ; Fall       ; Clock           ;
;  AR_IN[1]   ; Clock      ; 12.275 ; 11.936 ; Fall       ; Clock           ;
;  AR_IN[2]   ; Clock      ; 11.383 ; 11.237 ; Fall       ; Clock           ;
;  AR_IN[3]   ; Clock      ; 11.149 ; 11.076 ; Fall       ; Clock           ;
;  AR_IN[4]   ; Clock      ; 11.925 ; 11.665 ; Fall       ; Clock           ;
;  AR_IN[5]   ; Clock      ; 12.943 ; 12.749 ; Fall       ; Clock           ;
;  AR_IN[6]   ; Clock      ; 11.459 ; 11.184 ; Fall       ; Clock           ;
;  AR_IN[7]   ; Clock      ; 12.178 ; 11.957 ; Fall       ; Clock           ;
; AR_OUT[*]   ; Clock      ; 9.432  ; 9.343  ; Fall       ; Clock           ;
;  AR_OUT[0]  ; Clock      ; 9.432  ; 9.343  ; Fall       ; Clock           ;
;  AR_OUT[1]  ; Clock      ; 10.132 ; 10.050 ; Fall       ; Clock           ;
;  AR_OUT[2]  ; Clock      ; 10.051 ; 10.017 ; Fall       ; Clock           ;
;  AR_OUT[3]  ; Clock      ; 11.306 ; 11.276 ; Fall       ; Clock           ;
;  AR_OUT[4]  ; Clock      ; 10.201 ; 10.015 ; Fall       ; Clock           ;
; CPUclk      ; Clock      ; 6.660  ; 6.924  ; Fall       ; Clock           ;
; DR_OUT[*]   ; Clock      ; 9.669  ; 9.541  ; Fall       ; Clock           ;
;  DR_OUT[0]  ; Clock      ; 9.669  ; 9.541  ; Fall       ; Clock           ;
;  DR_OUT[1]  ; Clock      ; 11.064 ; 11.095 ; Fall       ; Clock           ;
;  DR_OUT[2]  ; Clock      ; 10.929 ; 10.811 ; Fall       ; Clock           ;
;  DR_OUT[3]  ; Clock      ; 10.684 ; 10.470 ; Fall       ; Clock           ;
;  DR_OUT[4]  ; Clock      ; 10.353 ; 10.216 ; Fall       ; Clock           ;
;  DR_OUT[5]  ; Clock      ; 10.272 ; 10.126 ; Fall       ; Clock           ;
;  DR_OUT[6]  ; Clock      ; 10.460 ; 10.284 ; Fall       ; Clock           ;
;  DR_OUT[7]  ; Clock      ; 10.507 ; 10.317 ; Fall       ; Clock           ;
; IR_OUT[*]   ; Clock      ; 9.498  ; 9.406  ; Fall       ; Clock           ;
;  IR_OUT[0]  ; Clock      ; 9.891  ; 9.832  ; Fall       ; Clock           ;
;  IR_OUT[1]  ; Clock      ; 9.498  ; 9.406  ; Fall       ; Clock           ;
;  IR_OUT[2]  ; Clock      ; 9.548  ; 9.478  ; Fall       ; Clock           ;
; MDenable    ; Clock      ; 9.528  ; 9.694  ; Fall       ; Clock           ;
; MainBus[*]  ; Clock      ; 11.149 ; 11.076 ; Fall       ; Clock           ;
;  MainBus[0] ; Clock      ; 11.679 ; 11.375 ; Fall       ; Clock           ;
;  MainBus[1] ; Clock      ; 12.265 ; 11.926 ; Fall       ; Clock           ;
;  MainBus[2] ; Clock      ; 12.556 ; 12.468 ; Fall       ; Clock           ;
;  MainBus[3] ; Clock      ; 11.149 ; 11.076 ; Fall       ; Clock           ;
;  MainBus[4] ; Clock      ; 11.895 ; 11.635 ; Fall       ; Clock           ;
;  MainBus[5] ; Clock      ; 12.520 ; 12.389 ; Fall       ; Clock           ;
;  MainBus[6] ; Clock      ; 11.459 ; 11.184 ; Fall       ; Clock           ;
;  MainBus[7] ; Clock      ; 12.178 ; 11.957 ; Fall       ; Clock           ;
; MuxOut[*]   ; Clock      ; 9.355  ; 9.271  ; Fall       ; Clock           ;
;  MuxOut[0]  ; Clock      ; 12.107 ; 11.840 ; Fall       ; Clock           ;
;  MuxOut[1]  ; Clock      ; 10.194 ; 10.093 ; Fall       ; Clock           ;
;  MuxOut[2]  ; Clock      ; 10.111 ; 10.090 ; Fall       ; Clock           ;
;  MuxOut[3]  ; Clock      ; 9.355  ; 9.271  ; Fall       ; Clock           ;
;  MuxOut[4]  ; Clock      ; 10.279 ; 10.191 ; Fall       ; Clock           ;
; PC_OUT[*]   ; Clock      ; 9.321  ; 9.262  ; Fall       ; Clock           ;
;  PC_OUT[0]  ; Clock      ; 9.642  ; 9.603  ; Fall       ; Clock           ;
;  PC_OUT[1]  ; Clock      ; 10.523 ; 10.374 ; Fall       ; Clock           ;
;  PC_OUT[2]  ; Clock      ; 9.570  ; 9.476  ; Fall       ; Clock           ;
;  PC_OUT[3]  ; Clock      ; 10.372 ; 10.259 ; Fall       ; Clock           ;
;  PC_OUT[4]  ; Clock      ; 9.321  ; 9.262  ; Fall       ; Clock           ;
;  PC_OUT[5]  ; Clock      ; 10.445 ; 10.246 ; Fall       ; Clock           ;
;  PC_OUT[6]  ; Clock      ; 9.741  ; 9.639  ; Fall       ; Clock           ;
;  PC_OUT[7]  ; Clock      ; 9.973  ; 9.822  ; Fall       ; Clock           ;
; Zflag       ; Clock      ; 9.770  ; 9.653  ; Fall       ; Clock           ;
+-------------+------------+--------+--------+------------+-----------------+


+---------------------------------------------------------------------------+
; Output Enable Times                                                       ;
+-------------+------------+--------+--------+------------+-----------------+
; Data Port   ; Clock Port ; Rise   ; Fall   ; Clock Edge ; Clock Reference ;
+-------------+------------+--------+--------+------------+-----------------+
; AR_IN[*]    ; Clock      ; 14.235 ; 14.166 ; Rise       ; Clock           ;
;  AR_IN[0]   ; Clock      ; 14.235 ; 14.166 ; Rise       ; Clock           ;
;  AR_IN[1]   ; Clock      ; 14.748 ; 14.679 ; Rise       ; Clock           ;
;  AR_IN[2]   ; Clock      ; 14.774 ; 14.705 ; Rise       ; Clock           ;
;  AR_IN[3]   ; Clock      ; 14.748 ; 14.679 ; Rise       ; Clock           ;
;  AR_IN[4]   ; Clock      ; 14.774 ; 14.705 ; Rise       ; Clock           ;
;  AR_IN[5]   ; Clock      ; 14.594 ; 14.525 ; Rise       ; Clock           ;
;  AR_IN[6]   ; Clock      ; 14.252 ; 14.183 ; Rise       ; Clock           ;
;  AR_IN[7]   ; Clock      ; 14.522 ; 14.453 ; Rise       ; Clock           ;
; MainBus[*]  ; Clock      ; 14.235 ; 14.166 ; Rise       ; Clock           ;
;  MainBus[0] ; Clock      ; 14.235 ; 14.166 ; Rise       ; Clock           ;
;  MainBus[1] ; Clock      ; 14.748 ; 14.679 ; Rise       ; Clock           ;
;  MainBus[2] ; Clock      ; 15.965 ; 15.949 ; Rise       ; Clock           ;
;  MainBus[3] ; Clock      ; 14.748 ; 14.679 ; Rise       ; Clock           ;
;  MainBus[4] ; Clock      ; 14.774 ; 14.705 ; Rise       ; Clock           ;
;  MainBus[5] ; Clock      ; 14.594 ; 14.525 ; Rise       ; Clock           ;
;  MainBus[6] ; Clock      ; 14.252 ; 14.183 ; Rise       ; Clock           ;
;  MainBus[7] ; Clock      ; 14.522 ; 14.453 ; Rise       ; Clock           ;
+-------------+------------+--------+--------+------------+-----------------+


+---------------------------------------------------------------------------+
; Minimum Output Enable Times                                               ;
+-------------+------------+--------+--------+------------+-----------------+
; Data Port   ; Clock Port ; Rise   ; Fall   ; Clock Edge ; Clock Reference ;
+-------------+------------+--------+--------+------------+-----------------+
; AR_IN[*]    ; Clock      ; 12.179 ; 12.110 ; Rise       ; Clock           ;
;  AR_IN[0]   ; Clock      ; 12.179 ; 12.110 ; Rise       ; Clock           ;
;  AR_IN[1]   ; Clock      ; 12.671 ; 12.602 ; Rise       ; Clock           ;
;  AR_IN[2]   ; Clock      ; 12.697 ; 12.628 ; Rise       ; Clock           ;
;  AR_IN[3]   ; Clock      ; 12.671 ; 12.602 ; Rise       ; Clock           ;
;  AR_IN[4]   ; Clock      ; 12.697 ; 12.628 ; Rise       ; Clock           ;
;  AR_IN[5]   ; Clock      ; 12.524 ; 12.455 ; Rise       ; Clock           ;
;  AR_IN[6]   ; Clock      ; 12.196 ; 12.127 ; Rise       ; Clock           ;
;  AR_IN[7]   ; Clock      ; 12.455 ; 12.386 ; Rise       ; Clock           ;
; MainBus[*]  ; Clock      ; 12.179 ; 12.110 ; Rise       ; Clock           ;
;  MainBus[0] ; Clock      ; 12.179 ; 12.110 ; Rise       ; Clock           ;
;  MainBus[1] ; Clock      ; 12.671 ; 12.602 ; Rise       ; Clock           ;
;  MainBus[2] ; Clock      ; 13.888 ; 13.872 ; Rise       ; Clock           ;
;  MainBus[3] ; Clock      ; 12.671 ; 12.602 ; Rise       ; Clock           ;
;  MainBus[4] ; Clock      ; 12.697 ; 12.628 ; Rise       ; Clock           ;
;  MainBus[5] ; Clock      ; 12.524 ; 12.455 ; Rise       ; Clock           ;
;  MainBus[6] ; Clock      ; 12.196 ; 12.127 ; Rise       ; Clock           ;
;  MainBus[7] ; Clock      ; 12.455 ; 12.386 ; Rise       ; Clock           ;
+-------------+------------+--------+--------+------------+-----------------+


+---------------------------------------------------------------------------------+
; Output Disable Times                                                            ;
+-------------+------------+-----------+-----------+------------+-----------------+
; Data Port   ; Clock Port ; 0 to Hi-Z ; 1 to Hi-Z ; Clock Edge ; Clock Reference ;
+-------------+------------+-----------+-----------+------------+-----------------+
; AR_IN[*]    ; Clock      ; 13.805    ; 13.874    ; Rise       ; Clock           ;
;  AR_IN[0]   ; Clock      ; 13.805    ; 13.874    ; Rise       ; Clock           ;
;  AR_IN[1]   ; Clock      ; 14.281    ; 14.350    ; Rise       ; Clock           ;
;  AR_IN[2]   ; Clock      ; 14.305    ; 14.374    ; Rise       ; Clock           ;
;  AR_IN[3]   ; Clock      ; 14.281    ; 14.350    ; Rise       ; Clock           ;
;  AR_IN[4]   ; Clock      ; 14.305    ; 14.374    ; Rise       ; Clock           ;
;  AR_IN[5]   ; Clock      ; 14.374    ; 14.443    ; Rise       ; Clock           ;
;  AR_IN[6]   ; Clock      ; 13.818    ; 13.887    ; Rise       ; Clock           ;
;  AR_IN[7]   ; Clock      ; 14.078    ; 14.147    ; Rise       ; Clock           ;
; MainBus[*]  ; Clock      ; 13.805    ; 13.874    ; Rise       ; Clock           ;
;  MainBus[0] ; Clock      ; 13.805    ; 13.874    ; Rise       ; Clock           ;
;  MainBus[1] ; Clock      ; 14.281    ; 14.350    ; Rise       ; Clock           ;
;  MainBus[2] ; Clock      ; 15.549    ; 15.565    ; Rise       ; Clock           ;
;  MainBus[3] ; Clock      ; 14.281    ; 14.350    ; Rise       ; Clock           ;
;  MainBus[4] ; Clock      ; 14.305    ; 14.374    ; Rise       ; Clock           ;
;  MainBus[5] ; Clock      ; 14.374    ; 14.443    ; Rise       ; Clock           ;
;  MainBus[6] ; Clock      ; 13.818    ; 13.887    ; Rise       ; Clock           ;
;  MainBus[7] ; Clock      ; 14.078    ; 14.147    ; Rise       ; Clock           ;
+-------------+------------+-----------+-----------+------------+-----------------+


+---------------------------------------------------------------------------------+
; Minimum Output Disable Times                                                    ;
+-------------+------------+-----------+-----------+------------+-----------------+
; Data Port   ; Clock Port ; 0 to Hi-Z ; 1 to Hi-Z ; Clock Edge ; Clock Reference ;
+-------------+------------+-----------+-----------+------------+-----------------+
; AR_IN[*]    ; Clock      ; 11.907    ; 11.976    ; Rise       ; Clock           ;
;  AR_IN[0]   ; Clock      ; 11.907    ; 11.976    ; Rise       ; Clock           ;
;  AR_IN[1]   ; Clock      ; 12.365    ; 12.434    ; Rise       ; Clock           ;
;  AR_IN[2]   ; Clock      ; 12.388    ; 12.457    ; Rise       ; Clock           ;
;  AR_IN[3]   ; Clock      ; 12.365    ; 12.434    ; Rise       ; Clock           ;
;  AR_IN[4]   ; Clock      ; 12.388    ; 12.457    ; Rise       ; Clock           ;
;  AR_IN[5]   ; Clock      ; 12.454    ; 12.523    ; Rise       ; Clock           ;
;  AR_IN[6]   ; Clock      ; 11.920    ; 11.989    ; Rise       ; Clock           ;
;  AR_IN[7]   ; Clock      ; 12.170    ; 12.239    ; Rise       ; Clock           ;
; MainBus[*]  ; Clock      ; 11.907    ; 11.976    ; Rise       ; Clock           ;
;  MainBus[0] ; Clock      ; 11.907    ; 11.976    ; Rise       ; Clock           ;
;  MainBus[1] ; Clock      ; 12.365    ; 12.434    ; Rise       ; Clock           ;
;  MainBus[2] ; Clock      ; 13.632    ; 13.648    ; Rise       ; Clock           ;
;  MainBus[3] ; Clock      ; 12.365    ; 12.434    ; Rise       ; Clock           ;
;  MainBus[4] ; Clock      ; 12.388    ; 12.457    ; Rise       ; Clock           ;
;  MainBus[5] ; Clock      ; 12.454    ; 12.523    ; Rise       ; Clock           ;
;  MainBus[6] ; Clock      ; 11.920    ; 11.989    ; Rise       ; Clock           ;
;  MainBus[7] ; Clock      ; 12.170    ; 12.239    ; Rise       ; Clock           ;
+-------------+------------+-----------+-----------+------------+-----------------+


---------------------------------------------
; Slow 1200mV 0C Model Metastability Report ;
---------------------------------------------
No synchronizer chains to report.


+------------------------------------+
; Fast 1200mV 0C Model Setup Summary ;
+-------+--------+-------------------+
; Clock ; Slack  ; End Point TNS     ;
+-------+--------+-------------------+
; Clock ; -4.041 ; -100.168          ;
+-------+--------+-------------------+


+-----------------------------------+
; Fast 1200mV 0C Model Hold Summary ;
+-------+-------+-------------------+
; Clock ; Slack ; End Point TNS     ;
+-------+-------+-------------------+
; Clock ; 0.180 ; 0.000             ;
+-------+-------+-------------------+


-----------------------------------------
; Fast 1200mV 0C Model Recovery Summary ;
-----------------------------------------
No paths to report.


----------------------------------------
; Fast 1200mV 0C Model Removal Summary ;
----------------------------------------
No paths to report.


+--------------------------------------------------+
; Fast 1200mV 0C Model Minimum Pulse Width Summary ;
+-------+--------+---------------------------------+
; Clock ; Slack  ; End Point TNS                   ;
+-------+--------+---------------------------------+
; Clock ; -3.000 ; -50.812                         ;
+-------+--------+---------------------------------+


+--------------------------------------------------------------------------------------------------------------------------------------------------------------------------------------------------------------------------------+
; Fast 1200mV 0C Model Setup: 'Clock'                                                                                                                                                                                            ;
+--------+----------------------------+--------------------------------------------------------------------------------------------------------------------+--------------+-------------+--------------+------------+------------+
; Slack  ; From Node                  ; To Node                                                                                                            ; Launch Clock ; Latch Clock ; Relationship ; Clock Skew ; Data Delay ;
+--------+----------------------------+--------------------------------------------------------------------------------------------------------------------+--------------+-------------+--------------+------------+------------+
; -4.041 ; map_logic:inst|map_addr[4] ; MainMainBlock:inst3|altsyncram:altsyncram_component|altsyncram_nsi1:auto_generated|ram_block1a0~porta_datain_reg0  ; Clock        ; Clock       ; 1.000        ; -1.890     ; 3.160      ;
; -3.968 ; map_logic:inst|map_addr[1] ; MainMainBlock:inst3|altsyncram:altsyncram_component|altsyncram_nsi1:auto_generated|ram_block1a0~porta_datain_reg0  ; Clock        ; Clock       ; 1.000        ; -1.890     ; 3.087      ;
; -3.848 ; map_logic:inst|map_addr[2] ; MainMainBlock:inst3|altsyncram:altsyncram_component|altsyncram_nsi1:auto_generated|ram_block1a0~porta_datain_reg0  ; Clock        ; Clock       ; 1.000        ; -1.890     ; 2.967      ;
; -3.824 ; map_logic:inst|map_addr[3] ; MainMainBlock:inst3|altsyncram:altsyncram_component|altsyncram_nsi1:auto_generated|ram_block1a0~porta_datain_reg0  ; Clock        ; Clock       ; 1.000        ; -1.890     ; 2.943      ;
; -3.641 ; map_logic:inst|map_addr[0] ; MainMainBlock:inst3|altsyncram:altsyncram_component|altsyncram_nsi1:auto_generated|ram_block1a0~porta_datain_reg0  ; Clock        ; Clock       ; 1.000        ; -1.890     ; 2.760      ;
; -3.539 ; reg8:DR|q[2]               ; MainMainBlock:inst3|altsyncram:altsyncram_component|altsyncram_nsi1:auto_generated|ram_block1a0~porta_datain_reg0  ; Clock        ; Clock       ; 0.500        ; -1.897     ; 2.151      ;
; -3.524 ; reg8:DR|q[0]               ; MainMainBlock:inst3|altsyncram:altsyncram_component|altsyncram_nsi1:auto_generated|ram_block1a0~porta_datain_reg0  ; Clock        ; Clock       ; 0.500        ; -1.897     ; 2.136      ;
; -3.463 ; reg8:DR|q[3]               ; MainMainBlock:inst3|altsyncram:altsyncram_component|altsyncram_nsi1:auto_generated|ram_block1a0~porta_datain_reg0  ; Clock        ; Clock       ; 0.500        ; -1.900     ; 2.072      ;
; -3.338 ; reg8:DR|q[1]               ; MainMainBlock:inst3|altsyncram:altsyncram_component|altsyncram_nsi1:auto_generated|ram_block1a0~porta_datain_reg0  ; Clock        ; Clock       ; 0.500        ; -1.897     ; 1.950      ;
; -3.302 ; reg8:AC|q[2]               ; MainMainBlock:inst3|altsyncram:altsyncram_component|altsyncram_nsi1:auto_generated|ram_block1a0~porta_datain_reg0  ; Clock        ; Clock       ; 0.500        ; -1.897     ; 1.914      ;
; -3.288 ; reg8:AC|q[0]               ; MainMainBlock:inst3|altsyncram:altsyncram_component|altsyncram_nsi1:auto_generated|ram_block1a0~porta_datain_reg0  ; Clock        ; Clock       ; 0.500        ; -1.897     ; 1.900      ;
; -3.288 ; reg8:DR|q[7]               ; MainMainBlock:inst3|altsyncram:altsyncram_component|altsyncram_nsi1:auto_generated|ram_block1a0~porta_datain_reg0  ; Clock        ; Clock       ; 0.500        ; -1.896     ; 1.901      ;
; -3.278 ; reg8:DR|q[5]               ; MainMainBlock:inst3|altsyncram:altsyncram_component|altsyncram_nsi1:auto_generated|ram_block1a0~porta_datain_reg0  ; Clock        ; Clock       ; 0.500        ; -1.896     ; 1.891      ;
; -3.277 ; reg8:DR|q[4]               ; MainMainBlock:inst3|altsyncram:altsyncram_component|altsyncram_nsi1:auto_generated|ram_block1a0~porta_datain_reg0  ; Clock        ; Clock       ; 0.500        ; -1.897     ; 1.889      ;
; -3.250 ; reg8:AC|q[1]               ; MainMainBlock:inst3|altsyncram:altsyncram_component|altsyncram_nsi1:auto_generated|ram_block1a0~porta_datain_reg0  ; Clock        ; Clock       ; 0.500        ; -1.897     ; 1.862      ;
; -3.132 ; PCreg8:inst27|q[1]         ; MainMainBlock:inst3|altsyncram:altsyncram_component|altsyncram_nsi1:auto_generated|ram_block1a0~porta_datain_reg0  ; Clock        ; Clock       ; 0.500        ; -1.895     ; 1.746      ;
; -3.113 ; reg8:DR|q[6]               ; MainMainBlock:inst3|altsyncram:altsyncram_component|altsyncram_nsi1:auto_generated|ram_block1a0~porta_datain_reg0  ; Clock        ; Clock       ; 0.500        ; -1.896     ; 1.726      ;
; -3.108 ; reg8:AC|q[4]               ; MainMainBlock:inst3|altsyncram:altsyncram_component|altsyncram_nsi1:auto_generated|ram_block1a0~porta_datain_reg0  ; Clock        ; Clock       ; 0.500        ; -1.897     ; 1.720      ;
; -3.081 ; reg8:AC|q[3]               ; MainMainBlock:inst3|altsyncram:altsyncram_component|altsyncram_nsi1:auto_generated|ram_block1a0~porta_datain_reg0  ; Clock        ; Clock       ; 0.500        ; -1.897     ; 1.693      ;
; -3.070 ; reg8:AC|q[6]               ; MainMainBlock:inst3|altsyncram:altsyncram_component|altsyncram_nsi1:auto_generated|ram_block1a0~porta_datain_reg0  ; Clock        ; Clock       ; 0.500        ; -1.896     ; 1.683      ;
; -3.030 ; reg8:AC|q[5]               ; MainMainBlock:inst3|altsyncram:altsyncram_component|altsyncram_nsi1:auto_generated|ram_block1a0~porta_datain_reg0  ; Clock        ; Clock       ; 0.500        ; -1.898     ; 1.641      ;
; -2.904 ; PCreg8:inst27|q[3]         ; MainMainBlock:inst3|altsyncram:altsyncram_component|altsyncram_nsi1:auto_generated|ram_block1a0~porta_datain_reg0  ; Clock        ; Clock       ; 0.500        ; -1.895     ; 1.518      ;
; -2.898 ; reg8:AC|q[7]               ; MainMainBlock:inst3|altsyncram:altsyncram_component|altsyncram_nsi1:auto_generated|ram_block1a0~porta_datain_reg0  ; Clock        ; Clock       ; 0.500        ; -1.896     ; 1.511      ;
; -2.874 ; map_logic:inst|map_addr[4] ; reg8:AC|q[3]                                                                                                       ; Clock        ; Clock       ; 0.500        ; -0.065     ; 3.296      ;
; -2.860 ; PCreg8:inst27|q[2]         ; MainMainBlock:inst3|altsyncram:altsyncram_component|altsyncram_nsi1:auto_generated|ram_block1a0~porta_datain_reg0  ; Clock        ; Clock       ; 0.500        ; -1.895     ; 1.474      ;
; -2.853 ; PCreg8:inst27|q[6]         ; MainMainBlock:inst3|altsyncram:altsyncram_component|altsyncram_nsi1:auto_generated|ram_block1a0~porta_datain_reg0  ; Clock        ; Clock       ; 0.500        ; -1.895     ; 1.467      ;
; -2.839 ; PCreg8:inst27|q[7]         ; MainMainBlock:inst3|altsyncram:altsyncram_component|altsyncram_nsi1:auto_generated|ram_block1a0~porta_datain_reg0  ; Clock        ; Clock       ; 0.500        ; -1.895     ; 1.453      ;
; -2.826 ; IRreg3:inst13|q[0]         ; MainMainBlock:inst3|altsyncram:altsyncram_component|altsyncram_nsi1:auto_generated|ram_block1a0~porta_we_reg       ; Clock        ; Clock       ; 0.500        ; -1.903     ; 1.432      ;
; -2.821 ; IRreg3:inst13|q[0]         ; MainMainBlock:inst3|altsyncram:altsyncram_component|altsyncram_nsi1:auto_generated|ram_block1a0~porta_re_reg       ; Clock        ; Clock       ; 0.500        ; -1.903     ; 1.427      ;
; -2.801 ; map_logic:inst|map_addr[1] ; reg8:AC|q[3]                                                                                                       ; Clock        ; Clock       ; 0.500        ; -0.065     ; 3.223      ;
; -2.799 ; map_logic:inst|map_addr[4] ; reg8:DR|q[1]                                                                                                       ; Clock        ; Clock       ; 0.500        ; -0.065     ; 3.221      ;
; -2.799 ; map_logic:inst|map_addr[4] ; reg8:AC|q[1]                                                                                                       ; Clock        ; Clock       ; 0.500        ; -0.065     ; 3.221      ;
; -2.762 ; PCreg8:inst27|q[4]         ; MainMainBlock:inst3|altsyncram:altsyncram_component|altsyncram_nsi1:auto_generated|ram_block1a0~porta_datain_reg0  ; Clock        ; Clock       ; 0.500        ; -1.895     ; 1.376      ;
; -2.745 ; IRreg3:inst13|q[0]         ; MainMainBlock:inst3|altsyncram:altsyncram_component|altsyncram_nsi1:auto_generated|ram_block1a0~porta_address_reg0 ; Clock        ; Clock       ; 0.500        ; -1.903     ; 1.351      ;
; -2.742 ; IRreg3:inst13|q[2]         ; MainMainBlock:inst3|altsyncram:altsyncram_component|altsyncram_nsi1:auto_generated|ram_block1a0~porta_re_reg       ; Clock        ; Clock       ; 0.500        ; -1.903     ; 1.348      ;
; -2.729 ; IRreg3:inst13|q[2]         ; MainMainBlock:inst3|altsyncram:altsyncram_component|altsyncram_nsi1:auto_generated|ram_block1a0~porta_we_reg       ; Clock        ; Clock       ; 0.500        ; -1.903     ; 1.335      ;
; -2.728 ; map_logic:inst|map_addr[4] ; ALUTest:inst12|Zflag                                                                                               ; Clock        ; Clock       ; 0.500        ; -0.061     ; 3.154      ;
; -2.726 ; map_logic:inst|map_addr[1] ; reg8:DR|q[1]                                                                                                       ; Clock        ; Clock       ; 0.500        ; -0.065     ; 3.148      ;
; -2.726 ; map_logic:inst|map_addr[1] ; reg8:AC|q[1]                                                                                                       ; Clock        ; Clock       ; 0.500        ; -0.065     ; 3.148      ;
; -2.711 ; map_logic:inst|map_addr[4] ; reg8:DR|q[5]                                                                                                       ; Clock        ; Clock       ; 0.500        ; -0.066     ; 3.132      ;
; -2.704 ; PCreg8:inst27|q[5]         ; MainMainBlock:inst3|altsyncram:altsyncram_component|altsyncram_nsi1:auto_generated|ram_block1a0~porta_datain_reg0  ; Clock        ; Clock       ; 0.500        ; -1.895     ; 1.318      ;
; -2.693 ; IRreg3:inst13|q[1]         ; MainMainBlock:inst3|altsyncram:altsyncram_component|altsyncram_nsi1:auto_generated|ram_block1a0~porta_re_reg       ; Clock        ; Clock       ; 0.500        ; -1.903     ; 1.299      ;
; -2.689 ; PCreg8:inst27|q[0]         ; MainMainBlock:inst3|altsyncram:altsyncram_component|altsyncram_nsi1:auto_generated|ram_block1a0~porta_datain_reg0  ; Clock        ; Clock       ; 0.500        ; -1.895     ; 1.303      ;
; -2.683 ; IRreg3:inst13|q[1]         ; MainMainBlock:inst3|altsyncram:altsyncram_component|altsyncram_nsi1:auto_generated|ram_block1a0~porta_we_reg       ; Clock        ; Clock       ; 0.500        ; -1.903     ; 1.289      ;
; -2.683 ; map_logic:inst|map_addr[4] ; reg8:AC|q[5]                                                                                                       ; Clock        ; Clock       ; 0.500        ; -0.064     ; 3.106      ;
; -2.681 ; map_logic:inst|map_addr[2] ; reg8:AC|q[3]                                                                                                       ; Clock        ; Clock       ; 0.500        ; -0.065     ; 3.103      ;
; -2.657 ; map_logic:inst|map_addr[3] ; reg8:AC|q[3]                                                                                                       ; Clock        ; Clock       ; 0.500        ; -0.065     ; 3.079      ;
; -2.655 ; map_logic:inst|map_addr[1] ; ALUTest:inst12|Zflag                                                                                               ; Clock        ; Clock       ; 0.500        ; -0.061     ; 3.081      ;
; -2.652 ; IRreg3:inst13|q[2]         ; MainMainBlock:inst3|altsyncram:altsyncram_component|altsyncram_nsi1:auto_generated|ram_block1a0~porta_address_reg0 ; Clock        ; Clock       ; 0.500        ; -1.903     ; 1.258      ;
; -2.638 ; map_logic:inst|map_addr[4] ; reg8:AC|q[4]                                                                                                       ; Clock        ; Clock       ; 0.500        ; -0.065     ; 3.060      ;
; -2.638 ; map_logic:inst|map_addr[1] ; reg8:DR|q[5]                                                                                                       ; Clock        ; Clock       ; 0.500        ; -0.066     ; 3.059      ;
; -2.636 ; map_logic:inst|map_addr[4] ; reg8:DR|q[3]                                                                                                       ; Clock        ; Clock       ; 0.500        ; -0.062     ; 3.061      ;
; -2.636 ; map_logic:inst|map_addr[4] ; ARreg8:inst2|q[3]                                                                                                  ; Clock        ; Clock       ; 0.500        ; -0.062     ; 3.061      ;
; -2.636 ; map_logic:inst|map_addr[4] ; reg8:DR|q[4]                                                                                                       ; Clock        ; Clock       ; 0.500        ; -0.065     ; 3.058      ;
; -2.610 ; map_logic:inst|map_addr[1] ; reg8:AC|q[5]                                                                                                       ; Clock        ; Clock       ; 0.500        ; -0.064     ; 3.033      ;
; -2.606 ; map_logic:inst|map_addr[2] ; reg8:DR|q[1]                                                                                                       ; Clock        ; Clock       ; 0.500        ; -0.065     ; 3.028      ;
; -2.606 ; map_logic:inst|map_addr[2] ; reg8:AC|q[1]                                                                                                       ; Clock        ; Clock       ; 0.500        ; -0.065     ; 3.028      ;
; -2.605 ; map_logic:inst|map_addr[4] ; reg8:DR|q[2]                                                                                                       ; Clock        ; Clock       ; 0.500        ; -0.065     ; 3.027      ;
; -2.604 ; map_logic:inst|map_addr[4] ; reg8:AC|q[2]                                                                                                       ; Clock        ; Clock       ; 0.500        ; -0.065     ; 3.026      ;
; -2.603 ; IRreg3:inst13|q[1]         ; MainMainBlock:inst3|altsyncram:altsyncram_component|altsyncram_nsi1:auto_generated|ram_block1a0~porta_address_reg0 ; Clock        ; Clock       ; 0.500        ; -1.903     ; 1.209      ;
; -2.593 ; map_logic:inst|map_addr[4] ; reg8:AC|q[6]                                                                                                       ; Clock        ; Clock       ; 0.500        ; -0.066     ; 3.014      ;
; -2.591 ; map_logic:inst|map_addr[4] ; reg8:DR|q[6]                                                                                                       ; Clock        ; Clock       ; 0.500        ; -0.066     ; 3.012      ;
; -2.588 ; ARreg8:inst2|q[0]          ; MainMainBlock:inst3|altsyncram:altsyncram_component|altsyncram_nsi1:auto_generated|ram_block1a0~porta_address_reg0 ; Clock        ; Clock       ; 0.500        ; -1.901     ; 1.196      ;
; -2.584 ; map_logic:inst|map_addr[4] ; MainMainBlock:inst3|altsyncram:altsyncram_component|altsyncram_nsi1:auto_generated|ram_block1a0~porta_we_reg       ; Clock        ; Clock       ; 1.000        ; -1.893     ; 1.700      ;
; -2.583 ; map_logic:inst|map_addr[3] ; MainMainBlock:inst3|altsyncram:altsyncram_component|altsyncram_nsi1:auto_generated|ram_block1a0~porta_we_reg       ; Clock        ; Clock       ; 1.000        ; -1.893     ; 1.699      ;
; -2.582 ; map_logic:inst|map_addr[3] ; reg8:DR|q[1]                                                                                                       ; Clock        ; Clock       ; 0.500        ; -0.065     ; 3.004      ;
; -2.582 ; map_logic:inst|map_addr[3] ; reg8:AC|q[1]                                                                                                       ; Clock        ; Clock       ; 0.500        ; -0.065     ; 3.004      ;
; -2.567 ; map_logic:inst|map_addr[0] ; MainMainBlock:inst3|altsyncram:altsyncram_component|altsyncram_nsi1:auto_generated|ram_block1a0~porta_re_reg       ; Clock        ; Clock       ; 1.000        ; -1.893     ; 1.683      ;
; -2.565 ; map_logic:inst|map_addr[1] ; reg8:AC|q[4]                                                                                                       ; Clock        ; Clock       ; 0.500        ; -0.065     ; 2.987      ;
; -2.563 ; map_logic:inst|map_addr[1] ; reg8:DR|q[3]                                                                                                       ; Clock        ; Clock       ; 0.500        ; -0.062     ; 2.988      ;
; -2.563 ; map_logic:inst|map_addr[1] ; ARreg8:inst2|q[3]                                                                                                  ; Clock        ; Clock       ; 0.500        ; -0.062     ; 2.988      ;
; -2.563 ; map_logic:inst|map_addr[1] ; reg8:DR|q[4]                                                                                                       ; Clock        ; Clock       ; 0.500        ; -0.065     ; 2.985      ;
; -2.541 ; IRreg3:inst13|q[0]         ; MDcounter5:inst9|MDaddr[0]                                                                                         ; Clock        ; Clock       ; 0.500        ; -2.077     ; 0.951      ;
; -2.541 ; IRreg3:inst13|q[0]         ; MDcounter5:inst9|MDaddr[1]                                                                                         ; Clock        ; Clock       ; 0.500        ; -2.077     ; 0.951      ;
; -2.541 ; IRreg3:inst13|q[0]         ; MDcounter5:inst9|MDaddr[2]                                                                                         ; Clock        ; Clock       ; 0.500        ; -2.077     ; 0.951      ;
; -2.541 ; IRreg3:inst13|q[0]         ; MDcounter5:inst9|MDaddr[3]                                                                                         ; Clock        ; Clock       ; 0.500        ; -2.077     ; 0.951      ;
; -2.541 ; IRreg3:inst13|q[0]         ; MDcounter5:inst9|MDaddr[4]                                                                                         ; Clock        ; Clock       ; 0.500        ; -2.077     ; 0.951      ;
; -2.537 ; map_logic:inst|map_addr[2] ; MainMainBlock:inst3|altsyncram:altsyncram_component|altsyncram_nsi1:auto_generated|ram_block1a0~porta_re_reg       ; Clock        ; Clock       ; 1.000        ; -1.893     ; 1.653      ;
; -2.535 ; map_logic:inst|map_addr[2] ; ALUTest:inst12|Zflag                                                                                               ; Clock        ; Clock       ; 0.500        ; -0.061     ; 2.961      ;
; -2.532 ; map_logic:inst|map_addr[1] ; reg8:DR|q[2]                                                                                                       ; Clock        ; Clock       ; 0.500        ; -0.065     ; 2.954      ;
; -2.531 ; map_logic:inst|map_addr[1] ; reg8:AC|q[2]                                                                                                       ; Clock        ; Clock       ; 0.500        ; -0.065     ; 2.953      ;
; -2.530 ; map_logic:inst|map_addr[1] ; MainMainBlock:inst3|altsyncram:altsyncram_component|altsyncram_nsi1:auto_generated|ram_block1a0~porta_re_reg       ; Clock        ; Clock       ; 1.000        ; -1.893     ; 1.646      ;
; -2.520 ; map_logic:inst|map_addr[1] ; reg8:AC|q[6]                                                                                                       ; Clock        ; Clock       ; 0.500        ; -0.066     ; 2.941      ;
; -2.518 ; map_logic:inst|map_addr[2] ; reg8:DR|q[5]                                                                                                       ; Clock        ; Clock       ; 0.500        ; -0.066     ; 2.939      ;
; -2.518 ; map_logic:inst|map_addr[1] ; reg8:DR|q[6]                                                                                                       ; Clock        ; Clock       ; 0.500        ; -0.066     ; 2.939      ;
; -2.511 ; map_logic:inst|map_addr[3] ; ALUTest:inst12|Zflag                                                                                               ; Clock        ; Clock       ; 0.500        ; -0.061     ; 2.937      ;
; -2.508 ; map_logic:inst|map_addr[1] ; MainMainBlock:inst3|altsyncram:altsyncram_component|altsyncram_nsi1:auto_generated|ram_block1a0~porta_we_reg       ; Clock        ; Clock       ; 1.000        ; -1.893     ; 1.624      ;
; -2.494 ; map_logic:inst|map_addr[3] ; reg8:DR|q[5]                                                                                                       ; Clock        ; Clock       ; 0.500        ; -0.066     ; 2.915      ;
; -2.492 ; map_logic:inst|map_addr[4] ; ARreg8:inst2|q[2]                                                                                                  ; Clock        ; Clock       ; 0.500        ; -0.064     ; 2.915      ;
; -2.490 ; map_logic:inst|map_addr[2] ; reg8:AC|q[5]                                                                                                       ; Clock        ; Clock       ; 0.500        ; -0.064     ; 2.913      ;
; -2.474 ; map_logic:inst|map_addr[0] ; reg8:AC|q[3]                                                                                                       ; Clock        ; Clock       ; 0.500        ; -0.065     ; 2.896      ;
; -2.466 ; map_logic:inst|map_addr[3] ; reg8:AC|q[5]                                                                                                       ; Clock        ; Clock       ; 0.500        ; -0.064     ; 2.889      ;
; -2.452 ; map_logic:inst|map_addr[3] ; reg8:AC|q[4]                                                                                                       ; Clock        ; Clock       ; 0.500        ; -0.065     ; 2.874      ;
; -2.451 ; map_logic:inst|map_addr[3] ; reg8:DR|q[4]                                                                                                       ; Clock        ; Clock       ; 0.500        ; -0.065     ; 2.873      ;
; -2.445 ; map_logic:inst|map_addr[2] ; reg8:AC|q[4]                                                                                                       ; Clock        ; Clock       ; 0.500        ; -0.065     ; 2.867      ;
; -2.443 ; map_logic:inst|map_addr[2] ; reg8:DR|q[3]                                                                                                       ; Clock        ; Clock       ; 0.500        ; -0.062     ; 2.868      ;
; -2.443 ; map_logic:inst|map_addr[2] ; ARreg8:inst2|q[3]                                                                                                  ; Clock        ; Clock       ; 0.500        ; -0.062     ; 2.868      ;
; -2.443 ; map_logic:inst|map_addr[2] ; reg8:DR|q[4]                                                                                                       ; Clock        ; Clock       ; 0.500        ; -0.065     ; 2.865      ;
; -2.436 ; IRreg3:inst13|q[2]         ; MDcounter5:inst9|MDaddr[0]                                                                                         ; Clock        ; Clock       ; 0.500        ; -2.077     ; 0.846      ;
; -2.436 ; IRreg3:inst13|q[2]         ; MDcounter5:inst9|MDaddr[1]                                                                                         ; Clock        ; Clock       ; 0.500        ; -2.077     ; 0.846      ;
+--------+----------------------------+--------------------------------------------------------------------------------------------------------------------+--------------+-------------+--------------+------------+------------+


+-----------------------------------------------------------------------------------------------------------------------------------------------------------------------------------------------------------------------------------------------------------------------------------------------------------------+
; Fast 1200mV 0C Model Hold: 'Clock'                                                                                                                                                                                                                                                                              ;
+-------+--------------------------------------------------------------------------------------------------------------+--------------------------------------------------------------------------------------------------------------------+--------------+-------------+--------------+------------+------------+
; Slack ; From Node                                                                                                    ; To Node                                                                                                            ; Launch Clock ; Latch Clock ; Relationship ; Clock Skew ; Data Delay ;
+-------+--------------------------------------------------------------------------------------------------------------+--------------------------------------------------------------------------------------------------------------------+--------------+-------------+--------------+------------+------------+
; 0.180 ; map_logic:inst|map_addr[4]                                                                                   ; map_logic:inst|map_addr[4]                                                                                         ; Clock        ; Clock       ; 0.000        ; 0.043      ; 0.307      ;
; 0.181 ; ALUTest:inst12|Zflag                                                                                         ; ALUTest:inst12|Zflag                                                                                               ; Clock        ; Clock       ; 0.000        ; 0.042      ; 0.307      ;
; 0.286 ; map_logic:inst|map_addr[2]                                                                                   ; map_logic:inst|map_addr[0]                                                                                         ; Clock        ; Clock       ; 0.000        ; 0.043      ; 0.413      ;
; 0.299 ; PCreg8:inst27|q[1]                                                                                           ; PCreg8:inst27|q[1]                                                                                                 ; Clock        ; Clock       ; 0.000        ; 0.043      ; 0.426      ;
; 0.300 ; PCreg8:inst27|q[6]                                                                                           ; PCreg8:inst27|q[6]                                                                                                 ; Clock        ; Clock       ; 0.000        ; 0.043      ; 0.427      ;
; 0.301 ; MDcounter5:inst9|MDaddr[1]                                                                                   ; MDcounter5:inst9|MDaddr[1]                                                                                         ; Clock        ; Clock       ; 0.000        ; 0.041      ; 0.426      ;
; 0.301 ; MDcounter5:inst9|MDaddr[4]                                                                                   ; MDcounter5:inst9|MDaddr[4]                                                                                         ; Clock        ; Clock       ; 0.000        ; 0.041      ; 0.426      ;
; 0.301 ; PCreg8:inst27|q[2]                                                                                           ; PCreg8:inst27|q[2]                                                                                                 ; Clock        ; Clock       ; 0.000        ; 0.043      ; 0.428      ;
; 0.301 ; PCreg8:inst27|q[4]                                                                                           ; PCreg8:inst27|q[4]                                                                                                 ; Clock        ; Clock       ; 0.000        ; 0.043      ; 0.428      ;
; 0.302 ; MDcounter5:inst9|MDaddr[3]                                                                                   ; MDcounter5:inst9|MDaddr[3]                                                                                         ; Clock        ; Clock       ; 0.000        ; 0.041      ; 0.427      ;
; 0.303 ; MDcounter5:inst9|MDaddr[2]                                                                                   ; MDcounter5:inst9|MDaddr[2]                                                                                         ; Clock        ; Clock       ; 0.000        ; 0.041      ; 0.428      ;
; 0.305 ; PCreg8:inst27|q[0]                                                                                           ; PCreg8:inst27|q[0]                                                                                                 ; Clock        ; Clock       ; 0.000        ; 0.043      ; 0.432      ;
; 0.309 ; PCreg8:inst27|q[7]                                                                                           ; PCreg8:inst27|q[7]                                                                                                 ; Clock        ; Clock       ; 0.000        ; 0.043      ; 0.436      ;
; 0.310 ; PCreg8:inst27|q[3]                                                                                           ; PCreg8:inst27|q[3]                                                                                                 ; Clock        ; Clock       ; 0.000        ; 0.043      ; 0.437      ;
; 0.310 ; PCreg8:inst27|q[5]                                                                                           ; PCreg8:inst27|q[5]                                                                                                 ; Clock        ; Clock       ; 0.000        ; 0.043      ; 0.437      ;
; 0.313 ; MDcounter5:inst9|MDaddr[0]                                                                                   ; MDcounter5:inst9|MDaddr[0]                                                                                         ; Clock        ; Clock       ; 0.000        ; 0.041      ; 0.438      ;
; 0.345 ; map_logic:inst|map_addr[4]                                                                                   ; map_logic:inst|map_addr[1]                                                                                         ; Clock        ; Clock       ; 0.000        ; 0.043      ; 0.472      ;
; 0.350 ; map_logic:inst|map_addr[3]                                                                                   ; map_logic:inst|map_addr[0]                                                                                         ; Clock        ; Clock       ; 0.000        ; 0.043      ; 0.477      ;
; 0.409 ; map_logic:inst|map_addr[0]                                                                                   ; map_logic:inst|map_addr[2]                                                                                         ; Clock        ; Clock       ; 0.000        ; 0.043      ; 0.536      ;
; 0.411 ; MainMainBlock:inst3|altsyncram:altsyncram_component|altsyncram_nsi1:auto_generated|ram_block1a0~porta_re_reg ; reg8:AC|q[7]                                                                                                       ; Clock        ; Clock       ; -0.500       ; 1.899      ; 1.914      ;
; 0.427 ; MainMainBlock:inst3|altsyncram:altsyncram_component|altsyncram_nsi1:auto_generated|ram_block1a0~porta_re_reg ; ARreg8:inst2|q[4]                                                                                                  ; Clock        ; Clock       ; -0.500       ; 1.901      ; 1.932      ;
; 0.434 ; MDcounter5:inst9|MDaddr[1]                                                                                   ; MainMainBlock:inst3|altsyncram:altsyncram_component|altsyncram_nsi1:auto_generated|ram_block1a0~porta_address_reg0 ; Clock        ; Clock       ; 0.000        ; 0.223      ; 0.761      ;
; 0.448 ; PCreg8:inst27|q[1]                                                                                           ; PCreg8:inst27|q[2]                                                                                                 ; Clock        ; Clock       ; 0.000        ; 0.043      ; 0.575      ;
; 0.450 ; MDcounter5:inst9|MDaddr[1]                                                                                   ; MDcounter5:inst9|MDaddr[2]                                                                                         ; Clock        ; Clock       ; 0.000        ; 0.041      ; 0.575      ;
; 0.451 ; MDcounter5:inst9|MDaddr[3]                                                                                   ; MDcounter5:inst9|MDaddr[4]                                                                                         ; Clock        ; Clock       ; 0.000        ; 0.041      ; 0.576      ;
; 0.454 ; map_logic:inst|map_addr[4]                                                                                   ; map_logic:inst|map_addr[2]                                                                                         ; Clock        ; Clock       ; 0.000        ; 0.043      ; 0.581      ;
; 0.456 ; map_logic:inst|map_addr[4]                                                                                   ; map_logic:inst|map_addr[3]                                                                                         ; Clock        ; Clock       ; 0.000        ; 0.043      ; 0.583      ;
; 0.458 ; PCreg8:inst27|q[0]                                                                                           ; PCreg8:inst27|q[1]                                                                                                 ; Clock        ; Clock       ; 0.000        ; 0.043      ; 0.585      ;
; 0.458 ; PCreg8:inst27|q[6]                                                                                           ; PCreg8:inst27|q[7]                                                                                                 ; Clock        ; Clock       ; 0.000        ; 0.043      ; 0.585      ;
; 0.459 ; PCreg8:inst27|q[5]                                                                                           ; PCreg8:inst27|q[6]                                                                                                 ; Clock        ; Clock       ; 0.000        ; 0.043      ; 0.586      ;
; 0.459 ; PCreg8:inst27|q[3]                                                                                           ; PCreg8:inst27|q[4]                                                                                                 ; Clock        ; Clock       ; 0.000        ; 0.043      ; 0.586      ;
; 0.459 ; PCreg8:inst27|q[2]                                                                                           ; PCreg8:inst27|q[3]                                                                                                 ; Clock        ; Clock       ; 0.000        ; 0.043      ; 0.586      ;
; 0.459 ; PCreg8:inst27|q[4]                                                                                           ; PCreg8:inst27|q[5]                                                                                                 ; Clock        ; Clock       ; 0.000        ; 0.043      ; 0.586      ;
; 0.460 ; MDcounter5:inst9|MDaddr[0]                                                                                   ; MDcounter5:inst9|MDaddr[1]                                                                                         ; Clock        ; Clock       ; 0.000        ; 0.041      ; 0.585      ;
; 0.461 ; MDcounter5:inst9|MDaddr[2]                                                                                   ; MDcounter5:inst9|MDaddr[3]                                                                                         ; Clock        ; Clock       ; 0.000        ; 0.041      ; 0.586      ;
; 0.461 ; PCreg8:inst27|q[0]                                                                                           ; PCreg8:inst27|q[2]                                                                                                 ; Clock        ; Clock       ; 0.000        ; 0.043      ; 0.588      ;
; 0.462 ; PCreg8:inst27|q[4]                                                                                           ; PCreg8:inst27|q[6]                                                                                                 ; Clock        ; Clock       ; 0.000        ; 0.043      ; 0.589      ;
; 0.462 ; PCreg8:inst27|q[2]                                                                                           ; PCreg8:inst27|q[4]                                                                                                 ; Clock        ; Clock       ; 0.000        ; 0.043      ; 0.589      ;
; 0.463 ; MDcounter5:inst9|MDaddr[0]                                                                                   ; MDcounter5:inst9|MDaddr[2]                                                                                         ; Clock        ; Clock       ; 0.000        ; 0.041      ; 0.588      ;
; 0.464 ; MDcounter5:inst9|MDaddr[2]                                                                                   ; MDcounter5:inst9|MDaddr[4]                                                                                         ; Clock        ; Clock       ; 0.000        ; 0.041      ; 0.589      ;
; 0.474 ; MainMainBlock:inst3|altsyncram:altsyncram_component|altsyncram_nsi1:auto_generated|ram_block1a0~porta_re_reg ; ARreg8:inst2|q[1]                                                                                                  ; Clock        ; Clock       ; -0.500       ; 1.903      ; 1.981      ;
; 0.488 ; MDcounter5:inst9|MDaddr[3]                                                                                   ; MainMainBlock:inst3|altsyncram:altsyncram_component|altsyncram_nsi1:auto_generated|ram_block1a0~porta_address_reg0 ; Clock        ; Clock       ; 0.000        ; 0.223      ; 0.815      ;
; 0.499 ; map_logic:inst|map_addr[1]                                                                                   ; map_logic:inst|map_addr[4]                                                                                         ; Clock        ; Clock       ; 0.000        ; 0.043      ; 0.626      ;
; 0.504 ; map_logic:inst|map_addr[2]                                                                                   ; map_logic:inst|map_addr[2]                                                                                         ; Clock        ; Clock       ; 0.000        ; 0.043      ; 0.631      ;
; 0.511 ; PCreg8:inst27|q[1]                                                                                           ; PCreg8:inst27|q[3]                                                                                                 ; Clock        ; Clock       ; 0.000        ; 0.043      ; 0.638      ;
; 0.513 ; MDcounter5:inst9|MDaddr[1]                                                                                   ; MDcounter5:inst9|MDaddr[3]                                                                                         ; Clock        ; Clock       ; 0.000        ; 0.041      ; 0.638      ;
; 0.513 ; map_logic:inst|map_addr[4]                                                                                   ; map_logic:inst|map_addr[0]                                                                                         ; Clock        ; Clock       ; 0.000        ; 0.043      ; 0.640      ;
; 0.513 ; MainMainBlock:inst3|altsyncram:altsyncram_component|altsyncram_nsi1:auto_generated|ram_block1a0~porta_re_reg ; ARreg8:inst2|q[0]                                                                                                  ; Clock        ; Clock       ; -0.500       ; 1.901      ; 2.018      ;
; 0.514 ; reg8:DR|q[7]                                                                                                 ; IRreg3:inst13|q[2]                                                                                                 ; Clock        ; Clock       ; 0.000        ; 0.047      ; 0.645      ;
; 0.514 ; PCreg8:inst27|q[1]                                                                                           ; PCreg8:inst27|q[4]                                                                                                 ; Clock        ; Clock       ; 0.000        ; 0.043      ; 0.641      ;
; 0.516 ; MDcounter5:inst9|MDaddr[1]                                                                                   ; MDcounter5:inst9|MDaddr[4]                                                                                         ; Clock        ; Clock       ; 0.000        ; 0.041      ; 0.641      ;
; 0.522 ; PCreg8:inst27|q[5]                                                                                           ; PCreg8:inst27|q[7]                                                                                                 ; Clock        ; Clock       ; 0.000        ; 0.043      ; 0.649      ;
; 0.522 ; PCreg8:inst27|q[3]                                                                                           ; PCreg8:inst27|q[5]                                                                                                 ; Clock        ; Clock       ; 0.000        ; 0.043      ; 0.649      ;
; 0.524 ; PCreg8:inst27|q[0]                                                                                           ; PCreg8:inst27|q[3]                                                                                                 ; Clock        ; Clock       ; 0.000        ; 0.043      ; 0.651      ;
; 0.525 ; PCreg8:inst27|q[3]                                                                                           ; PCreg8:inst27|q[6]                                                                                                 ; Clock        ; Clock       ; 0.000        ; 0.043      ; 0.652      ;
; 0.525 ; PCreg8:inst27|q[4]                                                                                           ; PCreg8:inst27|q[7]                                                                                                 ; Clock        ; Clock       ; 0.000        ; 0.043      ; 0.652      ;
; 0.525 ; PCreg8:inst27|q[2]                                                                                           ; PCreg8:inst27|q[5]                                                                                                 ; Clock        ; Clock       ; 0.000        ; 0.043      ; 0.652      ;
; 0.526 ; MDcounter5:inst9|MDaddr[0]                                                                                   ; MDcounter5:inst9|MDaddr[3]                                                                                         ; Clock        ; Clock       ; 0.000        ; 0.041      ; 0.651      ;
; 0.526 ; ARreg8:inst2|q[1]                                                                                            ; PCreg8:inst27|q[1]                                                                                                 ; Clock        ; Clock       ; 0.000        ; 0.038      ; 0.648      ;
; 0.527 ; PCreg8:inst27|q[0]                                                                                           ; PCreg8:inst27|q[4]                                                                                                 ; Clock        ; Clock       ; 0.000        ; 0.043      ; 0.654      ;
; 0.528 ; map_logic:inst|map_addr[2]                                                                                   ; map_logic:inst|map_addr[3]                                                                                         ; Clock        ; Clock       ; 0.000        ; 0.043      ; 0.655      ;
; 0.528 ; PCreg8:inst27|q[2]                                                                                           ; PCreg8:inst27|q[6]                                                                                                 ; Clock        ; Clock       ; 0.000        ; 0.043      ; 0.655      ;
; 0.529 ; MDcounter5:inst9|MDaddr[0]                                                                                   ; MDcounter5:inst9|MDaddr[4]                                                                                         ; Clock        ; Clock       ; 0.000        ; 0.041      ; 0.654      ;
; 0.538 ; map_logic:inst|map_addr[2]                                                                                   ; map_logic:inst|map_addr[4]                                                                                         ; Clock        ; Clock       ; 0.000        ; 0.043      ; 0.665      ;
; 0.542 ; map_logic:inst|map_addr[0]                                                                                   ; map_logic:inst|map_addr[1]                                                                                         ; Clock        ; Clock       ; 0.000        ; 0.043      ; 0.669      ;
; 0.557 ; MainMainBlock:inst3|altsyncram:altsyncram_component|altsyncram_nsi1:auto_generated|ram_block1a0~porta_re_reg ; ARreg8:inst2|q[2]                                                                                                  ; Clock        ; Clock       ; -0.500       ; 1.901      ; 2.062      ;
; 0.564 ; map_logic:inst|map_addr[0]                                                                                   ; map_logic:inst|map_addr[4]                                                                                         ; Clock        ; Clock       ; 0.000        ; 0.043      ; 0.691      ;
; 0.577 ; PCreg8:inst27|q[1]                                                                                           ; PCreg8:inst27|q[5]                                                                                                 ; Clock        ; Clock       ; 0.000        ; 0.043      ; 0.704      ;
; 0.580 ; PCreg8:inst27|q[1]                                                                                           ; PCreg8:inst27|q[6]                                                                                                 ; Clock        ; Clock       ; 0.000        ; 0.043      ; 0.707      ;
; 0.581 ; map_logic:inst|map_addr[0]                                                                                   ; map_logic:inst|map_addr[0]                                                                                         ; Clock        ; Clock       ; 0.000        ; 0.043      ; 0.708      ;
; 0.583 ; map_logic:inst|map_addr[1]                                                                                   ; map_logic:inst|map_addr[2]                                                                                         ; Clock        ; Clock       ; 0.000        ; 0.043      ; 0.710      ;
; 0.586 ; map_logic:inst|map_addr[1]                                                                                   ; map_logic:inst|map_addr[3]                                                                                         ; Clock        ; Clock       ; 0.000        ; 0.043      ; 0.713      ;
; 0.586 ; ARreg8:inst2|q[3]                                                                                            ; PCreg8:inst27|q[3]                                                                                                 ; Clock        ; Clock       ; 0.000        ; 0.038      ; 0.708      ;
; 0.588 ; PCreg8:inst27|q[3]                                                                                           ; PCreg8:inst27|q[7]                                                                                                 ; Clock        ; Clock       ; 0.000        ; 0.043      ; 0.715      ;
; 0.590 ; PCreg8:inst27|q[0]                                                                                           ; PCreg8:inst27|q[5]                                                                                                 ; Clock        ; Clock       ; 0.000        ; 0.043      ; 0.717      ;
; 0.591 ; PCreg8:inst27|q[2]                                                                                           ; PCreg8:inst27|q[7]                                                                                                 ; Clock        ; Clock       ; 0.000        ; 0.043      ; 0.718      ;
; 0.593 ; PCreg8:inst27|q[0]                                                                                           ; PCreg8:inst27|q[6]                                                                                                 ; Clock        ; Clock       ; 0.000        ; 0.043      ; 0.720      ;
; 0.596 ; map_logic:inst|map_addr[3]                                                                                   ; map_logic:inst|map_addr[2]                                                                                         ; Clock        ; Clock       ; 0.000        ; 0.043      ; 0.723      ;
; 0.597 ; MainMainBlock:inst3|altsyncram:altsyncram_component|altsyncram_nsi1:auto_generated|ram_block1a0~porta_re_reg ; reg8:AC|q[0]                                                                                                       ; Clock        ; Clock       ; -0.500       ; 1.900      ; 2.101      ;
; 0.598 ; MainMainBlock:inst3|altsyncram:altsyncram_component|altsyncram_nsi1:auto_generated|ram_block1a0~porta_re_reg ; reg8:DR|q[0]                                                                                                       ; Clock        ; Clock       ; -0.500       ; 1.900      ; 2.102      ;
; 0.600 ; map_logic:inst|map_addr[3]                                                                                   ; map_logic:inst|map_addr[3]                                                                                         ; Clock        ; Clock       ; 0.000        ; 0.043      ; 0.727      ;
; 0.602 ; map_logic:inst|map_addr[3]                                                                                   ; map_logic:inst|map_addr[4]                                                                                         ; Clock        ; Clock       ; 0.000        ; 0.043      ; 0.729      ;
; 0.604 ; reg8:DR|q[5]                                                                                                 ; IRreg3:inst13|q[0]                                                                                                 ; Clock        ; Clock       ; 0.000        ; 0.047      ; 0.735      ;
; 0.610 ; map_logic:inst|map_addr[3]                                                                                   ; map_logic:inst|map_addr[1]                                                                                         ; Clock        ; Clock       ; 0.000        ; 0.043      ; 0.737      ;
; 0.613 ; reg8:DR|q[7]                                                                                                 ; reg8:AC|q[7]                                                                                                       ; Clock        ; Clock       ; 0.000        ; 0.043      ; 0.740      ;
; 0.626 ; map_logic:inst|map_addr[1]                                                                                   ; map_logic:inst|map_addr[0]                                                                                         ; Clock        ; Clock       ; 0.000        ; 0.043      ; 0.753      ;
; 0.626 ; reg8:DR|q[6]                                                                                                 ; IRreg3:inst13|q[1]                                                                                                 ; Clock        ; Clock       ; 0.000        ; 0.047      ; 0.757      ;
; 0.627 ; map_logic:inst|map_addr[2]                                                                                   ; map_logic:inst|map_addr[1]                                                                                         ; Clock        ; Clock       ; 0.000        ; 0.043      ; 0.754      ;
; 0.643 ; PCreg8:inst27|q[1]                                                                                           ; PCreg8:inst27|q[7]                                                                                                 ; Clock        ; Clock       ; 0.000        ; 0.043      ; 0.770      ;
; 0.646 ; MDcounter5:inst9|MDaddr[0]                                                                                   ; MainMainBlock:inst3|altsyncram:altsyncram_component|altsyncram_nsi1:auto_generated|ram_block1a0~porta_address_reg0 ; Clock        ; Clock       ; 0.000        ; 0.223      ; 0.973      ;
; 0.647 ; MainMainBlock:inst3|altsyncram:altsyncram_component|altsyncram_nsi1:auto_generated|ram_block1a0~porta_re_reg ; reg8:AC|q[2]                                                                                                       ; Clock        ; Clock       ; -0.500       ; 1.900      ; 2.151      ;
; 0.648 ; MainMainBlock:inst3|altsyncram:altsyncram_component|altsyncram_nsi1:auto_generated|ram_block1a0~porta_re_reg ; reg8:DR|q[2]                                                                                                       ; Clock        ; Clock       ; -0.500       ; 1.900      ; 2.152      ;
; 0.648 ; MainMainBlock:inst3|altsyncram:altsyncram_component|altsyncram_nsi1:auto_generated|ram_block1a0~porta_re_reg ; reg8:DR|q[7]                                                                                                       ; Clock        ; Clock       ; -0.500       ; 1.899      ; 2.151      ;
; 0.655 ; ARreg8:inst2|q[0]                                                                                            ; PCreg8:inst27|q[0]                                                                                                 ; Clock        ; Clock       ; 0.000        ; 0.040      ; 0.779      ;
; 0.656 ; PCreg8:inst27|q[0]                                                                                           ; PCreg8:inst27|q[7]                                                                                                 ; Clock        ; Clock       ; 0.000        ; 0.043      ; 0.783      ;
; 0.669 ; MDcounter5:inst9|MDaddr[2]                                                                                   ; MainMainBlock:inst3|altsyncram:altsyncram_component|altsyncram_nsi1:auto_generated|ram_block1a0~porta_address_reg0 ; Clock        ; Clock       ; 0.000        ; 0.223      ; 0.996      ;
; 0.679 ; reg8:DR|q[4]                                                                                                 ; ARreg8:inst2|q[4]                                                                                                  ; Clock        ; Clock       ; 0.000        ; 0.044      ; 0.807      ;
; 0.712 ; map_logic:inst|map_addr[1]                                                                                   ; map_logic:inst|map_addr[1]                                                                                         ; Clock        ; Clock       ; 0.000        ; 0.043      ; 0.839      ;
; 0.721 ; MainMainBlock:inst3|altsyncram:altsyncram_component|altsyncram_nsi1:auto_generated|ram_block1a0~porta_re_reg ; reg8:AC|q[5]                                                                                                       ; Clock        ; Clock       ; -0.500       ; 1.901      ; 2.226      ;
; 0.727 ; ARreg8:inst2|q[4]                                                                                            ; PCreg8:inst27|q[4]                                                                                                 ; Clock        ; Clock       ; 0.000        ; 0.040      ; 0.851      ;
+-------+--------------------------------------------------------------------------------------------------------------+--------------------------------------------------------------------------------------------------------------------+--------------+-------------+--------------+------------+------------+


+-----------------------------------------------------------------------------------------------------------------------------------------------------------------------------------------------------+
; Fast 1200mV 0C Model Minimum Pulse Width: 'Clock'                                                                                                                                                   ;
+--------+--------------+----------------+------------------+-------+------------+--------------------------------------------------------------------------------------------------------------------+
; Slack  ; Actual Width ; Required Width ; Type             ; Clock ; Clock Edge ; Target                                                                                                             ;
+--------+--------------+----------------+------------------+-------+------------+--------------------------------------------------------------------------------------------------------------------+
; -3.000 ; 1.000        ; 4.000          ; Port Rate        ; Clock ; Rise       ; Clock                                                                                                              ;
; -1.000 ; 1.000        ; 2.000          ; Min Period       ; Clock ; Fall       ; ALUTest:inst12|Zflag                                                                                               ;
; -1.000 ; 1.000        ; 2.000          ; Min Period       ; Clock ; Fall       ; ARreg8:inst2|q[0]                                                                                                  ;
; -1.000 ; 1.000        ; 2.000          ; Min Period       ; Clock ; Fall       ; ARreg8:inst2|q[1]                                                                                                  ;
; -1.000 ; 1.000        ; 2.000          ; Min Period       ; Clock ; Fall       ; ARreg8:inst2|q[2]                                                                                                  ;
; -1.000 ; 1.000        ; 2.000          ; Min Period       ; Clock ; Fall       ; ARreg8:inst2|q[3]                                                                                                  ;
; -1.000 ; 1.000        ; 2.000          ; Min Period       ; Clock ; Fall       ; ARreg8:inst2|q[4]                                                                                                  ;
; -1.000 ; 1.000        ; 2.000          ; Min Period       ; Clock ; Fall       ; IRreg3:inst13|q[0]                                                                                                 ;
; -1.000 ; 1.000        ; 2.000          ; Min Period       ; Clock ; Fall       ; IRreg3:inst13|q[1]                                                                                                 ;
; -1.000 ; 1.000        ; 2.000          ; Min Period       ; Clock ; Fall       ; IRreg3:inst13|q[2]                                                                                                 ;
; -1.000 ; 1.000        ; 2.000          ; Min Period       ; Clock ; Rise       ; MDcounter5:inst9|MDaddr[0]                                                                                         ;
; -1.000 ; 1.000        ; 2.000          ; Min Period       ; Clock ; Rise       ; MDcounter5:inst9|MDaddr[1]                                                                                         ;
; -1.000 ; 1.000        ; 2.000          ; Min Period       ; Clock ; Rise       ; MDcounter5:inst9|MDaddr[2]                                                                                         ;
; -1.000 ; 1.000        ; 2.000          ; Min Period       ; Clock ; Rise       ; MDcounter5:inst9|MDaddr[3]                                                                                         ;
; -1.000 ; 1.000        ; 2.000          ; Min Period       ; Clock ; Rise       ; MDcounter5:inst9|MDaddr[4]                                                                                         ;
; -1.000 ; 1.000        ; 2.000          ; Min Period       ; Clock ; Rise       ; MainMainBlock:inst3|altsyncram:altsyncram_component|altsyncram_nsi1:auto_generated|ram_block1a0~porta_address_reg0 ;
; -1.000 ; 1.000        ; 2.000          ; Min Period       ; Clock ; Rise       ; MainMainBlock:inst3|altsyncram:altsyncram_component|altsyncram_nsi1:auto_generated|ram_block1a0~porta_datain_reg0  ;
; -1.000 ; 1.000        ; 2.000          ; Min Period       ; Clock ; Rise       ; MainMainBlock:inst3|altsyncram:altsyncram_component|altsyncram_nsi1:auto_generated|ram_block1a0~porta_re_reg       ;
; -1.000 ; 1.000        ; 2.000          ; Min Period       ; Clock ; Rise       ; MainMainBlock:inst3|altsyncram:altsyncram_component|altsyncram_nsi1:auto_generated|ram_block1a0~porta_we_reg       ;
; -1.000 ; 1.000        ; 2.000          ; Min Period       ; Clock ; Fall       ; PCreg8:inst27|q[0]                                                                                                 ;
; -1.000 ; 1.000        ; 2.000          ; Min Period       ; Clock ; Fall       ; PCreg8:inst27|q[1]                                                                                                 ;
; -1.000 ; 1.000        ; 2.000          ; Min Period       ; Clock ; Fall       ; PCreg8:inst27|q[2]                                                                                                 ;
; -1.000 ; 1.000        ; 2.000          ; Min Period       ; Clock ; Fall       ; PCreg8:inst27|q[3]                                                                                                 ;
; -1.000 ; 1.000        ; 2.000          ; Min Period       ; Clock ; Fall       ; PCreg8:inst27|q[4]                                                                                                 ;
; -1.000 ; 1.000        ; 2.000          ; Min Period       ; Clock ; Fall       ; PCreg8:inst27|q[5]                                                                                                 ;
; -1.000 ; 1.000        ; 2.000          ; Min Period       ; Clock ; Fall       ; PCreg8:inst27|q[6]                                                                                                 ;
; -1.000 ; 1.000        ; 2.000          ; Min Period       ; Clock ; Fall       ; PCreg8:inst27|q[7]                                                                                                 ;
; -1.000 ; 1.000        ; 2.000          ; Min Period       ; Clock ; Rise       ; map_logic:inst|map_addr[0]                                                                                         ;
; -1.000 ; 1.000        ; 2.000          ; Min Period       ; Clock ; Rise       ; map_logic:inst|map_addr[1]                                                                                         ;
; -1.000 ; 1.000        ; 2.000          ; Min Period       ; Clock ; Rise       ; map_logic:inst|map_addr[2]                                                                                         ;
; -1.000 ; 1.000        ; 2.000          ; Min Period       ; Clock ; Rise       ; map_logic:inst|map_addr[3]                                                                                         ;
; -1.000 ; 1.000        ; 2.000          ; Min Period       ; Clock ; Rise       ; map_logic:inst|map_addr[4]                                                                                         ;
; -1.000 ; 1.000        ; 2.000          ; Min Period       ; Clock ; Fall       ; reg8:AC|q[0]                                                                                                       ;
; -1.000 ; 1.000        ; 2.000          ; Min Period       ; Clock ; Fall       ; reg8:AC|q[1]                                                                                                       ;
; -1.000 ; 1.000        ; 2.000          ; Min Period       ; Clock ; Fall       ; reg8:AC|q[2]                                                                                                       ;
; -1.000 ; 1.000        ; 2.000          ; Min Period       ; Clock ; Fall       ; reg8:AC|q[3]                                                                                                       ;
; -1.000 ; 1.000        ; 2.000          ; Min Period       ; Clock ; Fall       ; reg8:AC|q[4]                                                                                                       ;
; -1.000 ; 1.000        ; 2.000          ; Min Period       ; Clock ; Fall       ; reg8:AC|q[5]                                                                                                       ;
; -1.000 ; 1.000        ; 2.000          ; Min Period       ; Clock ; Fall       ; reg8:AC|q[6]                                                                                                       ;
; -1.000 ; 1.000        ; 2.000          ; Min Period       ; Clock ; Fall       ; reg8:AC|q[7]                                                                                                       ;
; -1.000 ; 1.000        ; 2.000          ; Min Period       ; Clock ; Fall       ; reg8:DR|q[0]                                                                                                       ;
; -1.000 ; 1.000        ; 2.000          ; Min Period       ; Clock ; Fall       ; reg8:DR|q[1]                                                                                                       ;
; -1.000 ; 1.000        ; 2.000          ; Min Period       ; Clock ; Fall       ; reg8:DR|q[2]                                                                                                       ;
; -1.000 ; 1.000        ; 2.000          ; Min Period       ; Clock ; Fall       ; reg8:DR|q[3]                                                                                                       ;
; -1.000 ; 1.000        ; 2.000          ; Min Period       ; Clock ; Fall       ; reg8:DR|q[4]                                                                                                       ;
; -1.000 ; 1.000        ; 2.000          ; Min Period       ; Clock ; Fall       ; reg8:DR|q[5]                                                                                                       ;
; -1.000 ; 1.000        ; 2.000          ; Min Period       ; Clock ; Fall       ; reg8:DR|q[6]                                                                                                       ;
; -1.000 ; 1.000        ; 2.000          ; Min Period       ; Clock ; Fall       ; reg8:DR|q[7]                                                                                                       ;
; -0.126 ; 0.104        ; 0.230          ; Low Pulse Width  ; Clock ; Rise       ; MainMainBlock:inst3|altsyncram:altsyncram_component|altsyncram_nsi1:auto_generated|ram_block1a0~porta_address_reg0 ;
; -0.126 ; 0.104        ; 0.230          ; Low Pulse Width  ; Clock ; Rise       ; MainMainBlock:inst3|altsyncram:altsyncram_component|altsyncram_nsi1:auto_generated|ram_block1a0~porta_re_reg       ;
; -0.126 ; 0.104        ; 0.230          ; Low Pulse Width  ; Clock ; Rise       ; MainMainBlock:inst3|altsyncram:altsyncram_component|altsyncram_nsi1:auto_generated|ram_block1a0~porta_we_reg       ;
; -0.124 ; 0.106        ; 0.230          ; Low Pulse Width  ; Clock ; Rise       ; MainMainBlock:inst3|altsyncram:altsyncram_component|altsyncram_nsi1:auto_generated|ram_block1a0~porta_datain_reg0  ;
; -0.062 ; 0.122        ; 0.184          ; Low Pulse Width  ; Clock ; Rise       ; MDcounter5:inst9|MDaddr[0]                                                                                         ;
; -0.062 ; 0.122        ; 0.184          ; Low Pulse Width  ; Clock ; Rise       ; MDcounter5:inst9|MDaddr[1]                                                                                         ;
; -0.062 ; 0.122        ; 0.184          ; Low Pulse Width  ; Clock ; Rise       ; MDcounter5:inst9|MDaddr[2]                                                                                         ;
; -0.062 ; 0.122        ; 0.184          ; Low Pulse Width  ; Clock ; Rise       ; MDcounter5:inst9|MDaddr[3]                                                                                         ;
; -0.062 ; 0.122        ; 0.184          ; Low Pulse Width  ; Clock ; Rise       ; MDcounter5:inst9|MDaddr[4]                                                                                         ;
; 0.104  ; 0.320        ; 0.216          ; High Pulse Width ; Clock ; Fall       ; ALUTest:inst12|Zflag                                                                                               ;
; 0.104  ; 0.320        ; 0.216          ; High Pulse Width ; Clock ; Fall       ; ARreg8:inst2|q[0]                                                                                                  ;
; 0.104  ; 0.320        ; 0.216          ; High Pulse Width ; Clock ; Fall       ; ARreg8:inst2|q[2]                                                                                                  ;
; 0.104  ; 0.320        ; 0.216          ; High Pulse Width ; Clock ; Fall       ; ARreg8:inst2|q[4]                                                                                                  ;
; 0.104  ; 0.320        ; 0.216          ; High Pulse Width ; Clock ; Fall       ; IRreg3:inst13|q[0]                                                                                                 ;
; 0.104  ; 0.320        ; 0.216          ; High Pulse Width ; Clock ; Fall       ; IRreg3:inst13|q[1]                                                                                                 ;
; 0.104  ; 0.320        ; 0.216          ; High Pulse Width ; Clock ; Fall       ; IRreg3:inst13|q[2]                                                                                                 ;
; 0.104  ; 0.320        ; 0.216          ; High Pulse Width ; Clock ; Fall       ; PCreg8:inst27|q[0]                                                                                                 ;
; 0.104  ; 0.320        ; 0.216          ; High Pulse Width ; Clock ; Fall       ; PCreg8:inst27|q[1]                                                                                                 ;
; 0.104  ; 0.320        ; 0.216          ; High Pulse Width ; Clock ; Fall       ; PCreg8:inst27|q[2]                                                                                                 ;
; 0.104  ; 0.320        ; 0.216          ; High Pulse Width ; Clock ; Fall       ; PCreg8:inst27|q[3]                                                                                                 ;
; 0.104  ; 0.320        ; 0.216          ; High Pulse Width ; Clock ; Fall       ; PCreg8:inst27|q[4]                                                                                                 ;
; 0.104  ; 0.320        ; 0.216          ; High Pulse Width ; Clock ; Fall       ; PCreg8:inst27|q[5]                                                                                                 ;
; 0.104  ; 0.320        ; 0.216          ; High Pulse Width ; Clock ; Fall       ; PCreg8:inst27|q[6]                                                                                                 ;
; 0.104  ; 0.320        ; 0.216          ; High Pulse Width ; Clock ; Fall       ; PCreg8:inst27|q[7]                                                                                                 ;
; 0.104  ; 0.320        ; 0.216          ; High Pulse Width ; Clock ; Fall       ; reg8:AC|q[5]                                                                                                       ;
; 0.105  ; 0.321        ; 0.216          ; High Pulse Width ; Clock ; Fall       ; ARreg8:inst2|q[1]                                                                                                  ;
; 0.105  ; 0.321        ; 0.216          ; High Pulse Width ; Clock ; Fall       ; ARreg8:inst2|q[3]                                                                                                  ;
; 0.105  ; 0.321        ; 0.216          ; High Pulse Width ; Clock ; Fall       ; reg8:AC|q[0]                                                                                                       ;
; 0.105  ; 0.321        ; 0.216          ; High Pulse Width ; Clock ; Fall       ; reg8:AC|q[1]                                                                                                       ;
; 0.105  ; 0.321        ; 0.216          ; High Pulse Width ; Clock ; Fall       ; reg8:AC|q[2]                                                                                                       ;
; 0.105  ; 0.321        ; 0.216          ; High Pulse Width ; Clock ; Fall       ; reg8:AC|q[3]                                                                                                       ;
; 0.105  ; 0.321        ; 0.216          ; High Pulse Width ; Clock ; Fall       ; reg8:AC|q[4]                                                                                                       ;
; 0.105  ; 0.321        ; 0.216          ; High Pulse Width ; Clock ; Fall       ; reg8:AC|q[6]                                                                                                       ;
; 0.105  ; 0.321        ; 0.216          ; High Pulse Width ; Clock ; Fall       ; reg8:AC|q[7]                                                                                                       ;
; 0.105  ; 0.321        ; 0.216          ; High Pulse Width ; Clock ; Fall       ; reg8:DR|q[0]                                                                                                       ;
; 0.105  ; 0.321        ; 0.216          ; High Pulse Width ; Clock ; Fall       ; reg8:DR|q[1]                                                                                                       ;
; 0.105  ; 0.321        ; 0.216          ; High Pulse Width ; Clock ; Fall       ; reg8:DR|q[2]                                                                                                       ;
; 0.105  ; 0.321        ; 0.216          ; High Pulse Width ; Clock ; Fall       ; reg8:DR|q[3]                                                                                                       ;
; 0.105  ; 0.321        ; 0.216          ; High Pulse Width ; Clock ; Fall       ; reg8:DR|q[4]                                                                                                       ;
; 0.105  ; 0.321        ; 0.216          ; High Pulse Width ; Clock ; Fall       ; reg8:DR|q[5]                                                                                                       ;
; 0.105  ; 0.321        ; 0.216          ; High Pulse Width ; Clock ; Fall       ; reg8:DR|q[6]                                                                                                       ;
; 0.105  ; 0.321        ; 0.216          ; High Pulse Width ; Clock ; Fall       ; reg8:DR|q[7]                                                                                                       ;
; 0.118  ; 0.118        ; 0.000          ; Low Pulse Width  ; Clock ; Rise       ; inst3|altsyncram_component|auto_generated|ram_block1a0|clk0                                                        ;
; 0.118  ; 0.118        ; 0.000          ; Low Pulse Width  ; Clock ; Rise       ; inst9|MDaddr[0]|clk                                                                                                ;
; 0.118  ; 0.118        ; 0.000          ; Low Pulse Width  ; Clock ; Rise       ; inst9|MDaddr[1]|clk                                                                                                ;
; 0.118  ; 0.118        ; 0.000          ; Low Pulse Width  ; Clock ; Rise       ; inst9|MDaddr[2]|clk                                                                                                ;
; 0.118  ; 0.118        ; 0.000          ; Low Pulse Width  ; Clock ; Rise       ; inst9|MDaddr[3]|clk                                                                                                ;
; 0.118  ; 0.118        ; 0.000          ; Low Pulse Width  ; Clock ; Rise       ; inst9|MDaddr[4]|clk                                                                                                ;
; 0.120  ; 0.120        ; 0.000          ; Low Pulse Width  ; Clock ; Rise       ; Clock~input|o                                                                                                      ;
; 0.122  ; 0.306        ; 0.184          ; Low Pulse Width  ; Clock ; Rise       ; map_logic:inst|map_addr[0]                                                                                         ;
; 0.122  ; 0.306        ; 0.184          ; Low Pulse Width  ; Clock ; Rise       ; map_logic:inst|map_addr[1]                                                                                         ;
; 0.122  ; 0.306        ; 0.184          ; Low Pulse Width  ; Clock ; Rise       ; map_logic:inst|map_addr[2]                                                                                         ;
+--------+--------------+----------------+------------------+-------+------------+--------------------------------------------------------------------------------------------------------------------+


+-------------------------------------------------------------------------+
; Setup Times                                                             ;
+-----------+------------+--------+--------+------------+-----------------+
; Data Port ; Clock Port ; Rise   ; Fall   ; Clock Edge ; Clock Reference ;
+-----------+------------+--------+--------+------------+-----------------+
; Reset     ; Clock      ; -1.221 ; -1.080 ; Rise       ; Clock           ;
+-----------+------------+--------+--------+------------+-----------------+


+-----------------------------------------------------------------------+
; Hold Times                                                            ;
+-----------+------------+-------+-------+------------+-----------------+
; Data Port ; Clock Port ; Rise  ; Fall  ; Clock Edge ; Clock Reference ;
+-----------+------------+-------+-------+------------+-----------------+
; Reset     ; Clock      ; 1.518 ; 1.368 ; Rise       ; Clock           ;
+-----------+------------+-------+-------+------------+-----------------+


+-------------------------------------------------------------------------+
; Clock to Output Times                                                   ;
+-------------+------------+-------+-------+------------+-----------------+
; Data Port   ; Clock Port ; Rise  ; Fall  ; Clock Edge ; Clock Reference ;
+-------------+------------+-------+-------+------------+-----------------+
; ACload      ; Clock      ; 6.578 ; 6.600 ; Rise       ; Clock           ;
; ALUSEL[*]   ; Clock      ; 7.338 ; 7.564 ; Rise       ; Clock           ;
;  ALUSEL[0]  ; Clock      ; 7.338 ; 7.564 ; Rise       ; Clock           ;
; AR_IN[*]    ; Clock      ; 9.489 ; 9.750 ; Rise       ; Clock           ;
;  AR_IN[0]   ; Clock      ; 8.519 ; 8.627 ; Rise       ; Clock           ;
;  AR_IN[1]   ; Clock      ; 8.931 ; 9.069 ; Rise       ; Clock           ;
;  AR_IN[2]   ; Clock      ; 8.595 ; 8.805 ; Rise       ; Clock           ;
;  AR_IN[3]   ; Clock      ; 8.666 ; 8.802 ; Rise       ; Clock           ;
;  AR_IN[4]   ; Clock      ; 8.944 ; 9.135 ; Rise       ; Clock           ;
;  AR_IN[5]   ; Clock      ; 9.489 ; 9.750 ; Rise       ; Clock           ;
;  AR_IN[6]   ; Clock      ; 8.815 ; 8.960 ; Rise       ; Clock           ;
;  AR_IN[7]   ; Clock      ; 9.005 ; 9.164 ; Rise       ; Clock           ;
; ARload      ; Clock      ; 6.218 ; 6.187 ; Rise       ; Clock           ;
; BUS_AC      ; Clock      ; 6.494 ; 6.511 ; Rise       ; Clock           ;
; BUS_ALU     ; Clock      ; 6.230 ; 6.333 ; Rise       ; Clock           ;
; BUS_DR      ; Clock      ; 6.693 ; 6.779 ; Rise       ; Clock           ;
; BUS_MEM     ; Clock      ; 7.102 ; 7.254 ; Rise       ; Clock           ;
; BUS_PC      ; Clock      ; 6.549 ; 6.569 ; Rise       ; Clock           ;
; CPUclk      ; Clock      ; 4.230 ; 4.355 ; Rise       ; Clock           ;
; DRload      ; Clock      ; 6.620 ; 6.640 ; Rise       ; Clock           ;
; IRload      ; Clock      ; 6.733 ; 6.772 ; Rise       ; Clock           ;
; MEM_OUT[*]  ; Clock      ; 6.258 ; 6.406 ; Rise       ; Clock           ;
;  MEM_OUT[0] ; Clock      ; 6.258 ; 6.406 ; Rise       ; Clock           ;
;  MEM_OUT[1] ; Clock      ; 5.369 ; 5.436 ; Rise       ; Clock           ;
;  MEM_OUT[2] ; Clock      ; 5.551 ; 5.644 ; Rise       ; Clock           ;
;  MEM_OUT[3] ; Clock      ; 5.397 ; 5.480 ; Rise       ; Clock           ;
;  MEM_OUT[4] ; Clock      ; 5.341 ; 5.427 ; Rise       ; Clock           ;
;  MEM_OUT[5] ; Clock      ; 5.419 ; 5.501 ; Rise       ; Clock           ;
;  MEM_OUT[6] ; Clock      ; 5.244 ; 5.300 ; Rise       ; Clock           ;
;  MEM_OUT[7] ; Clock      ; 5.807 ; 5.939 ; Rise       ; Clock           ;
; MainBus[*]  ; Clock      ; 9.508 ; 9.774 ; Rise       ; Clock           ;
;  MainBus[0] ; Clock      ; 8.519 ; 8.627 ; Rise       ; Clock           ;
;  MainBus[1] ; Clock      ; 8.921 ; 9.059 ; Rise       ; Clock           ;
;  MainBus[2] ; Clock      ; 9.508 ; 9.774 ; Rise       ; Clock           ;
;  MainBus[3] ; Clock      ; 8.666 ; 8.802 ; Rise       ; Clock           ;
;  MainBus[4] ; Clock      ; 8.914 ; 9.105 ; Rise       ; Clock           ;
;  MainBus[5] ; Clock      ; 9.267 ; 9.520 ; Rise       ; Clock           ;
;  MainBus[6] ; Clock      ; 8.815 ; 8.960 ; Rise       ; Clock           ;
;  MainBus[7] ; Clock      ; 9.005 ; 9.164 ; Rise       ; Clock           ;
; MemRead     ; Clock      ; 7.092 ; 7.244 ; Rise       ; Clock           ;
; MemWrite    ; Clock      ; 6.907 ; 6.980 ; Rise       ; Clock           ;
; MuxOut[*]   ; Clock      ; 5.397 ; 5.647 ; Rise       ; Clock           ;
;  MuxOut[0]  ; Clock      ; 5.397 ; 5.647 ; Rise       ; Clock           ;
;  MuxOut[1]  ; Clock      ; 4.441 ; 4.578 ; Rise       ; Clock           ;
;  MuxOut[2]  ; Clock      ; 4.565 ; 4.745 ; Rise       ; Clock           ;
;  MuxOut[3]  ; Clock      ; 4.202 ; 4.318 ; Rise       ; Clock           ;
;  MuxOut[4]  ; Clock      ; 4.828 ; 5.006 ; Rise       ; Clock           ;
; PCinc       ; Clock      ; 6.545 ; 6.559 ; Rise       ; Clock           ;
; PCloadAR    ; Clock      ; 7.053 ; 7.124 ; Rise       ; Clock           ;
; PCloadZ     ; Clock      ; 6.914 ; 6.970 ; Rise       ; Clock           ;
; Zload       ; Clock      ; 7.348 ; 7.574 ; Rise       ; Clock           ;
; AC_OUT[*]   ; Clock      ; 6.683 ; 6.804 ; Fall       ; Clock           ;
;  AC_OUT[0]  ; Clock      ; 6.258 ; 6.392 ; Fall       ; Clock           ;
;  AC_OUT[1]  ; Clock      ; 5.999 ; 6.084 ; Fall       ; Clock           ;
;  AC_OUT[2]  ; Clock      ; 6.324 ; 6.475 ; Fall       ; Clock           ;
;  AC_OUT[3]  ; Clock      ; 6.309 ; 6.422 ; Fall       ; Clock           ;
;  AC_OUT[4]  ; Clock      ; 5.888 ; 5.965 ; Fall       ; Clock           ;
;  AC_OUT[5]  ; Clock      ; 6.683 ; 6.804 ; Fall       ; Clock           ;
;  AC_OUT[6]  ; Clock      ; 6.568 ; 6.749 ; Fall       ; Clock           ;
;  AC_OUT[7]  ; Clock      ; 6.274 ; 6.423 ; Fall       ; Clock           ;
; AR_IN[*]    ; Clock      ; 8.487 ; 8.748 ; Fall       ; Clock           ;
;  AR_IN[0]   ; Clock      ; 7.515 ; 7.630 ; Fall       ; Clock           ;
;  AR_IN[1]   ; Clock      ; 7.927 ; 8.065 ; Fall       ; Clock           ;
;  AR_IN[2]   ; Clock      ; 7.591 ; 7.801 ; Fall       ; Clock           ;
;  AR_IN[3]   ; Clock      ; 7.664 ; 7.800 ; Fall       ; Clock           ;
;  AR_IN[4]   ; Clock      ; 8.003 ; 8.169 ; Fall       ; Clock           ;
;  AR_IN[5]   ; Clock      ; 8.487 ; 8.748 ; Fall       ; Clock           ;
;  AR_IN[6]   ; Clock      ; 7.874 ; 7.994 ; Fall       ; Clock           ;
;  AR_IN[7]   ; Clock      ; 8.003 ; 8.162 ; Fall       ; Clock           ;
; AR_OUT[*]   ; Clock      ; 7.181 ; 7.376 ; Fall       ; Clock           ;
;  AR_OUT[0]  ; Clock      ; 5.869 ; 5.941 ; Fall       ; Clock           ;
;  AR_OUT[1]  ; Clock      ; 6.286 ; 6.423 ; Fall       ; Clock           ;
;  AR_OUT[2]  ; Clock      ; 6.272 ; 6.414 ; Fall       ; Clock           ;
;  AR_OUT[3]  ; Clock      ; 7.181 ; 7.376 ; Fall       ; Clock           ;
;  AR_OUT[4]  ; Clock      ; 6.279 ; 6.392 ; Fall       ; Clock           ;
; CPUclk      ; Clock      ; 7.072 ; 6.887 ; Fall       ; Clock           ;
; DR_OUT[*]   ; Clock      ; 6.841 ; 7.106 ; Fall       ; Clock           ;
;  DR_OUT[0]  ; Clock      ; 5.987 ; 6.071 ; Fall       ; Clock           ;
;  DR_OUT[1]  ; Clock      ; 6.841 ; 7.106 ; Fall       ; Clock           ;
;  DR_OUT[2]  ; Clock      ; 6.691 ; 6.889 ; Fall       ; Clock           ;
;  DR_OUT[3]  ; Clock      ; 6.544 ; 6.693 ; Fall       ; Clock           ;
;  DR_OUT[4]  ; Clock      ; 6.393 ; 6.541 ; Fall       ; Clock           ;
;  DR_OUT[5]  ; Clock      ; 6.350 ; 6.466 ; Fall       ; Clock           ;
;  DR_OUT[6]  ; Clock      ; 6.428 ; 6.554 ; Fall       ; Clock           ;
;  DR_OUT[7]  ; Clock      ; 6.469 ; 6.602 ; Fall       ; Clock           ;
; IR_OUT[*]   ; Clock      ; 6.159 ; 6.294 ; Fall       ; Clock           ;
;  IR_OUT[0]  ; Clock      ; 6.159 ; 6.294 ; Fall       ; Clock           ;
;  IR_OUT[1]  ; Clock      ; 5.909 ; 5.983 ; Fall       ; Clock           ;
;  IR_OUT[2]  ; Clock      ; 5.974 ; 6.050 ; Fall       ; Clock           ;
; MDenable    ; Clock      ; 6.169 ; 6.192 ; Fall       ; Clock           ;
; MainBus[*]  ; Clock      ; 8.504 ; 8.770 ; Fall       ; Clock           ;
;  MainBus[0] ; Clock      ; 7.515 ; 7.630 ; Fall       ; Clock           ;
;  MainBus[1] ; Clock      ; 7.917 ; 8.055 ; Fall       ; Clock           ;
;  MainBus[2] ; Clock      ; 8.504 ; 8.770 ; Fall       ; Clock           ;
;  MainBus[3] ; Clock      ; 7.664 ; 7.800 ; Fall       ; Clock           ;
;  MainBus[4] ; Clock      ; 7.973 ; 8.139 ; Fall       ; Clock           ;
;  MainBus[5] ; Clock      ; 8.265 ; 8.518 ; Fall       ; Clock           ;
;  MainBus[6] ; Clock      ; 7.874 ; 7.994 ; Fall       ; Clock           ;
;  MainBus[7] ; Clock      ; 8.003 ; 8.162 ; Fall       ; Clock           ;
; MuxOut[*]   ; Clock      ; 7.527 ; 7.697 ; Fall       ; Clock           ;
;  MuxOut[0]  ; Clock      ; 7.527 ; 7.697 ; Fall       ; Clock           ;
;  MuxOut[1]  ; Clock      ; 6.786 ; 6.846 ; Fall       ; Clock           ;
;  MuxOut[2]  ; Clock      ; 6.831 ; 6.924 ; Fall       ; Clock           ;
;  MuxOut[3]  ; Clock      ; 6.481 ; 6.514 ; Fall       ; Clock           ;
;  MuxOut[4]  ; Clock      ; 6.868 ; 6.935 ; Fall       ; Clock           ;
; PC_OUT[*]   ; Clock      ; 6.475 ; 6.628 ; Fall       ; Clock           ;
;  PC_OUT[0]  ; Clock      ; 6.017 ; 6.128 ; Fall       ; Clock           ;
;  PC_OUT[1]  ; Clock      ; 6.475 ; 6.628 ; Fall       ; Clock           ;
;  PC_OUT[2]  ; Clock      ; 5.965 ; 6.048 ; Fall       ; Clock           ;
;  PC_OUT[3]  ; Clock      ; 6.410 ; 6.550 ; Fall       ; Clock           ;
;  PC_OUT[4]  ; Clock      ; 5.840 ; 5.906 ; Fall       ; Clock           ;
;  PC_OUT[5]  ; Clock      ; 6.401 ; 6.529 ; Fall       ; Clock           ;
;  PC_OUT[6]  ; Clock      ; 6.044 ; 6.137 ; Fall       ; Clock           ;
;  PC_OUT[7]  ; Clock      ; 6.149 ; 6.248 ; Fall       ; Clock           ;
; Zflag       ; Clock      ; 6.061 ; 6.145 ; Fall       ; Clock           ;
+-------------+------------+-------+-------+------------+-----------------+


+-------------------------------------------------------------------------+
; Minimum Clock to Output Times                                           ;
+-------------+------------+-------+-------+------------+-----------------+
; Data Port   ; Clock Port ; Rise  ; Fall  ; Clock Edge ; Clock Reference ;
+-------------+------------+-------+-------+------------+-----------------+
; ACload      ; Clock      ; 5.981 ; 6.091 ; Rise       ; Clock           ;
; ALUSEL[*]   ; Clock      ; 6.834 ; 7.047 ; Rise       ; Clock           ;
;  ALUSEL[0]  ; Clock      ; 6.834 ; 7.047 ; Rise       ; Clock           ;
; AR_IN[*]    ; Clock      ; 5.886 ; 6.071 ; Rise       ; Clock           ;
;  AR_IN[0]   ; Clock      ; 6.047 ; 6.191 ; Rise       ; Clock           ;
;  AR_IN[1]   ; Clock      ; 6.302 ; 6.475 ; Rise       ; Clock           ;
;  AR_IN[2]   ; Clock      ; 5.886 ; 6.071 ; Rise       ; Clock           ;
;  AR_IN[3]   ; Clock      ; 6.042 ; 6.233 ; Rise       ; Clock           ;
;  AR_IN[4]   ; Clock      ; 6.346 ; 6.558 ; Rise       ; Clock           ;
;  AR_IN[5]   ; Clock      ; 6.681 ; 6.977 ; Rise       ; Clock           ;
;  AR_IN[6]   ; Clock      ; 6.157 ; 6.314 ; Rise       ; Clock           ;
;  AR_IN[7]   ; Clock      ; 6.280 ; 6.484 ; Rise       ; Clock           ;
; ARload      ; Clock      ; 5.784 ; 5.781 ; Rise       ; Clock           ;
; BUS_AC      ; Clock      ; 6.073 ; 6.074 ; Rise       ; Clock           ;
; BUS_ALU     ; Clock      ; 5.932 ; 5.898 ; Rise       ; Clock           ;
; BUS_DR      ; Clock      ; 6.240 ; 6.261 ; Rise       ; Clock           ;
; BUS_MEM     ; Clock      ; 6.608 ; 6.677 ; Rise       ; Clock           ;
; BUS_PC      ; Clock      ; 6.009 ; 5.979 ; Rise       ; Clock           ;
; CPUclk      ; Clock      ; 4.095 ; 4.229 ; Rise       ; Clock           ;
; DRload      ; Clock      ; 6.097 ; 6.071 ; Rise       ; Clock           ;
; IRload      ; Clock      ; 6.176 ; 6.299 ; Rise       ; Clock           ;
; MEM_OUT[*]  ; Clock      ; 5.021 ; 5.075 ; Rise       ; Clock           ;
;  MEM_OUT[0] ; Clock      ; 6.029 ; 6.174 ; Rise       ; Clock           ;
;  MEM_OUT[1] ; Clock      ; 5.140 ; 5.204 ; Rise       ; Clock           ;
;  MEM_OUT[2] ; Clock      ; 5.314 ; 5.404 ; Rise       ; Clock           ;
;  MEM_OUT[3] ; Clock      ; 5.167 ; 5.246 ; Rise       ; Clock           ;
;  MEM_OUT[4] ; Clock      ; 5.113 ; 5.195 ; Rise       ; Clock           ;
;  MEM_OUT[5] ; Clock      ; 5.189 ; 5.268 ; Rise       ; Clock           ;
;  MEM_OUT[6] ; Clock      ; 5.021 ; 5.075 ; Rise       ; Clock           ;
;  MEM_OUT[7] ; Clock      ; 5.560 ; 5.686 ; Rise       ; Clock           ;
; MainBus[*]  ; Clock      ; 6.042 ; 6.191 ; Rise       ; Clock           ;
;  MainBus[0] ; Clock      ; 6.047 ; 6.191 ; Rise       ; Clock           ;
;  MainBus[1] ; Clock      ; 6.292 ; 6.465 ; Rise       ; Clock           ;
;  MainBus[2] ; Clock      ; 6.799 ; 7.040 ; Rise       ; Clock           ;
;  MainBus[3] ; Clock      ; 6.042 ; 6.233 ; Rise       ; Clock           ;
;  MainBus[4] ; Clock      ; 6.316 ; 6.528 ; Rise       ; Clock           ;
;  MainBus[5] ; Clock      ; 6.467 ; 6.755 ; Rise       ; Clock           ;
;  MainBus[6] ; Clock      ; 6.157 ; 6.314 ; Rise       ; Clock           ;
;  MainBus[7] ; Clock      ; 6.280 ; 6.484 ; Rise       ; Clock           ;
; MemRead     ; Clock      ; 6.598 ; 6.667 ; Rise       ; Clock           ;
; MemWrite    ; Clock      ; 6.378 ; 6.554 ; Rise       ; Clock           ;
; MuxOut[*]   ; Clock      ; 4.049 ; 4.145 ; Rise       ; Clock           ;
;  MuxOut[0]  ; Clock      ; 5.197 ; 5.426 ; Rise       ; Clock           ;
;  MuxOut[1]  ; Clock      ; 4.291 ; 4.424 ; Rise       ; Clock           ;
;  MuxOut[2]  ; Clock      ; 4.398 ; 4.555 ; Rise       ; Clock           ;
;  MuxOut[3]  ; Clock      ; 4.049 ; 4.145 ; Rise       ; Clock           ;
;  MuxOut[4]  ; Clock      ; 4.650 ; 4.805 ; Rise       ; Clock           ;
; PCinc       ; Clock      ; 6.066 ; 6.065 ; Rise       ; Clock           ;
; PCloadAR    ; Clock      ; 6.602 ; 6.773 ; Rise       ; Clock           ;
; PCloadZ     ; Clock      ; 6.456 ; 6.634 ; Rise       ; Clock           ;
; Zload       ; Clock      ; 6.844 ; 7.057 ; Rise       ; Clock           ;
; AC_OUT[*]   ; Clock      ; 5.694 ; 5.769 ; Fall       ; Clock           ;
;  AC_OUT[0]  ; Clock      ; 6.049 ; 6.178 ; Fall       ; Clock           ;
;  AC_OUT[1]  ; Clock      ; 5.801 ; 5.883 ; Fall       ; Clock           ;
;  AC_OUT[2]  ; Clock      ; 6.113 ; 6.258 ; Fall       ; Clock           ;
;  AC_OUT[3]  ; Clock      ; 6.099 ; 6.207 ; Fall       ; Clock           ;
;  AC_OUT[4]  ; Clock      ; 5.694 ; 5.769 ; Fall       ; Clock           ;
;  AC_OUT[5]  ; Clock      ; 6.494 ; 6.613 ; Fall       ; Clock           ;
;  AC_OUT[6]  ; Clock      ; 6.347 ; 6.521 ; Fall       ; Clock           ;
;  AC_OUT[7]  ; Clock      ; 6.065 ; 6.208 ; Fall       ; Clock           ;
; AR_IN[*]    ; Clock      ; 6.597 ; 6.769 ; Fall       ; Clock           ;
;  AR_IN[0]   ; Clock      ; 6.843 ; 6.981 ; Fall       ; Clock           ;
;  AR_IN[1]   ; Clock      ; 7.118 ; 7.266 ; Fall       ; Clock           ;
;  AR_IN[2]   ; Clock      ; 6.702 ; 6.878 ; Fall       ; Clock           ;
;  AR_IN[3]   ; Clock      ; 6.597 ; 6.769 ; Fall       ; Clock           ;
;  AR_IN[4]   ; Clock      ; 6.994 ; 7.170 ; Fall       ; Clock           ;
;  AR_IN[5]   ; Clock      ; 7.518 ; 7.784 ; Fall       ; Clock           ;
;  AR_IN[6]   ; Clock      ; 6.725 ; 6.850 ; Fall       ; Clock           ;
;  AR_IN[7]   ; Clock      ; 7.079 ; 7.312 ; Fall       ; Clock           ;
; AR_OUT[*]   ; Clock      ; 5.676 ; 5.745 ; Fall       ; Clock           ;
;  AR_OUT[0]  ; Clock      ; 5.676 ; 5.745 ; Fall       ; Clock           ;
;  AR_OUT[1]  ; Clock      ; 6.078 ; 6.209 ; Fall       ; Clock           ;
;  AR_OUT[2]  ; Clock      ; 6.065 ; 6.201 ; Fall       ; Clock           ;
;  AR_OUT[3]  ; Clock      ; 6.972 ; 7.162 ; Fall       ; Clock           ;
;  AR_OUT[4]  ; Clock      ; 6.071 ; 6.180 ; Fall       ; Clock           ;
; CPUclk      ; Clock      ; 4.095 ; 4.229 ; Fall       ; Clock           ;
; DR_OUT[*]   ; Clock      ; 5.790 ; 5.871 ; Fall       ; Clock           ;
;  DR_OUT[0]  ; Clock      ; 5.790 ; 5.871 ; Fall       ; Clock           ;
;  DR_OUT[1]  ; Clock      ; 6.609 ; 6.864 ; Fall       ; Clock           ;
;  DR_OUT[2]  ; Clock      ; 6.466 ; 6.655 ; Fall       ; Clock           ;
;  DR_OUT[3]  ; Clock      ; 6.325 ; 6.468 ; Fall       ; Clock           ;
;  DR_OUT[4]  ; Clock      ; 6.182 ; 6.324 ; Fall       ; Clock           ;
;  DR_OUT[5]  ; Clock      ; 6.138 ; 6.250 ; Fall       ; Clock           ;
;  DR_OUT[6]  ; Clock      ; 6.212 ; 6.333 ; Fall       ; Clock           ;
;  DR_OUT[7]  ; Clock      ; 6.254 ; 6.382 ; Fall       ; Clock           ;
; IR_OUT[*]   ; Clock      ; 5.716 ; 5.786 ; Fall       ; Clock           ;
;  IR_OUT[0]  ; Clock      ; 5.957 ; 6.087 ; Fall       ; Clock           ;
;  IR_OUT[1]  ; Clock      ; 5.716 ; 5.786 ; Fall       ; Clock           ;
;  IR_OUT[2]  ; Clock      ; 5.781 ; 5.853 ; Fall       ; Clock           ;
; MDenable    ; Clock      ; 5.845 ; 5.852 ; Fall       ; Clock           ;
; MainBus[*]  ; Clock      ; 6.597 ; 6.769 ; Fall       ; Clock           ;
;  MainBus[0] ; Clock      ; 6.843 ; 6.981 ; Fall       ; Clock           ;
;  MainBus[1] ; Clock      ; 7.108 ; 7.256 ; Fall       ; Clock           ;
;  MainBus[2] ; Clock      ; 7.615 ; 7.847 ; Fall       ; Clock           ;
;  MainBus[3] ; Clock      ; 6.597 ; 6.769 ; Fall       ; Clock           ;
;  MainBus[4] ; Clock      ; 6.964 ; 7.140 ; Fall       ; Clock           ;
;  MainBus[5] ; Clock      ; 7.304 ; 7.562 ; Fall       ; Clock           ;
;  MainBus[6] ; Clock      ; 6.725 ; 6.850 ; Fall       ; Clock           ;
;  MainBus[7] ; Clock      ; 7.079 ; 7.312 ; Fall       ; Clock           ;
; MuxOut[*]   ; Clock      ; 5.663 ; 5.700 ; Fall       ; Clock           ;
;  MuxOut[0]  ; Clock      ; 7.133 ; 7.274 ; Fall       ; Clock           ;
;  MuxOut[1]  ; Clock      ; 6.074 ; 6.182 ; Fall       ; Clock           ;
;  MuxOut[2]  ; Clock      ; 6.058 ; 6.191 ; Fall       ; Clock           ;
;  MuxOut[3]  ; Clock      ; 5.663 ; 5.700 ; Fall       ; Clock           ;
;  MuxOut[4]  ; Clock      ; 6.134 ; 6.247 ; Fall       ; Clock           ;
; PC_OUT[*]   ; Clock      ; 5.650 ; 5.714 ; Fall       ; Clock           ;
;  PC_OUT[0]  ; Clock      ; 5.819 ; 5.926 ; Fall       ; Clock           ;
;  PC_OUT[1]  ; Clock      ; 6.259 ; 6.406 ; Fall       ; Clock           ;
;  PC_OUT[2]  ; Clock      ; 5.771 ; 5.850 ; Fall       ; Clock           ;
;  PC_OUT[3]  ; Clock      ; 6.196 ; 6.331 ; Fall       ; Clock           ;
;  PC_OUT[4]  ; Clock      ; 5.650 ; 5.714 ; Fall       ; Clock           ;
;  PC_OUT[5]  ; Clock      ; 6.187 ; 6.310 ; Fall       ; Clock           ;
;  PC_OUT[6]  ; Clock      ; 5.844 ; 5.933 ; Fall       ; Clock           ;
;  PC_OUT[7]  ; Clock      ; 5.944 ; 6.040 ; Fall       ; Clock           ;
; Zflag       ; Clock      ; 5.863 ; 5.943 ; Fall       ; Clock           ;
+-------------+------------+-------+-------+------------+-----------------+


+-------------------------------------------------------------------------+
; Output Enable Times                                                     ;
+-------------+------------+-------+-------+------------+-----------------+
; Data Port   ; Clock Port ; Rise  ; Fall  ; Clock Edge ; Clock Reference ;
+-------------+------------+-------+-------+------------+-----------------+
; AR_IN[*]    ; Clock      ; 8.020 ; 8.006 ; Rise       ; Clock           ;
;  AR_IN[0]   ; Clock      ; 8.020 ; 8.006 ; Rise       ; Clock           ;
;  AR_IN[1]   ; Clock      ; 8.294 ; 8.280 ; Rise       ; Clock           ;
;  AR_IN[2]   ; Clock      ; 8.306 ; 8.292 ; Rise       ; Clock           ;
;  AR_IN[3]   ; Clock      ; 8.294 ; 8.280 ; Rise       ; Clock           ;
;  AR_IN[4]   ; Clock      ; 8.306 ; 8.292 ; Rise       ; Clock           ;
;  AR_IN[5]   ; Clock      ; 8.287 ; 8.273 ; Rise       ; Clock           ;
;  AR_IN[6]   ; Clock      ; 8.023 ; 8.009 ; Rise       ; Clock           ;
;  AR_IN[7]   ; Clock      ; 8.181 ; 8.167 ; Rise       ; Clock           ;
; MainBus[*]  ; Clock      ; 8.020 ; 8.006 ; Rise       ; Clock           ;
;  MainBus[0] ; Clock      ; 8.020 ; 8.006 ; Rise       ; Clock           ;
;  MainBus[1] ; Clock      ; 8.294 ; 8.280 ; Rise       ; Clock           ;
;  MainBus[2] ; Clock      ; 9.240 ; 9.275 ; Rise       ; Clock           ;
;  MainBus[3] ; Clock      ; 8.294 ; 8.280 ; Rise       ; Clock           ;
;  MainBus[4] ; Clock      ; 8.306 ; 8.292 ; Rise       ; Clock           ;
;  MainBus[5] ; Clock      ; 8.287 ; 8.273 ; Rise       ; Clock           ;
;  MainBus[6] ; Clock      ; 8.023 ; 8.009 ; Rise       ; Clock           ;
;  MainBus[7] ; Clock      ; 8.181 ; 8.167 ; Rise       ; Clock           ;
+-------------+------------+-------+-------+------------+-----------------+


+-------------------------------------------------------------------------+
; Minimum Output Enable Times                                             ;
+-------------+------------+-------+-------+------------+-----------------+
; Data Port   ; Clock Port ; Rise  ; Fall  ; Clock Edge ; Clock Reference ;
+-------------+------------+-------+-------+------------+-----------------+
; AR_IN[*]    ; Clock      ; 6.967 ; 6.953 ; Rise       ; Clock           ;
;  AR_IN[0]   ; Clock      ; 6.967 ; 6.953 ; Rise       ; Clock           ;
;  AR_IN[1]   ; Clock      ; 7.231 ; 7.217 ; Rise       ; Clock           ;
;  AR_IN[2]   ; Clock      ; 7.242 ; 7.228 ; Rise       ; Clock           ;
;  AR_IN[3]   ; Clock      ; 7.231 ; 7.217 ; Rise       ; Clock           ;
;  AR_IN[4]   ; Clock      ; 7.242 ; 7.228 ; Rise       ; Clock           ;
;  AR_IN[5]   ; Clock      ; 7.224 ; 7.210 ; Rise       ; Clock           ;
;  AR_IN[6]   ; Clock      ; 6.970 ; 6.956 ; Rise       ; Clock           ;
;  AR_IN[7]   ; Clock      ; 7.122 ; 7.108 ; Rise       ; Clock           ;
; MainBus[*]  ; Clock      ; 6.967 ; 6.953 ; Rise       ; Clock           ;
;  MainBus[0] ; Clock      ; 6.967 ; 6.953 ; Rise       ; Clock           ;
;  MainBus[1] ; Clock      ; 7.231 ; 7.217 ; Rise       ; Clock           ;
;  MainBus[2] ; Clock      ; 8.176 ; 8.211 ; Rise       ; Clock           ;
;  MainBus[3] ; Clock      ; 7.231 ; 7.217 ; Rise       ; Clock           ;
;  MainBus[4] ; Clock      ; 7.242 ; 7.228 ; Rise       ; Clock           ;
;  MainBus[5] ; Clock      ; 7.224 ; 7.210 ; Rise       ; Clock           ;
;  MainBus[6] ; Clock      ; 6.970 ; 6.956 ; Rise       ; Clock           ;
;  MainBus[7] ; Clock      ; 7.122 ; 7.108 ; Rise       ; Clock           ;
+-------------+------------+-------+-------+------------+-----------------+


+---------------------------------------------------------------------------------+
; Output Disable Times                                                            ;
+-------------+------------+-----------+-----------+------------+-----------------+
; Data Port   ; Clock Port ; 0 to Hi-Z ; 1 to Hi-Z ; Clock Edge ; Clock Reference ;
+-------------+------------+-----------+-----------+------------+-----------------+
; AR_IN[*]    ; Clock      ; 8.159     ; 8.173     ; Rise       ; Clock           ;
;  AR_IN[0]   ; Clock      ; 8.159     ; 8.173     ; Rise       ; Clock           ;
;  AR_IN[1]   ; Clock      ; 8.456     ; 8.470     ; Rise       ; Clock           ;
;  AR_IN[2]   ; Clock      ; 8.472     ; 8.486     ; Rise       ; Clock           ;
;  AR_IN[3]   ; Clock      ; 8.456     ; 8.470     ; Rise       ; Clock           ;
;  AR_IN[4]   ; Clock      ; 8.472     ; 8.486     ; Rise       ; Clock           ;
;  AR_IN[5]   ; Clock      ; 8.531     ; 8.545     ; Rise       ; Clock           ;
;  AR_IN[6]   ; Clock      ; 8.163     ; 8.177     ; Rise       ; Clock           ;
;  AR_IN[7]   ; Clock      ; 8.334     ; 8.348     ; Rise       ; Clock           ;
; MainBus[*]  ; Clock      ; 8.159     ; 8.173     ; Rise       ; Clock           ;
;  MainBus[0] ; Clock      ; 8.159     ; 8.173     ; Rise       ; Clock           ;
;  MainBus[1] ; Clock      ; 8.456     ; 8.470     ; Rise       ; Clock           ;
;  MainBus[2] ; Clock      ; 9.455     ; 9.420     ; Rise       ; Clock           ;
;  MainBus[3] ; Clock      ; 8.456     ; 8.470     ; Rise       ; Clock           ;
;  MainBus[4] ; Clock      ; 8.472     ; 8.486     ; Rise       ; Clock           ;
;  MainBus[5] ; Clock      ; 8.531     ; 8.545     ; Rise       ; Clock           ;
;  MainBus[6] ; Clock      ; 8.163     ; 8.177     ; Rise       ; Clock           ;
;  MainBus[7] ; Clock      ; 8.334     ; 8.348     ; Rise       ; Clock           ;
+-------------+------------+-----------+-----------+------------+-----------------+


+---------------------------------------------------------------------------------+
; Minimum Output Disable Times                                                    ;
+-------------+------------+-----------+-----------+------------+-----------------+
; Data Port   ; Clock Port ; 0 to Hi-Z ; 1 to Hi-Z ; Clock Edge ; Clock Reference ;
+-------------+------------+-----------+-----------+------------+-----------------+
; AR_IN[*]    ; Clock      ; 7.075     ; 7.089     ; Rise       ; Clock           ;
;  AR_IN[0]   ; Clock      ; 7.075     ; 7.089     ; Rise       ; Clock           ;
;  AR_IN[1]   ; Clock      ; 7.360     ; 7.374     ; Rise       ; Clock           ;
;  AR_IN[2]   ; Clock      ; 7.376     ; 7.390     ; Rise       ; Clock           ;
;  AR_IN[3]   ; Clock      ; 7.360     ; 7.374     ; Rise       ; Clock           ;
;  AR_IN[4]   ; Clock      ; 7.376     ; 7.390     ; Rise       ; Clock           ;
;  AR_IN[5]   ; Clock      ; 7.432     ; 7.446     ; Rise       ; Clock           ;
;  AR_IN[6]   ; Clock      ; 7.079     ; 7.093     ; Rise       ; Clock           ;
;  AR_IN[7]   ; Clock      ; 7.243     ; 7.257     ; Rise       ; Clock           ;
; MainBus[*]  ; Clock      ; 7.075     ; 7.089     ; Rise       ; Clock           ;
;  MainBus[0] ; Clock      ; 7.075     ; 7.089     ; Rise       ; Clock           ;
;  MainBus[1] ; Clock      ; 7.360     ; 7.374     ; Rise       ; Clock           ;
;  MainBus[2] ; Clock      ; 8.359     ; 8.324     ; Rise       ; Clock           ;
;  MainBus[3] ; Clock      ; 7.360     ; 7.374     ; Rise       ; Clock           ;
;  MainBus[4] ; Clock      ; 7.376     ; 7.390     ; Rise       ; Clock           ;
;  MainBus[5] ; Clock      ; 7.432     ; 7.446     ; Rise       ; Clock           ;
;  MainBus[6] ; Clock      ; 7.079     ; 7.093     ; Rise       ; Clock           ;
;  MainBus[7] ; Clock      ; 7.243     ; 7.257     ; Rise       ; Clock           ;
+-------------+------------+-----------+-----------+------------+-----------------+


---------------------------------------------
; Fast 1200mV 0C Model Metastability Report ;
---------------------------------------------
No synchronizer chains to report.


+--------------------------------------------------------------------------------+
; Multicorner Timing Analysis Summary                                            ;
+------------------+----------+-------+----------+---------+---------------------+
; Clock            ; Setup    ; Hold  ; Recovery ; Removal ; Minimum Pulse Width ;
+------------------+----------+-------+----------+---------+---------------------+
; Worst-case Slack ; -8.784   ; 0.180 ; N/A      ; N/A     ; -3.000              ;
;  Clock           ; -8.784   ; 0.180 ; N/A      ; N/A     ; -3.000              ;
; Design-wide TNS  ; -235.042 ; 0.0   ; 0.0      ; 0.0     ; -69.027             ;
;  Clock           ; -235.042 ; 0.000 ; N/A      ; N/A     ; -69.027             ;
+------------------+----------+-------+----------+---------+---------------------+


+-------------------------------------------------------------------------+
; Setup Times                                                             ;
+-----------+------------+--------+--------+------------+-----------------+
; Data Port ; Clock Port ; Rise   ; Fall   ; Clock Edge ; Clock Reference ;
+-----------+------------+--------+--------+------------+-----------------+
; Reset     ; Clock      ; -1.221 ; -1.080 ; Rise       ; Clock           ;
+-----------+------------+--------+--------+------------+-----------------+


+-----------------------------------------------------------------------+
; Hold Times                                                            ;
+-----------+------------+-------+-------+------------+-----------------+
; Data Port ; Clock Port ; Rise  ; Fall  ; Clock Edge ; Clock Reference ;
+-----------+------------+-------+-------+------------+-----------------+
; Reset     ; Clock      ; 2.890 ; 2.885 ; Rise       ; Clock           ;
+-----------+------------+-------+-------+------------+-----------------+


+---------------------------------------------------------------------------+
; Clock to Output Times                                                     ;
+-------------+------------+--------+--------+------------+-----------------+
; Data Port   ; Clock Port ; Rise   ; Fall   ; Clock Edge ; Clock Reference ;
+-------------+------------+--------+--------+------------+-----------------+
; ACload      ; Clock      ; 12.534 ; 12.391 ; Rise       ; Clock           ;
; ALUSEL[*]   ; Clock      ; 14.176 ; 14.041 ; Rise       ; Clock           ;
;  ALUSEL[0]  ; Clock      ; 14.176 ; 14.041 ; Rise       ; Clock           ;
; AR_IN[*]    ; Clock      ; 18.312 ; 18.247 ; Rise       ; Clock           ;
;  AR_IN[0]   ; Clock      ; 16.576 ; 16.347 ; Rise       ; Clock           ;
;  AR_IN[1]   ; Clock      ; 17.320 ; 17.036 ; Rise       ; Clock           ;
;  AR_IN[2]   ; Clock      ; 16.535 ; 16.575 ; Rise       ; Clock           ;
;  AR_IN[3]   ; Clock      ; 16.680 ; 16.529 ; Rise       ; Clock           ;
;  AR_IN[4]   ; Clock      ; 17.234 ; 17.097 ; Rise       ; Clock           ;
;  AR_IN[5]   ; Clock      ; 18.312 ; 18.247 ; Rise       ; Clock           ;
;  AR_IN[6]   ; Clock      ; 17.043 ; 16.844 ; Rise       ; Clock           ;
;  AR_IN[7]   ; Clock      ; 17.418 ; 17.212 ; Rise       ; Clock           ;
; ARload      ; Clock      ; 11.793 ; 11.592 ; Rise       ; Clock           ;
; BUS_AC      ; Clock      ; 12.395 ; 12.203 ; Rise       ; Clock           ;
; BUS_ALU     ; Clock      ; 11.880 ; 11.839 ; Rise       ; Clock           ;
; BUS_DR      ; Clock      ; 12.774 ; 12.699 ; Rise       ; Clock           ;
; BUS_MEM     ; Clock      ; 13.663 ; 13.554 ; Rise       ; Clock           ;
; BUS_PC      ; Clock      ; 12.513 ; 12.316 ; Rise       ; Clock           ;
; CPUclk      ; Clock      ; 7.665  ; 7.813  ; Rise       ; Clock           ;
; DRload      ; Clock      ; 12.561 ; 12.415 ; Rise       ; Clock           ;
; IRload      ; Clock      ; 12.944 ; 12.703 ; Rise       ; Clock           ;
; MEM_OUT[*]  ; Clock      ; 12.100 ; 12.153 ; Rise       ; Clock           ;
;  MEM_OUT[0] ; Clock      ; 12.100 ; 12.153 ; Rise       ; Clock           ;
;  MEM_OUT[1] ; Clock      ; 10.871 ; 10.732 ; Rise       ; Clock           ;
;  MEM_OUT[2] ; Clock      ; 11.227 ; 11.080 ; Rise       ; Clock           ;
;  MEM_OUT[3] ; Clock      ; 10.916 ; 10.785 ; Rise       ; Clock           ;
;  MEM_OUT[4] ; Clock      ; 10.775 ; 10.686 ; Rise       ; Clock           ;
;  MEM_OUT[5] ; Clock      ; 10.928 ; 10.796 ; Rise       ; Clock           ;
;  MEM_OUT[6] ; Clock      ; 10.570 ; 10.467 ; Rise       ; Clock           ;
;  MEM_OUT[7] ; Clock      ; 11.820 ; 11.652 ; Rise       ; Clock           ;
; MainBus[*]  ; Clock      ; 17.877 ; 18.021 ; Rise       ; Clock           ;
;  MainBus[0] ; Clock      ; 16.576 ; 16.347 ; Rise       ; Clock           ;
;  MainBus[1] ; Clock      ; 17.310 ; 17.026 ; Rise       ; Clock           ;
;  MainBus[2] ; Clock      ; 17.877 ; 18.021 ; Rise       ; Clock           ;
;  MainBus[3] ; Clock      ; 16.680 ; 16.529 ; Rise       ; Clock           ;
;  MainBus[4] ; Clock      ; 17.204 ; 17.068 ; Rise       ; Clock           ;
;  MainBus[5] ; Clock      ; 17.843 ; 17.829 ; Rise       ; Clock           ;
;  MainBus[6] ; Clock      ; 17.043 ; 16.844 ; Rise       ; Clock           ;
;  MainBus[7] ; Clock      ; 17.418 ; 17.212 ; Rise       ; Clock           ;
; MemRead     ; Clock      ; 13.653 ; 13.544 ; Rise       ; Clock           ;
; MemWrite    ; Clock      ; 13.201 ; 13.010 ; Rise       ; Clock           ;
; MuxOut[*]   ; Clock      ; 10.490 ; 10.370 ; Rise       ; Clock           ;
;  MuxOut[0]  ; Clock      ; 10.490 ; 10.370 ; Rise       ; Clock           ;
;  MuxOut[1]  ; Clock      ; 8.592  ; 8.492  ; Rise       ; Clock           ;
;  MuxOut[2]  ; Clock      ; 8.736  ; 8.747  ; Rise       ; Clock           ;
;  MuxOut[3]  ; Clock      ; 8.020  ; 8.011  ; Rise       ; Clock           ;
;  MuxOut[4]  ; Clock      ; 9.372  ; 9.258  ; Rise       ; Clock           ;
; PCinc       ; Clock      ; 12.542 ; 12.311 ; Rise       ; Clock           ;
; PCloadAR    ; Clock      ; 13.551 ; 13.392 ; Rise       ; Clock           ;
; PCloadZ     ; Clock      ; 13.148 ; 13.036 ; Rise       ; Clock           ;
; Zload       ; Clock      ; 14.186 ; 14.051 ; Rise       ; Clock           ;
; AC_OUT[*]   ; Clock      ; 12.168 ; 12.111 ; Fall       ; Clock           ;
;  AC_OUT[0]  ; Clock      ; 11.483 ; 11.463 ; Fall       ; Clock           ;
;  AC_OUT[1]  ; Clock      ; 10.992 ; 10.928 ; Fall       ; Clock           ;
;  AC_OUT[2]  ; Clock      ; 11.677 ; 11.646 ; Fall       ; Clock           ;
;  AC_OUT[3]  ; Clock      ; 11.607 ; 11.505 ; Fall       ; Clock           ;
;  AC_OUT[4]  ; Clock      ; 10.752 ; 10.704 ; Fall       ; Clock           ;
;  AC_OUT[5]  ; Clock      ; 11.835 ; 11.900 ; Fall       ; Clock           ;
;  AC_OUT[6]  ; Clock      ; 12.168 ; 12.111 ; Fall       ; Clock           ;
;  AC_OUT[7]  ; Clock      ; 11.558 ; 11.546 ; Fall       ; Clock           ;
; AR_IN[*]    ; Clock      ; 15.993 ; 15.969 ; Fall       ; Clock           ;
;  AR_IN[0]   ; Clock      ; 14.098 ; 13.886 ; Fall       ; Clock           ;
;  AR_IN[1]   ; Clock      ; 14.996 ; 14.712 ; Fall       ; Clock           ;
;  AR_IN[2]   ; Clock      ; 14.211 ; 14.251 ; Fall       ; Clock           ;
;  AR_IN[3]   ; Clock      ; 14.361 ; 14.210 ; Fall       ; Clock           ;
;  AR_IN[4]   ; Clock      ; 15.166 ; 14.975 ; Fall       ; Clock           ;
;  AR_IN[5]   ; Clock      ; 15.993 ; 15.969 ; Fall       ; Clock           ;
;  AR_IN[6]   ; Clock      ; 14.975 ; 14.722 ; Fall       ; Clock           ;
;  AR_IN[7]   ; Clock      ; 15.099 ; 14.934 ; Fall       ; Clock           ;
; AR_OUT[*]   ; Clock      ; 12.843 ; 12.929 ; Fall       ; Clock           ;
;  AR_OUT[0]  ; Clock      ; 10.722 ; 10.673 ; Fall       ; Clock           ;
;  AR_OUT[1]  ; Clock      ; 11.520 ; 11.484 ; Fall       ; Clock           ;
;  AR_OUT[2]  ; Clock      ; 11.426 ; 11.435 ; Fall       ; Clock           ;
;  AR_OUT[3]  ; Clock      ; 12.843 ; 12.929 ; Fall       ; Clock           ;
;  AR_OUT[4]  ; Clock      ; 11.551 ; 11.448 ; Fall       ; Clock           ;
; CPUclk      ; Clock      ; 12.755 ; 12.896 ; Fall       ; Clock           ;
; DR_OUT[*]   ; Clock      ; 12.542 ; 12.700 ; Fall       ; Clock           ;
;  DR_OUT[0]  ; Clock      ; 10.979 ; 10.903 ; Fall       ; Clock           ;
;  DR_OUT[1]  ; Clock      ; 12.542 ; 12.700 ; Fall       ; Clock           ;
;  DR_OUT[2]  ; Clock      ; 12.383 ; 12.385 ; Fall       ; Clock           ;
;  DR_OUT[3]  ; Clock      ; 12.078 ; 11.978 ; Fall       ; Clock           ;
;  DR_OUT[4]  ; Clock      ; 11.725 ; 11.674 ; Fall       ; Clock           ;
;  DR_OUT[5]  ; Clock      ; 11.681 ; 11.567 ; Fall       ; Clock           ;
;  DR_OUT[6]  ; Clock      ; 11.894 ; 11.760 ; Fall       ; Clock           ;
;  DR_OUT[7]  ; Clock      ; 11.938 ; 11.793 ; Fall       ; Clock           ;
; IR_OUT[*]   ; Clock      ; 11.237 ; 11.221 ; Fall       ; Clock           ;
;  IR_OUT[0]  ; Clock      ; 11.237 ; 11.221 ; Fall       ; Clock           ;
;  IR_OUT[1]  ; Clock      ; 10.806 ; 10.736 ; Fall       ; Clock           ;
;  IR_OUT[2]  ; Clock      ; 10.862 ; 10.808 ; Fall       ; Clock           ;
; MDenable    ; Clock      ; 11.141 ; 11.319 ; Fall       ; Clock           ;
; MainBus[*]  ; Clock      ; 15.553 ; 15.697 ; Fall       ; Clock           ;
;  MainBus[0] ; Clock      ; 14.098 ; 13.886 ; Fall       ; Clock           ;
;  MainBus[1] ; Clock      ; 14.986 ; 14.702 ; Fall       ; Clock           ;
;  MainBus[2] ; Clock      ; 15.553 ; 15.697 ; Fall       ; Clock           ;
;  MainBus[3] ; Clock      ; 14.361 ; 14.210 ; Fall       ; Clock           ;
;  MainBus[4] ; Clock      ; 15.136 ; 14.946 ; Fall       ; Clock           ;
;  MainBus[5] ; Clock      ; 15.524 ; 15.551 ; Fall       ; Clock           ;
;  MainBus[6] ; Clock      ; 14.975 ; 14.722 ; Fall       ; Clock           ;
;  MainBus[7] ; Clock      ; 15.099 ; 14.934 ; Fall       ; Clock           ;
; MuxOut[*]   ; Clock      ; 14.121 ; 13.935 ; Fall       ; Clock           ;
;  MuxOut[0]  ; Clock      ; 14.121 ; 13.935 ; Fall       ; Clock           ;
;  MuxOut[1]  ; Clock      ; 12.665 ; 12.515 ; Fall       ; Clock           ;
;  MuxOut[2]  ; Clock      ; 12.642 ; 12.588 ; Fall       ; Clock           ;
;  MuxOut[3]  ; Clock      ; 11.988 ; 11.906 ; Fall       ; Clock           ;
;  MuxOut[4]  ; Clock      ; 12.764 ; 12.622 ; Fall       ; Clock           ;
; PC_OUT[*]   ; Clock      ; 11.911 ; 11.870 ; Fall       ; Clock           ;
;  PC_OUT[0]  ; Clock      ; 10.962 ; 10.965 ; Fall       ; Clock           ;
;  PC_OUT[1]  ; Clock      ; 11.911 ; 11.870 ; Fall       ; Clock           ;
;  PC_OUT[2]  ; Clock      ; 10.875 ; 10.815 ; Fall       ; Clock           ;
;  PC_OUT[3]  ; Clock      ; 11.789 ; 11.723 ; Fall       ; Clock           ;
;  PC_OUT[4]  ; Clock      ; 10.598 ; 10.566 ; Fall       ; Clock           ;
;  PC_OUT[5]  ; Clock      ; 11.824 ; 11.721 ; Fall       ; Clock           ;
;  PC_OUT[6]  ; Clock      ; 11.063 ; 11.014 ; Fall       ; Clock           ;
;  PC_OUT[7]  ; Clock      ; 11.315 ; 11.225 ; Fall       ; Clock           ;
; Zflag       ; Clock      ; 11.113 ; 11.022 ; Fall       ; Clock           ;
+-------------+------------+--------+--------+------------+-----------------+


+-------------------------------------------------------------------------+
; Minimum Clock to Output Times                                           ;
+-------------+------------+-------+-------+------------+-----------------+
; Data Port   ; Clock Port ; Rise  ; Fall  ; Clock Edge ; Clock Reference ;
+-------------+------------+-------+-------+------------+-----------------+
; ACload      ; Clock      ; 5.981 ; 6.091 ; Rise       ; Clock           ;
; ALUSEL[*]   ; Clock      ; 6.834 ; 7.047 ; Rise       ; Clock           ;
;  ALUSEL[0]  ; Clock      ; 6.834 ; 7.047 ; Rise       ; Clock           ;
; AR_IN[*]    ; Clock      ; 5.886 ; 6.071 ; Rise       ; Clock           ;
;  AR_IN[0]   ; Clock      ; 6.047 ; 6.191 ; Rise       ; Clock           ;
;  AR_IN[1]   ; Clock      ; 6.302 ; 6.475 ; Rise       ; Clock           ;
;  AR_IN[2]   ; Clock      ; 5.886 ; 6.071 ; Rise       ; Clock           ;
;  AR_IN[3]   ; Clock      ; 6.042 ; 6.233 ; Rise       ; Clock           ;
;  AR_IN[4]   ; Clock      ; 6.346 ; 6.558 ; Rise       ; Clock           ;
;  AR_IN[5]   ; Clock      ; 6.681 ; 6.977 ; Rise       ; Clock           ;
;  AR_IN[6]   ; Clock      ; 6.157 ; 6.314 ; Rise       ; Clock           ;
;  AR_IN[7]   ; Clock      ; 6.280 ; 6.484 ; Rise       ; Clock           ;
; ARload      ; Clock      ; 5.784 ; 5.781 ; Rise       ; Clock           ;
; BUS_AC      ; Clock      ; 6.073 ; 6.074 ; Rise       ; Clock           ;
; BUS_ALU     ; Clock      ; 5.932 ; 5.898 ; Rise       ; Clock           ;
; BUS_DR      ; Clock      ; 6.240 ; 6.261 ; Rise       ; Clock           ;
; BUS_MEM     ; Clock      ; 6.608 ; 6.677 ; Rise       ; Clock           ;
; BUS_PC      ; Clock      ; 6.009 ; 5.979 ; Rise       ; Clock           ;
; CPUclk      ; Clock      ; 4.095 ; 4.229 ; Rise       ; Clock           ;
; DRload      ; Clock      ; 6.097 ; 6.071 ; Rise       ; Clock           ;
; IRload      ; Clock      ; 6.176 ; 6.299 ; Rise       ; Clock           ;
; MEM_OUT[*]  ; Clock      ; 5.021 ; 5.075 ; Rise       ; Clock           ;
;  MEM_OUT[0] ; Clock      ; 6.029 ; 6.174 ; Rise       ; Clock           ;
;  MEM_OUT[1] ; Clock      ; 5.140 ; 5.204 ; Rise       ; Clock           ;
;  MEM_OUT[2] ; Clock      ; 5.314 ; 5.404 ; Rise       ; Clock           ;
;  MEM_OUT[3] ; Clock      ; 5.167 ; 5.246 ; Rise       ; Clock           ;
;  MEM_OUT[4] ; Clock      ; 5.113 ; 5.195 ; Rise       ; Clock           ;
;  MEM_OUT[5] ; Clock      ; 5.189 ; 5.268 ; Rise       ; Clock           ;
;  MEM_OUT[6] ; Clock      ; 5.021 ; 5.075 ; Rise       ; Clock           ;
;  MEM_OUT[7] ; Clock      ; 5.560 ; 5.686 ; Rise       ; Clock           ;
; MainBus[*]  ; Clock      ; 6.042 ; 6.191 ; Rise       ; Clock           ;
;  MainBus[0] ; Clock      ; 6.047 ; 6.191 ; Rise       ; Clock           ;
;  MainBus[1] ; Clock      ; 6.292 ; 6.465 ; Rise       ; Clock           ;
;  MainBus[2] ; Clock      ; 6.799 ; 7.040 ; Rise       ; Clock           ;
;  MainBus[3] ; Clock      ; 6.042 ; 6.233 ; Rise       ; Clock           ;
;  MainBus[4] ; Clock      ; 6.316 ; 6.528 ; Rise       ; Clock           ;
;  MainBus[5] ; Clock      ; 6.467 ; 6.755 ; Rise       ; Clock           ;
;  MainBus[6] ; Clock      ; 6.157 ; 6.314 ; Rise       ; Clock           ;
;  MainBus[7] ; Clock      ; 6.280 ; 6.484 ; Rise       ; Clock           ;
; MemRead     ; Clock      ; 6.598 ; 6.667 ; Rise       ; Clock           ;
; MemWrite    ; Clock      ; 6.378 ; 6.554 ; Rise       ; Clock           ;
; MuxOut[*]   ; Clock      ; 4.049 ; 4.145 ; Rise       ; Clock           ;
;  MuxOut[0]  ; Clock      ; 5.197 ; 5.426 ; Rise       ; Clock           ;
;  MuxOut[1]  ; Clock      ; 4.291 ; 4.424 ; Rise       ; Clock           ;
;  MuxOut[2]  ; Clock      ; 4.398 ; 4.555 ; Rise       ; Clock           ;
;  MuxOut[3]  ; Clock      ; 4.049 ; 4.145 ; Rise       ; Clock           ;
;  MuxOut[4]  ; Clock      ; 4.650 ; 4.805 ; Rise       ; Clock           ;
; PCinc       ; Clock      ; 6.066 ; 6.065 ; Rise       ; Clock           ;
; PCloadAR    ; Clock      ; 6.602 ; 6.773 ; Rise       ; Clock           ;
; PCloadZ     ; Clock      ; 6.456 ; 6.634 ; Rise       ; Clock           ;
; Zload       ; Clock      ; 6.844 ; 7.057 ; Rise       ; Clock           ;
; AC_OUT[*]   ; Clock      ; 5.694 ; 5.769 ; Fall       ; Clock           ;
;  AC_OUT[0]  ; Clock      ; 6.049 ; 6.178 ; Fall       ; Clock           ;
;  AC_OUT[1]  ; Clock      ; 5.801 ; 5.883 ; Fall       ; Clock           ;
;  AC_OUT[2]  ; Clock      ; 6.113 ; 6.258 ; Fall       ; Clock           ;
;  AC_OUT[3]  ; Clock      ; 6.099 ; 6.207 ; Fall       ; Clock           ;
;  AC_OUT[4]  ; Clock      ; 5.694 ; 5.769 ; Fall       ; Clock           ;
;  AC_OUT[5]  ; Clock      ; 6.494 ; 6.613 ; Fall       ; Clock           ;
;  AC_OUT[6]  ; Clock      ; 6.347 ; 6.521 ; Fall       ; Clock           ;
;  AC_OUT[7]  ; Clock      ; 6.065 ; 6.208 ; Fall       ; Clock           ;
; AR_IN[*]    ; Clock      ; 6.597 ; 6.769 ; Fall       ; Clock           ;
;  AR_IN[0]   ; Clock      ; 6.843 ; 6.981 ; Fall       ; Clock           ;
;  AR_IN[1]   ; Clock      ; 7.118 ; 7.266 ; Fall       ; Clock           ;
;  AR_IN[2]   ; Clock      ; 6.702 ; 6.878 ; Fall       ; Clock           ;
;  AR_IN[3]   ; Clock      ; 6.597 ; 6.769 ; Fall       ; Clock           ;
;  AR_IN[4]   ; Clock      ; 6.994 ; 7.170 ; Fall       ; Clock           ;
;  AR_IN[5]   ; Clock      ; 7.518 ; 7.784 ; Fall       ; Clock           ;
;  AR_IN[6]   ; Clock      ; 6.725 ; 6.850 ; Fall       ; Clock           ;
;  AR_IN[7]   ; Clock      ; 7.079 ; 7.312 ; Fall       ; Clock           ;
; AR_OUT[*]   ; Clock      ; 5.676 ; 5.745 ; Fall       ; Clock           ;
;  AR_OUT[0]  ; Clock      ; 5.676 ; 5.745 ; Fall       ; Clock           ;
;  AR_OUT[1]  ; Clock      ; 6.078 ; 6.209 ; Fall       ; Clock           ;
;  AR_OUT[2]  ; Clock      ; 6.065 ; 6.201 ; Fall       ; Clock           ;
;  AR_OUT[3]  ; Clock      ; 6.972 ; 7.162 ; Fall       ; Clock           ;
;  AR_OUT[4]  ; Clock      ; 6.071 ; 6.180 ; Fall       ; Clock           ;
; CPUclk      ; Clock      ; 4.095 ; 4.229 ; Fall       ; Clock           ;
; DR_OUT[*]   ; Clock      ; 5.790 ; 5.871 ; Fall       ; Clock           ;
;  DR_OUT[0]  ; Clock      ; 5.790 ; 5.871 ; Fall       ; Clock           ;
;  DR_OUT[1]  ; Clock      ; 6.609 ; 6.864 ; Fall       ; Clock           ;
;  DR_OUT[2]  ; Clock      ; 6.466 ; 6.655 ; Fall       ; Clock           ;
;  DR_OUT[3]  ; Clock      ; 6.325 ; 6.468 ; Fall       ; Clock           ;
;  DR_OUT[4]  ; Clock      ; 6.182 ; 6.324 ; Fall       ; Clock           ;
;  DR_OUT[5]  ; Clock      ; 6.138 ; 6.250 ; Fall       ; Clock           ;
;  DR_OUT[6]  ; Clock      ; 6.212 ; 6.333 ; Fall       ; Clock           ;
;  DR_OUT[7]  ; Clock      ; 6.254 ; 6.382 ; Fall       ; Clock           ;
; IR_OUT[*]   ; Clock      ; 5.716 ; 5.786 ; Fall       ; Clock           ;
;  IR_OUT[0]  ; Clock      ; 5.957 ; 6.087 ; Fall       ; Clock           ;
;  IR_OUT[1]  ; Clock      ; 5.716 ; 5.786 ; Fall       ; Clock           ;
;  IR_OUT[2]  ; Clock      ; 5.781 ; 5.853 ; Fall       ; Clock           ;
; MDenable    ; Clock      ; 5.845 ; 5.852 ; Fall       ; Clock           ;
; MainBus[*]  ; Clock      ; 6.597 ; 6.769 ; Fall       ; Clock           ;
;  MainBus[0] ; Clock      ; 6.843 ; 6.981 ; Fall       ; Clock           ;
;  MainBus[1] ; Clock      ; 7.108 ; 7.256 ; Fall       ; Clock           ;
;  MainBus[2] ; Clock      ; 7.615 ; 7.847 ; Fall       ; Clock           ;
;  MainBus[3] ; Clock      ; 6.597 ; 6.769 ; Fall       ; Clock           ;
;  MainBus[4] ; Clock      ; 6.964 ; 7.140 ; Fall       ; Clock           ;
;  MainBus[5] ; Clock      ; 7.304 ; 7.562 ; Fall       ; Clock           ;
;  MainBus[6] ; Clock      ; 6.725 ; 6.850 ; Fall       ; Clock           ;
;  MainBus[7] ; Clock      ; 7.079 ; 7.312 ; Fall       ; Clock           ;
; MuxOut[*]   ; Clock      ; 5.663 ; 5.700 ; Fall       ; Clock           ;
;  MuxOut[0]  ; Clock      ; 7.133 ; 7.274 ; Fall       ; Clock           ;
;  MuxOut[1]  ; Clock      ; 6.074 ; 6.182 ; Fall       ; Clock           ;
;  MuxOut[2]  ; Clock      ; 6.058 ; 6.191 ; Fall       ; Clock           ;
;  MuxOut[3]  ; Clock      ; 5.663 ; 5.700 ; Fall       ; Clock           ;
;  MuxOut[4]  ; Clock      ; 6.134 ; 6.247 ; Fall       ; Clock           ;
; PC_OUT[*]   ; Clock      ; 5.650 ; 5.714 ; Fall       ; Clock           ;
;  PC_OUT[0]  ; Clock      ; 5.819 ; 5.926 ; Fall       ; Clock           ;
;  PC_OUT[1]  ; Clock      ; 6.259 ; 6.406 ; Fall       ; Clock           ;
;  PC_OUT[2]  ; Clock      ; 5.771 ; 5.850 ; Fall       ; Clock           ;
;  PC_OUT[3]  ; Clock      ; 6.196 ; 6.331 ; Fall       ; Clock           ;
;  PC_OUT[4]  ; Clock      ; 5.650 ; 5.714 ; Fall       ; Clock           ;
;  PC_OUT[5]  ; Clock      ; 6.187 ; 6.310 ; Fall       ; Clock           ;
;  PC_OUT[6]  ; Clock      ; 5.844 ; 5.933 ; Fall       ; Clock           ;
;  PC_OUT[7]  ; Clock      ; 5.944 ; 6.040 ; Fall       ; Clock           ;
; Zflag       ; Clock      ; 5.863 ; 5.943 ; Fall       ; Clock           ;
+-------------+------------+-------+-------+------------+-----------------+


+------------------------------------------------------------------------------------------------------------------------------------------------------------------------------------------------------------------------------------------------------------------------------------------------------------------------------------------------------------------------------------------------------------------+
; Board Trace Model Assignments                                                                                                                                                                                                                                                                                                                                                                                    ;
+---------------+--------------+-------------------+-------------------------+-------------------------+---------------+---------------------+----------------+------------------+--------+------------------+------------------------+------------------------+--------------+---------------+-----------------+-------+---------------------+--------------------+---------------+-----------------+-------------+
; Pin           ; I/O Standard ; Near Tline Length ; Near Tline L per Length ; Near Tline C per Length ; Near Series R ; Near Differential R ; Near Pull-up R ; Near Pull-down R ; Near C ; Far Tline Length ; Far Tline L per Length ; Far Tline C per Length ; Far Series R ; Far Pull-up R ; Far Pull-down R ; Far C ; Termination Voltage ; Far Differential R ; EBD File Name ; EBD Signal Name ; EBD Far-end ;
+---------------+--------------+-------------------+-------------------------+-------------------------+---------------+---------------------+----------------+------------------+--------+------------------+------------------------+------------------------+--------------+---------------+-----------------+-------+---------------------+--------------------+---------------+-----------------+-------------+
; MDenable      ; 2.5 V        ; 0 in              ; 0 H/in                  ; 0 F/in                  ; short         ; -                   ; open           ; open             ; open   ; 0 in             ; 0 H/in                 ; 0 F/in                 ; short        ; open          ; open            ; open  ; 0 V                 ; -                  ; n/a           ; n/a             ; n/a         ;
; CPUclk        ; 2.5 V        ; 0 in              ; 0 H/in                  ; 0 F/in                  ; short         ; -                   ; open           ; open             ; open   ; 0 in             ; 0 H/in                 ; 0 F/in                 ; short        ; open          ; open            ; open  ; 0 V                 ; -                  ; n/a           ; n/a             ; n/a         ;
; IRload        ; 2.5 V        ; 0 in              ; 0 H/in                  ; 0 F/in                  ; short         ; -                   ; open           ; open             ; open   ; 0 in             ; 0 H/in                 ; 0 F/in                 ; short        ; open          ; open            ; open  ; 0 V                 ; -                  ; n/a           ; n/a             ; n/a         ;
; DRload        ; 2.5 V        ; 0 in              ; 0 H/in                  ; 0 F/in                  ; short         ; -                   ; open           ; open             ; open   ; 0 in             ; 0 H/in                 ; 0 F/in                 ; short        ; open          ; open            ; open  ; 0 V                 ; -                  ; n/a           ; n/a             ; n/a         ;
; Zload         ; 2.5 V        ; 0 in              ; 0 H/in                  ; 0 F/in                  ; short         ; -                   ; open           ; open             ; open   ; 0 in             ; 0 H/in                 ; 0 F/in                 ; short        ; open          ; open            ; open  ; 0 V                 ; -                  ; n/a           ; n/a             ; n/a         ;
; ACload        ; 2.5 V        ; 0 in              ; 0 H/in                  ; 0 F/in                  ; short         ; -                   ; open           ; open             ; open   ; 0 in             ; 0 H/in                 ; 0 F/in                 ; short        ; open          ; open            ; open  ; 0 V                 ; -                  ; n/a           ; n/a             ; n/a         ;
; ALUSEL[1]     ; 2.5 V        ; 0 in              ; 0 H/in                  ; 0 F/in                  ; short         ; -                   ; open           ; open             ; open   ; 0 in             ; 0 H/in                 ; 0 F/in                 ; short        ; open          ; open            ; open  ; 0 V                 ; -                  ; n/a           ; n/a             ; n/a         ;
; ALUSEL[0]     ; 2.5 V        ; 0 in              ; 0 H/in                  ; 0 F/in                  ; short         ; -                   ; open           ; open             ; open   ; 0 in             ; 0 H/in                 ; 0 F/in                 ; short        ; open          ; open            ; open  ; 0 V                 ; -                  ; n/a           ; n/a             ; n/a         ;
; BUS_ALU       ; 2.5 V        ; 0 in              ; 0 H/in                  ; 0 F/in                  ; short         ; -                   ; open           ; open             ; open   ; 0 in             ; 0 H/in                 ; 0 F/in                 ; short        ; open          ; open            ; open  ; 0 V                 ; -                  ; n/a           ; n/a             ; n/a         ;
; BUS_AC        ; 2.5 V        ; 0 in              ; 0 H/in                  ; 0 F/in                  ; short         ; -                   ; open           ; open             ; open   ; 0 in             ; 0 H/in                 ; 0 F/in                 ; short        ; open          ; open            ; open  ; 0 V                 ; -                  ; n/a           ; n/a             ; n/a         ;
; BUS_DR        ; 2.5 V        ; 0 in              ; 0 H/in                  ; 0 F/in                  ; short         ; -                   ; open           ; open             ; open   ; 0 in             ; 0 H/in                 ; 0 F/in                 ; short        ; open          ; open            ; open  ; 0 V                 ; -                  ; n/a           ; n/a             ; n/a         ;
; PCinc         ; 2.5 V        ; 0 in              ; 0 H/in                  ; 0 F/in                  ; short         ; -                   ; open           ; open             ; open   ; 0 in             ; 0 H/in                 ; 0 F/in                 ; short        ; open          ; open            ; open  ; 0 V                 ; -                  ; n/a           ; n/a             ; n/a         ;
; PCload        ; 2.5 V        ; 0 in              ; 0 H/in                  ; 0 F/in                  ; short         ; -                   ; open           ; open             ; open   ; 0 in             ; 0 H/in                 ; 0 F/in                 ; short        ; open          ; open            ; open  ; 0 V                 ; -                  ; n/a           ; n/a             ; n/a         ;
; PCloadZ       ; 2.5 V        ; 0 in              ; 0 H/in                  ; 0 F/in                  ; short         ; -                   ; open           ; open             ; open   ; 0 in             ; 0 H/in                 ; 0 F/in                 ; short        ; open          ; open            ; open  ; 0 V                 ; -                  ; n/a           ; n/a             ; n/a         ;
; PCloadAR      ; 2.5 V        ; 0 in              ; 0 H/in                  ; 0 F/in                  ; short         ; -                   ; open           ; open             ; open   ; 0 in             ; 0 H/in                 ; 0 F/in                 ; short        ; open          ; open            ; open  ; 0 V                 ; -                  ; n/a           ; n/a             ; n/a         ;
; ARload        ; 2.5 V        ; 0 in              ; 0 H/in                  ; 0 F/in                  ; short         ; -                   ; open           ; open             ; open   ; 0 in             ; 0 H/in                 ; 0 F/in                 ; short        ; open          ; open            ; open  ; 0 V                 ; -                  ; n/a           ; n/a             ; n/a         ;
; BUS_PC        ; 2.5 V        ; 0 in              ; 0 H/in                  ; 0 F/in                  ; short         ; -                   ; open           ; open             ; open   ; 0 in             ; 0 H/in                 ; 0 F/in                 ; short        ; open          ; open            ; open  ; 0 V                 ; -                  ; n/a           ; n/a             ; n/a         ;
; MemWrite      ; 2.5 V        ; 0 in              ; 0 H/in                  ; 0 F/in                  ; short         ; -                   ; open           ; open             ; open   ; 0 in             ; 0 H/in                 ; 0 F/in                 ; short        ; open          ; open            ; open  ; 0 V                 ; -                  ; n/a           ; n/a             ; n/a         ;
; MemRead       ; 2.5 V        ; 0 in              ; 0 H/in                  ; 0 F/in                  ; short         ; -                   ; open           ; open             ; open   ; 0 in             ; 0 H/in                 ; 0 F/in                 ; short        ; open          ; open            ; open  ; 0 V                 ; -                  ; n/a           ; n/a             ; n/a         ;
; BUS_MEM       ; 2.5 V        ; 0 in              ; 0 H/in                  ; 0 F/in                  ; short         ; -                   ; open           ; open             ; open   ; 0 in             ; 0 H/in                 ; 0 F/in                 ; short        ; open          ; open            ; open  ; 0 V                 ; -                  ; n/a           ; n/a             ; n/a         ;
; Zflag         ; 2.5 V        ; 0 in              ; 0 H/in                  ; 0 F/in                  ; short         ; -                   ; open           ; open             ; open   ; 0 in             ; 0 H/in                 ; 0 F/in                 ; short        ; open          ; open            ; open  ; 0 V                 ; -                  ; n/a           ; n/a             ; n/a         ;
; AC_OUT[7]     ; 2.5 V        ; 0 in              ; 0 H/in                  ; 0 F/in                  ; short         ; -                   ; open           ; open             ; open   ; 0 in             ; 0 H/in                 ; 0 F/in                 ; short        ; open          ; open            ; open  ; 0 V                 ; -                  ; n/a           ; n/a             ; n/a         ;
; AC_OUT[6]     ; 2.5 V        ; 0 in              ; 0 H/in                  ; 0 F/in                  ; short         ; -                   ; open           ; open             ; open   ; 0 in             ; 0 H/in                 ; 0 F/in                 ; short        ; open          ; open            ; open  ; 0 V                 ; -                  ; n/a           ; n/a             ; n/a         ;
; AC_OUT[5]     ; 2.5 V        ; 0 in              ; 0 H/in                  ; 0 F/in                  ; short         ; -                   ; open           ; open             ; open   ; 0 in             ; 0 H/in                 ; 0 F/in                 ; short        ; open          ; open            ; open  ; 0 V                 ; -                  ; n/a           ; n/a             ; n/a         ;
; AC_OUT[4]     ; 2.5 V        ; 0 in              ; 0 H/in                  ; 0 F/in                  ; short         ; -                   ; open           ; open             ; open   ; 0 in             ; 0 H/in                 ; 0 F/in                 ; short        ; open          ; open            ; open  ; 0 V                 ; -                  ; n/a           ; n/a             ; n/a         ;
; AC_OUT[3]     ; 2.5 V        ; 0 in              ; 0 H/in                  ; 0 F/in                  ; short         ; -                   ; open           ; open             ; open   ; 0 in             ; 0 H/in                 ; 0 F/in                 ; short        ; open          ; open            ; open  ; 0 V                 ; -                  ; n/a           ; n/a             ; n/a         ;
; AC_OUT[2]     ; 2.5 V        ; 0 in              ; 0 H/in                  ; 0 F/in                  ; short         ; -                   ; open           ; open             ; open   ; 0 in             ; 0 H/in                 ; 0 F/in                 ; short        ; open          ; open            ; open  ; 0 V                 ; -                  ; n/a           ; n/a             ; n/a         ;
; AC_OUT[1]     ; 2.5 V        ; 0 in              ; 0 H/in                  ; 0 F/in                  ; short         ; -                   ; open           ; open             ; open   ; 0 in             ; 0 H/in                 ; 0 F/in                 ; short        ; open          ; open            ; open  ; 0 V                 ; -                  ; n/a           ; n/a             ; n/a         ;
; AC_OUT[0]     ; 2.5 V        ; 0 in              ; 0 H/in                  ; 0 F/in                  ; short         ; -                   ; open           ; open             ; open   ; 0 in             ; 0 H/in                 ; 0 F/in                 ; short        ; open          ; open            ; open  ; 0 V                 ; -                  ; n/a           ; n/a             ; n/a         ;
; AR_IN[7]      ; 2.5 V        ; 0 in              ; 0 H/in                  ; 0 F/in                  ; short         ; -                   ; open           ; open             ; open   ; 0 in             ; 0 H/in                 ; 0 F/in                 ; short        ; open          ; open            ; open  ; 0 V                 ; -                  ; n/a           ; n/a             ; n/a         ;
; AR_IN[6]      ; 2.5 V        ; 0 in              ; 0 H/in                  ; 0 F/in                  ; short         ; -                   ; open           ; open             ; open   ; 0 in             ; 0 H/in                 ; 0 F/in                 ; short        ; open          ; open            ; open  ; 0 V                 ; -                  ; n/a           ; n/a             ; n/a         ;
; AR_IN[5]      ; 2.5 V        ; 0 in              ; 0 H/in                  ; 0 F/in                  ; short         ; -                   ; open           ; open             ; open   ; 0 in             ; 0 H/in                 ; 0 F/in                 ; short        ; open          ; open            ; open  ; 0 V                 ; -                  ; n/a           ; n/a             ; n/a         ;
; AR_IN[4]      ; 2.5 V        ; 0 in              ; 0 H/in                  ; 0 F/in                  ; short         ; -                   ; open           ; open             ; open   ; 0 in             ; 0 H/in                 ; 0 F/in                 ; short        ; open          ; open            ; open  ; 0 V                 ; -                  ; n/a           ; n/a             ; n/a         ;
; AR_IN[3]      ; 2.5 V        ; 0 in              ; 0 H/in                  ; 0 F/in                  ; short         ; -                   ; open           ; open             ; open   ; 0 in             ; 0 H/in                 ; 0 F/in                 ; short        ; open          ; open            ; open  ; 0 V                 ; -                  ; n/a           ; n/a             ; n/a         ;
; AR_IN[2]      ; 2.5 V        ; 0 in              ; 0 H/in                  ; 0 F/in                  ; short         ; -                   ; open           ; open             ; open   ; 0 in             ; 0 H/in                 ; 0 F/in                 ; short        ; open          ; open            ; open  ; 0 V                 ; -                  ; n/a           ; n/a             ; n/a         ;
; AR_IN[1]      ; 2.5 V        ; 0 in              ; 0 H/in                  ; 0 F/in                  ; short         ; -                   ; open           ; open             ; open   ; 0 in             ; 0 H/in                 ; 0 F/in                 ; short        ; open          ; open            ; open  ; 0 V                 ; -                  ; n/a           ; n/a             ; n/a         ;
; AR_IN[0]      ; 2.5 V        ; 0 in              ; 0 H/in                  ; 0 F/in                  ; short         ; -                   ; open           ; open             ; open   ; 0 in             ; 0 H/in                 ; 0 F/in                 ; short        ; open          ; open            ; open  ; 0 V                 ; -                  ; n/a           ; n/a             ; n/a         ;
; AR_OUT[4]     ; 2.5 V        ; 0 in              ; 0 H/in                  ; 0 F/in                  ; short         ; -                   ; open           ; open             ; open   ; 0 in             ; 0 H/in                 ; 0 F/in                 ; short        ; open          ; open            ; open  ; 0 V                 ; -                  ; n/a           ; n/a             ; n/a         ;
; AR_OUT[3]     ; 2.5 V        ; 0 in              ; 0 H/in                  ; 0 F/in                  ; short         ; -                   ; open           ; open             ; open   ; 0 in             ; 0 H/in                 ; 0 F/in                 ; short        ; open          ; open            ; open  ; 0 V                 ; -                  ; n/a           ; n/a             ; n/a         ;
; AR_OUT[2]     ; 2.5 V        ; 0 in              ; 0 H/in                  ; 0 F/in                  ; short         ; -                   ; open           ; open             ; open   ; 0 in             ; 0 H/in                 ; 0 F/in                 ; short        ; open          ; open            ; open  ; 0 V                 ; -                  ; n/a           ; n/a             ; n/a         ;
; AR_OUT[1]     ; 2.5 V        ; 0 in              ; 0 H/in                  ; 0 F/in                  ; short         ; -                   ; open           ; open             ; open   ; 0 in             ; 0 H/in                 ; 0 F/in                 ; short        ; open          ; open            ; open  ; 0 V                 ; -                  ; n/a           ; n/a             ; n/a         ;
; AR_OUT[0]     ; 2.5 V        ; 0 in              ; 0 H/in                  ; 0 F/in                  ; short         ; -                   ; open           ; open             ; open   ; 0 in             ; 0 H/in                 ; 0 F/in                 ; short        ; open          ; open            ; open  ; 0 V                 ; -                  ; n/a           ; n/a             ; n/a         ;
; DR_OUT[7]     ; 2.5 V        ; 0 in              ; 0 H/in                  ; 0 F/in                  ; short         ; -                   ; open           ; open             ; open   ; 0 in             ; 0 H/in                 ; 0 F/in                 ; short        ; open          ; open            ; open  ; 0 V                 ; -                  ; n/a           ; n/a             ; n/a         ;
; DR_OUT[6]     ; 2.5 V        ; 0 in              ; 0 H/in                  ; 0 F/in                  ; short         ; -                   ; open           ; open             ; open   ; 0 in             ; 0 H/in                 ; 0 F/in                 ; short        ; open          ; open            ; open  ; 0 V                 ; -                  ; n/a           ; n/a             ; n/a         ;
; DR_OUT[5]     ; 2.5 V        ; 0 in              ; 0 H/in                  ; 0 F/in                  ; short         ; -                   ; open           ; open             ; open   ; 0 in             ; 0 H/in                 ; 0 F/in                 ; short        ; open          ; open            ; open  ; 0 V                 ; -                  ; n/a           ; n/a             ; n/a         ;
; DR_OUT[4]     ; 2.5 V        ; 0 in              ; 0 H/in                  ; 0 F/in                  ; short         ; -                   ; open           ; open             ; open   ; 0 in             ; 0 H/in                 ; 0 F/in                 ; short        ; open          ; open            ; open  ; 0 V                 ; -                  ; n/a           ; n/a             ; n/a         ;
; DR_OUT[3]     ; 2.5 V        ; 0 in              ; 0 H/in                  ; 0 F/in                  ; short         ; -                   ; open           ; open             ; open   ; 0 in             ; 0 H/in                 ; 0 F/in                 ; short        ; open          ; open            ; open  ; 0 V                 ; -                  ; n/a           ; n/a             ; n/a         ;
; DR_OUT[2]     ; 2.5 V        ; 0 in              ; 0 H/in                  ; 0 F/in                  ; short         ; -                   ; open           ; open             ; open   ; 0 in             ; 0 H/in                 ; 0 F/in                 ; short        ; open          ; open            ; open  ; 0 V                 ; -                  ; n/a           ; n/a             ; n/a         ;
; DR_OUT[1]     ; 2.5 V        ; 0 in              ; 0 H/in                  ; 0 F/in                  ; short         ; -                   ; open           ; open             ; open   ; 0 in             ; 0 H/in                 ; 0 F/in                 ; short        ; open          ; open            ; open  ; 0 V                 ; -                  ; n/a           ; n/a             ; n/a         ;
; DR_OUT[0]     ; 2.5 V        ; 0 in              ; 0 H/in                  ; 0 F/in                  ; short         ; -                   ; open           ; open             ; open   ; 0 in             ; 0 H/in                 ; 0 F/in                 ; short        ; open          ; open            ; open  ; 0 V                 ; -                  ; n/a           ; n/a             ; n/a         ;
; IR_OUT[2]     ; 2.5 V        ; 0 in              ; 0 H/in                  ; 0 F/in                  ; short         ; -                   ; open           ; open             ; open   ; 0 in             ; 0 H/in                 ; 0 F/in                 ; short        ; open          ; open            ; open  ; 0 V                 ; -                  ; n/a           ; n/a             ; n/a         ;
; IR_OUT[1]     ; 2.5 V        ; 0 in              ; 0 H/in                  ; 0 F/in                  ; short         ; -                   ; open           ; open             ; open   ; 0 in             ; 0 H/in                 ; 0 F/in                 ; short        ; open          ; open            ; open  ; 0 V                 ; -                  ; n/a           ; n/a             ; n/a         ;
; IR_OUT[0]     ; 2.5 V        ; 0 in              ; 0 H/in                  ; 0 F/in                  ; short         ; -                   ; open           ; open             ; open   ; 0 in             ; 0 H/in                 ; 0 F/in                 ; short        ; open          ; open            ; open  ; 0 V                 ; -                  ; n/a           ; n/a             ; n/a         ;
; MainBus[7]    ; 2.5 V        ; 0 in              ; 0 H/in                  ; 0 F/in                  ; short         ; -                   ; open           ; open             ; open   ; 0 in             ; 0 H/in                 ; 0 F/in                 ; short        ; open          ; open            ; open  ; 0 V                 ; -                  ; n/a           ; n/a             ; n/a         ;
; MainBus[6]    ; 2.5 V        ; 0 in              ; 0 H/in                  ; 0 F/in                  ; short         ; -                   ; open           ; open             ; open   ; 0 in             ; 0 H/in                 ; 0 F/in                 ; short        ; open          ; open            ; open  ; 0 V                 ; -                  ; n/a           ; n/a             ; n/a         ;
; MainBus[5]    ; 2.5 V        ; 0 in              ; 0 H/in                  ; 0 F/in                  ; short         ; -                   ; open           ; open             ; open   ; 0 in             ; 0 H/in                 ; 0 F/in                 ; short        ; open          ; open            ; open  ; 0 V                 ; -                  ; n/a           ; n/a             ; n/a         ;
; MainBus[4]    ; 2.5 V        ; 0 in              ; 0 H/in                  ; 0 F/in                  ; short         ; -                   ; open           ; open             ; open   ; 0 in             ; 0 H/in                 ; 0 F/in                 ; short        ; open          ; open            ; open  ; 0 V                 ; -                  ; n/a           ; n/a             ; n/a         ;
; MainBus[3]    ; 2.5 V        ; 0 in              ; 0 H/in                  ; 0 F/in                  ; short         ; -                   ; open           ; open             ; open   ; 0 in             ; 0 H/in                 ; 0 F/in                 ; short        ; open          ; open            ; open  ; 0 V                 ; -                  ; n/a           ; n/a             ; n/a         ;
; MainBus[2]    ; 2.5 V        ; 0 in              ; 0 H/in                  ; 0 F/in                  ; short         ; -                   ; open           ; open             ; open   ; 0 in             ; 0 H/in                 ; 0 F/in                 ; short        ; open          ; open            ; open  ; 0 V                 ; -                  ; n/a           ; n/a             ; n/a         ;
; MainBus[1]    ; 2.5 V        ; 0 in              ; 0 H/in                  ; 0 F/in                  ; short         ; -                   ; open           ; open             ; open   ; 0 in             ; 0 H/in                 ; 0 F/in                 ; short        ; open          ; open            ; open  ; 0 V                 ; -                  ; n/a           ; n/a             ; n/a         ;
; MainBus[0]    ; 2.5 V        ; 0 in              ; 0 H/in                  ; 0 F/in                  ; short         ; -                   ; open           ; open             ; open   ; 0 in             ; 0 H/in                 ; 0 F/in                 ; short        ; open          ; open            ; open  ; 0 V                 ; -                  ; n/a           ; n/a             ; n/a         ;
; MEM_OUT[7]    ; 2.5 V        ; 0 in              ; 0 H/in                  ; 0 F/in                  ; short         ; -                   ; open           ; open             ; open   ; 0 in             ; 0 H/in                 ; 0 F/in                 ; short        ; open          ; open            ; open  ; 0 V                 ; -                  ; n/a           ; n/a             ; n/a         ;
; MEM_OUT[6]    ; 2.5 V        ; 0 in              ; 0 H/in                  ; 0 F/in                  ; short         ; -                   ; open           ; open             ; open   ; 0 in             ; 0 H/in                 ; 0 F/in                 ; short        ; open          ; open            ; open  ; 0 V                 ; -                  ; n/a           ; n/a             ; n/a         ;
; MEM_OUT[5]    ; 2.5 V        ; 0 in              ; 0 H/in                  ; 0 F/in                  ; short         ; -                   ; open           ; open             ; open   ; 0 in             ; 0 H/in                 ; 0 F/in                 ; short        ; open          ; open            ; open  ; 0 V                 ; -                  ; n/a           ; n/a             ; n/a         ;
; MEM_OUT[4]    ; 2.5 V        ; 0 in              ; 0 H/in                  ; 0 F/in                  ; short         ; -                   ; open           ; open             ; open   ; 0 in             ; 0 H/in                 ; 0 F/in                 ; short        ; open          ; open            ; open  ; 0 V                 ; -                  ; n/a           ; n/a             ; n/a         ;
; MEM_OUT[3]    ; 2.5 V        ; 0 in              ; 0 H/in                  ; 0 F/in                  ; short         ; -                   ; open           ; open             ; open   ; 0 in             ; 0 H/in                 ; 0 F/in                 ; short        ; open          ; open            ; open  ; 0 V                 ; -                  ; n/a           ; n/a             ; n/a         ;
; MEM_OUT[2]    ; 2.5 V        ; 0 in              ; 0 H/in                  ; 0 F/in                  ; short         ; -                   ; open           ; open             ; open   ; 0 in             ; 0 H/in                 ; 0 F/in                 ; short        ; open          ; open            ; open  ; 0 V                 ; -                  ; n/a           ; n/a             ; n/a         ;
; MEM_OUT[1]    ; 2.5 V        ; 0 in              ; 0 H/in                  ; 0 F/in                  ; short         ; -                   ; open           ; open             ; open   ; 0 in             ; 0 H/in                 ; 0 F/in                 ; short        ; open          ; open            ; open  ; 0 V                 ; -                  ; n/a           ; n/a             ; n/a         ;
; MEM_OUT[0]    ; 2.5 V        ; 0 in              ; 0 H/in                  ; 0 F/in                  ; short         ; -                   ; open           ; open             ; open   ; 0 in             ; 0 H/in                 ; 0 F/in                 ; short        ; open          ; open            ; open  ; 0 V                 ; -                  ; n/a           ; n/a             ; n/a         ;
; MuxOut[4]     ; 2.5 V        ; 0 in              ; 0 H/in                  ; 0 F/in                  ; short         ; -                   ; open           ; open             ; open   ; 0 in             ; 0 H/in                 ; 0 F/in                 ; short        ; open          ; open            ; open  ; 0 V                 ; -                  ; n/a           ; n/a             ; n/a         ;
; MuxOut[3]     ; 2.5 V        ; 0 in              ; 0 H/in                  ; 0 F/in                  ; short         ; -                   ; open           ; open             ; open   ; 0 in             ; 0 H/in                 ; 0 F/in                 ; short        ; open          ; open            ; open  ; 0 V                 ; -                  ; n/a           ; n/a             ; n/a         ;
; MuxOut[2]     ; 2.5 V        ; 0 in              ; 0 H/in                  ; 0 F/in                  ; short         ; -                   ; open           ; open             ; open   ; 0 in             ; 0 H/in                 ; 0 F/in                 ; short        ; open          ; open            ; open  ; 0 V                 ; -                  ; n/a           ; n/a             ; n/a         ;
; MuxOut[1]     ; 2.5 V        ; 0 in              ; 0 H/in                  ; 0 F/in                  ; short         ; -                   ; open           ; open             ; open   ; 0 in             ; 0 H/in                 ; 0 F/in                 ; short        ; open          ; open            ; open  ; 0 V                 ; -                  ; n/a           ; n/a             ; n/a         ;
; MuxOut[0]     ; 2.5 V        ; 0 in              ; 0 H/in                  ; 0 F/in                  ; short         ; -                   ; open           ; open             ; open   ; 0 in             ; 0 H/in                 ; 0 F/in                 ; short        ; open          ; open            ; open  ; 0 V                 ; -                  ; n/a           ; n/a             ; n/a         ;
; PC_OUT[7]     ; 2.5 V        ; 0 in              ; 0 H/in                  ; 0 F/in                  ; short         ; -                   ; open           ; open             ; open   ; 0 in             ; 0 H/in                 ; 0 F/in                 ; short        ; open          ; open            ; open  ; 0 V                 ; -                  ; n/a           ; n/a             ; n/a         ;
; PC_OUT[6]     ; 2.5 V        ; 0 in              ; 0 H/in                  ; 0 F/in                  ; short         ; -                   ; open           ; open             ; open   ; 0 in             ; 0 H/in                 ; 0 F/in                 ; short        ; open          ; open            ; open  ; 0 V                 ; -                  ; n/a           ; n/a             ; n/a         ;
; PC_OUT[5]     ; 2.5 V        ; 0 in              ; 0 H/in                  ; 0 F/in                  ; short         ; -                   ; open           ; open             ; open   ; 0 in             ; 0 H/in                 ; 0 F/in                 ; short        ; open          ; open            ; open  ; 0 V                 ; -                  ; n/a           ; n/a             ; n/a         ;
; PC_OUT[4]     ; 2.5 V        ; 0 in              ; 0 H/in                  ; 0 F/in                  ; short         ; -                   ; open           ; open             ; open   ; 0 in             ; 0 H/in                 ; 0 F/in                 ; short        ; open          ; open            ; open  ; 0 V                 ; -                  ; n/a           ; n/a             ; n/a         ;
; PC_OUT[3]     ; 2.5 V        ; 0 in              ; 0 H/in                  ; 0 F/in                  ; short         ; -                   ; open           ; open             ; open   ; 0 in             ; 0 H/in                 ; 0 F/in                 ; short        ; open          ; open            ; open  ; 0 V                 ; -                  ; n/a           ; n/a             ; n/a         ;
; PC_OUT[2]     ; 2.5 V        ; 0 in              ; 0 H/in                  ; 0 F/in                  ; short         ; -                   ; open           ; open             ; open   ; 0 in             ; 0 H/in                 ; 0 F/in                 ; short        ; open          ; open            ; open  ; 0 V                 ; -                  ; n/a           ; n/a             ; n/a         ;
; PC_OUT[1]     ; 2.5 V        ; 0 in              ; 0 H/in                  ; 0 F/in                  ; short         ; -                   ; open           ; open             ; open   ; 0 in             ; 0 H/in                 ; 0 F/in                 ; short        ; open          ; open            ; open  ; 0 V                 ; -                  ; n/a           ; n/a             ; n/a         ;
; PC_OUT[0]     ; 2.5 V        ; 0 in              ; 0 H/in                  ; 0 F/in                  ; short         ; -                   ; open           ; open             ; open   ; 0 in             ; 0 H/in                 ; 0 F/in                 ; short        ; open          ; open            ; open  ; 0 V                 ; -                  ; n/a           ; n/a             ; n/a         ;
; ~ALTERA_DCLK~ ; 2.5 V        ; 0 in              ; 0 H/in                  ; 0 F/in                  ; short         ; -                   ; open           ; open             ; open   ; 0 in             ; 0 H/in                 ; 0 F/in                 ; short        ; open          ; open            ; open  ; 0 V                 ; -                  ; n/a           ; n/a             ; n/a         ;
; ~ALTERA_nCEO~ ; 2.5 V        ; 0 in              ; 0 H/in                  ; 0 F/in                  ; short         ; -                   ; open           ; open             ; open   ; 0 in             ; 0 H/in                 ; 0 F/in                 ; short        ; open          ; open            ; open  ; 0 V                 ; -                  ; n/a           ; n/a             ; n/a         ;
+---------------+--------------+-------------------+-------------------------+-------------------------+---------------+---------------------+----------------+------------------+--------+------------------+------------------------+------------------------+--------------+---------------+-----------------+-------+---------------------+--------------------+---------------+-----------------+-------------+


+----------------------------------------------------------------------------+
; Input Transition Times                                                     ;
+-------------------------+--------------+-----------------+-----------------+
; Pin                     ; I/O Standard ; 10-90 Rise Time ; 90-10 Fall Time ;
+-------------------------+--------------+-----------------+-----------------+
; Clock                   ; 2.5 V        ; 2000 ps         ; 2000 ps         ;
; Reset                   ; 2.5 V        ; 2000 ps         ; 2000 ps         ;
; ~ALTERA_ASDO_DATA1~     ; 2.5 V        ; 2000 ps         ; 2000 ps         ;
; ~ALTERA_FLASH_nCE_nCSO~ ; 2.5 V        ; 2000 ps         ; 2000 ps         ;
; ~ALTERA_DATA0~          ; 2.5 V        ; 2000 ps         ; 2000 ps         ;
+-------------------------+--------------+-----------------+-----------------+


+--------------------------------------------------------------------------------------------------------------------------------------------------------------------------------------------------------------------------------------------------------------------------------------------------------------------------------------------------------------------------------------------------------------------------------------------------------------------------------------------------------------------------------------------------------------------------------------------------------------------------------------------------------------------------------------------+
; Signal Integrity Metrics (Slow 1200mv 0c Model)                                                                                                                                                                                                                                                                                                                                                                                                                                                                                                                                                                                                                                            ;
+---------------+--------------+---------------------+---------------------+------------------------------+------------------------------+---------------------+---------------------+--------------------------------------+--------------------------------------+-----------------------------+-----------------------------+----------------------------+----------------------------+-----------------------------+-----------------------------+--------------------+--------------------+-------------------------------------+-------------------------------------+----------------------------+----------------------------+---------------------------+---------------------------+
; Pin           ; I/O Standard ; Board Delay on Rise ; Board Delay on Fall ; Steady State Voh at FPGA Pin ; Steady State Vol at FPGA Pin ; Voh Max at FPGA Pin ; Vol Min at FPGA Pin ; Ringback Voltage on Rise at FPGA Pin ; Ringback Voltage on Fall at FPGA Pin ; 10-90 Rise Time at FPGA Pin ; 90-10 Fall Time at FPGA Pin ; Monotonic Rise at FPGA Pin ; Monotonic Fall at FPGA Pin ; Steady State Voh at Far-end ; Steady State Vol at Far-end ; Voh Max at Far-end ; Vol Min at Far-end ; Ringback Voltage on Rise at Far-end ; Ringback Voltage on Fall at Far-end ; 10-90 Rise Time at Far-end ; 90-10 Fall Time at Far-end ; Monotonic Rise at Far-end ; Monotonic Fall at Far-end ;
+---------------+--------------+---------------------+---------------------+------------------------------+------------------------------+---------------------+---------------------+--------------------------------------+--------------------------------------+-----------------------------+-----------------------------+----------------------------+----------------------------+-----------------------------+-----------------------------+--------------------+--------------------+-------------------------------------+-------------------------------------+----------------------------+----------------------------+---------------------------+---------------------------+
; MDenable      ; 2.5 V        ; 0 s                 ; 0 s                 ; 2.32 V                       ; 4.49e-09 V                   ; 2.38 V              ; -0.00552 V          ; 0.096 V                              ; 0.019 V                              ; 4.18e-10 s                  ; 3.59e-10 s                  ; No                         ; Yes                        ; 2.32 V                      ; 4.49e-09 V                  ; 2.38 V             ; -0.00552 V         ; 0.096 V                             ; 0.019 V                             ; 4.18e-10 s                 ; 3.59e-10 s                 ; No                        ; Yes                       ;
; CPUclk        ; 2.5 V        ; 0 s                 ; 0 s                 ; 2.32 V                       ; 4.49e-09 V                   ; 2.38 V              ; -0.00552 V          ; 0.096 V                              ; 0.019 V                              ; 4.18e-10 s                  ; 3.59e-10 s                  ; No                         ; Yes                        ; 2.32 V                      ; 4.49e-09 V                  ; 2.38 V             ; -0.00552 V         ; 0.096 V                             ; 0.019 V                             ; 4.18e-10 s                 ; 3.59e-10 s                 ; No                        ; Yes                       ;
; IRload        ; 2.5 V        ; 0 s                 ; 0 s                 ; 2.32 V                       ; 4.49e-09 V                   ; 2.38 V              ; -0.00552 V          ; 0.096 V                              ; 0.019 V                              ; 4.18e-10 s                  ; 3.59e-10 s                  ; No                         ; Yes                        ; 2.32 V                      ; 4.49e-09 V                  ; 2.38 V             ; -0.00552 V         ; 0.096 V                             ; 0.019 V                             ; 4.18e-10 s                 ; 3.59e-10 s                 ; No                        ; Yes                       ;
; DRload        ; 2.5 V        ; 0 s                 ; 0 s                 ; 2.32 V                       ; 4.49e-09 V                   ; 2.38 V              ; -0.00552 V          ; 0.096 V                              ; 0.019 V                              ; 4.18e-10 s                  ; 3.59e-10 s                  ; No                         ; Yes                        ; 2.32 V                      ; 4.49e-09 V                  ; 2.38 V             ; -0.00552 V         ; 0.096 V                             ; 0.019 V                             ; 4.18e-10 s                 ; 3.59e-10 s                 ; No                        ; Yes                       ;
; Zload         ; 2.5 V        ; 0 s                 ; 0 s                 ; 2.32 V                       ; 4.49e-09 V                   ; 2.38 V              ; -0.00552 V          ; 0.096 V                              ; 0.019 V                              ; 4.18e-10 s                  ; 3.59e-10 s                  ; No                         ; Yes                        ; 2.32 V                      ; 4.49e-09 V                  ; 2.38 V             ; -0.00552 V         ; 0.096 V                             ; 0.019 V                             ; 4.18e-10 s                 ; 3.59e-10 s                 ; No                        ; Yes                       ;
; ACload        ; 2.5 V        ; 0 s                 ; 0 s                 ; 2.32 V                       ; 4.49e-09 V                   ; 2.38 V              ; -0.00552 V          ; 0.096 V                              ; 0.019 V                              ; 4.18e-10 s                  ; 3.59e-10 s                  ; No                         ; Yes                        ; 2.32 V                      ; 4.49e-09 V                  ; 2.38 V             ; -0.00552 V         ; 0.096 V                             ; 0.019 V                             ; 4.18e-10 s                 ; 3.59e-10 s                 ; No                        ; Yes                       ;
; ALUSEL[1]     ; 2.5 V        ; 0 s                 ; 0 s                 ; 2.32 V                       ; 4.49e-09 V                   ; 2.38 V              ; -0.00552 V          ; 0.096 V                              ; 0.019 V                              ; 4.18e-10 s                  ; 3.59e-10 s                  ; No                         ; Yes                        ; 2.32 V                      ; 4.49e-09 V                  ; 2.38 V             ; -0.00552 V         ; 0.096 V                             ; 0.019 V                             ; 4.18e-10 s                 ; 3.59e-10 s                 ; No                        ; Yes                       ;
; ALUSEL[0]     ; 2.5 V        ; 0 s                 ; 0 s                 ; 2.32 V                       ; 4.49e-09 V                   ; 2.38 V              ; -0.00552 V          ; 0.096 V                              ; 0.019 V                              ; 4.18e-10 s                  ; 3.59e-10 s                  ; No                         ; Yes                        ; 2.32 V                      ; 4.49e-09 V                  ; 2.38 V             ; -0.00552 V         ; 0.096 V                             ; 0.019 V                             ; 4.18e-10 s                 ; 3.59e-10 s                 ; No                        ; Yes                       ;
; BUS_ALU       ; 2.5 V        ; 0 s                 ; 0 s                 ; 2.32 V                       ; 4.49e-09 V                   ; 2.38 V              ; -0.00552 V          ; 0.096 V                              ; 0.019 V                              ; 4.18e-10 s                  ; 3.59e-10 s                  ; No                         ; Yes                        ; 2.32 V                      ; 4.49e-09 V                  ; 2.38 V             ; -0.00552 V         ; 0.096 V                             ; 0.019 V                             ; 4.18e-10 s                 ; 3.59e-10 s                 ; No                        ; Yes                       ;
; BUS_AC        ; 2.5 V        ; 0 s                 ; 0 s                 ; 2.32 V                       ; 4.49e-09 V                   ; 2.38 V              ; -0.00552 V          ; 0.096 V                              ; 0.019 V                              ; 4.18e-10 s                  ; 3.59e-10 s                  ; No                         ; Yes                        ; 2.32 V                      ; 4.49e-09 V                  ; 2.38 V             ; -0.00552 V         ; 0.096 V                             ; 0.019 V                             ; 4.18e-10 s                 ; 3.59e-10 s                 ; No                        ; Yes                       ;
; BUS_DR        ; 2.5 V        ; 0 s                 ; 0 s                 ; 2.32 V                       ; 4.49e-09 V                   ; 2.38 V              ; -0.00552 V          ; 0.096 V                              ; 0.019 V                              ; 4.18e-10 s                  ; 3.59e-10 s                  ; No                         ; Yes                        ; 2.32 V                      ; 4.49e-09 V                  ; 2.38 V             ; -0.00552 V         ; 0.096 V                             ; 0.019 V                             ; 4.18e-10 s                 ; 3.59e-10 s                 ; No                        ; Yes                       ;
; PCinc         ; 2.5 V        ; 0 s                 ; 0 s                 ; 2.32 V                       ; 4.49e-09 V                   ; 2.38 V              ; -0.00552 V          ; 0.096 V                              ; 0.019 V                              ; 4.18e-10 s                  ; 3.59e-10 s                  ; No                         ; Yes                        ; 2.32 V                      ; 4.49e-09 V                  ; 2.38 V             ; -0.00552 V         ; 0.096 V                             ; 0.019 V                             ; 4.18e-10 s                 ; 3.59e-10 s                 ; No                        ; Yes                       ;
; PCload        ; 2.5 V        ; 0 s                 ; 0 s                 ; 2.32 V                       ; 4.49e-09 V                   ; 2.38 V              ; -0.00552 V          ; 0.096 V                              ; 0.019 V                              ; 4.18e-10 s                  ; 3.59e-10 s                  ; No                         ; Yes                        ; 2.32 V                      ; 4.49e-09 V                  ; 2.38 V             ; -0.00552 V         ; 0.096 V                             ; 0.019 V                             ; 4.18e-10 s                 ; 3.59e-10 s                 ; No                        ; Yes                       ;
; PCloadZ       ; 2.5 V        ; 0 s                 ; 0 s                 ; 2.32 V                       ; 4.49e-09 V                   ; 2.38 V              ; -0.00552 V          ; 0.096 V                              ; 0.019 V                              ; 4.18e-10 s                  ; 3.59e-10 s                  ; No                         ; Yes                        ; 2.32 V                      ; 4.49e-09 V                  ; 2.38 V             ; -0.00552 V         ; 0.096 V                             ; 0.019 V                             ; 4.18e-10 s                 ; 3.59e-10 s                 ; No                        ; Yes                       ;
; PCloadAR      ; 2.5 V        ; 0 s                 ; 0 s                 ; 2.32 V                       ; 4.49e-09 V                   ; 2.38 V              ; -0.00552 V          ; 0.096 V                              ; 0.019 V                              ; 4.18e-10 s                  ; 3.59e-10 s                  ; No                         ; Yes                        ; 2.32 V                      ; 4.49e-09 V                  ; 2.38 V             ; -0.00552 V         ; 0.096 V                             ; 0.019 V                             ; 4.18e-10 s                 ; 3.59e-10 s                 ; No                        ; Yes                       ;
; ARload        ; 2.5 V        ; 0 s                 ; 0 s                 ; 2.32 V                       ; 4.49e-09 V                   ; 2.38 V              ; -0.00552 V          ; 0.096 V                              ; 0.019 V                              ; 4.18e-10 s                  ; 3.59e-10 s                  ; No                         ; Yes                        ; 2.32 V                      ; 4.49e-09 V                  ; 2.38 V             ; -0.00552 V         ; 0.096 V                             ; 0.019 V                             ; 4.18e-10 s                 ; 3.59e-10 s                 ; No                        ; Yes                       ;
; BUS_PC        ; 2.5 V        ; 0 s                 ; 0 s                 ; 2.32 V                       ; 4.49e-09 V                   ; 2.38 V              ; -0.00552 V          ; 0.096 V                              ; 0.019 V                              ; 4.18e-10 s                  ; 3.59e-10 s                  ; No                         ; Yes                        ; 2.32 V                      ; 4.49e-09 V                  ; 2.38 V             ; -0.00552 V         ; 0.096 V                             ; 0.019 V                             ; 4.18e-10 s                 ; 3.59e-10 s                 ; No                        ; Yes                       ;
; MemWrite      ; 2.5 V        ; 0 s                 ; 0 s                 ; 2.32 V                       ; 4.49e-09 V                   ; 2.38 V              ; -0.00552 V          ; 0.096 V                              ; 0.019 V                              ; 4.18e-10 s                  ; 3.59e-10 s                  ; No                         ; Yes                        ; 2.32 V                      ; 4.49e-09 V                  ; 2.38 V             ; -0.00552 V         ; 0.096 V                             ; 0.019 V                             ; 4.18e-10 s                 ; 3.59e-10 s                 ; No                        ; Yes                       ;
; MemRead       ; 2.5 V        ; 0 s                 ; 0 s                 ; 2.32 V                       ; 4.49e-09 V                   ; 2.38 V              ; -0.00552 V          ; 0.096 V                              ; 0.019 V                              ; 4.18e-10 s                  ; 3.59e-10 s                  ; No                         ; Yes                        ; 2.32 V                      ; 4.49e-09 V                  ; 2.38 V             ; -0.00552 V         ; 0.096 V                             ; 0.019 V                             ; 4.18e-10 s                 ; 3.59e-10 s                 ; No                        ; Yes                       ;
; BUS_MEM       ; 2.5 V        ; 0 s                 ; 0 s                 ; 2.32 V                       ; 4.49e-09 V                   ; 2.38 V              ; -0.00552 V          ; 0.096 V                              ; 0.019 V                              ; 4.18e-10 s                  ; 3.59e-10 s                  ; No                         ; Yes                        ; 2.32 V                      ; 4.49e-09 V                  ; 2.38 V             ; -0.00552 V         ; 0.096 V                             ; 0.019 V                             ; 4.18e-10 s                 ; 3.59e-10 s                 ; No                        ; Yes                       ;
; Zflag         ; 2.5 V        ; 0 s                 ; 0 s                 ; 2.32 V                       ; 4.49e-09 V                   ; 2.38 V              ; -0.00552 V          ; 0.096 V                              ; 0.019 V                              ; 4.18e-10 s                  ; 3.59e-10 s                  ; No                         ; Yes                        ; 2.32 V                      ; 4.49e-09 V                  ; 2.38 V             ; -0.00552 V         ; 0.096 V                             ; 0.019 V                             ; 4.18e-10 s                 ; 3.59e-10 s                 ; No                        ; Yes                       ;
; AC_OUT[7]     ; 2.5 V        ; 0 s                 ; 0 s                 ; 2.32 V                       ; 4.49e-09 V                   ; 2.38 V              ; -0.00552 V          ; 0.096 V                              ; 0.019 V                              ; 4.18e-10 s                  ; 3.59e-10 s                  ; No                         ; Yes                        ; 2.32 V                      ; 4.49e-09 V                  ; 2.38 V             ; -0.00552 V         ; 0.096 V                             ; 0.019 V                             ; 4.18e-10 s                 ; 3.59e-10 s                 ; No                        ; Yes                       ;
; AC_OUT[6]     ; 2.5 V        ; 0 s                 ; 0 s                 ; 2.32 V                       ; 4.49e-09 V                   ; 2.38 V              ; -0.00552 V          ; 0.096 V                              ; 0.019 V                              ; 4.18e-10 s                  ; 3.59e-10 s                  ; No                         ; Yes                        ; 2.32 V                      ; 4.49e-09 V                  ; 2.38 V             ; -0.00552 V         ; 0.096 V                             ; 0.019 V                             ; 4.18e-10 s                 ; 3.59e-10 s                 ; No                        ; Yes                       ;
; AC_OUT[5]     ; 2.5 V        ; 0 s                 ; 0 s                 ; 2.32 V                       ; 4.49e-09 V                   ; 2.33 V              ; -0.00467 V          ; 0.226 V                              ; 0.087 V                              ; 2.91e-09 s                  ; 2.74e-09 s                  ; Yes                        ; Yes                        ; 2.32 V                      ; 4.49e-09 V                  ; 2.33 V             ; -0.00467 V         ; 0.226 V                             ; 0.087 V                             ; 2.91e-09 s                 ; 2.74e-09 s                 ; Yes                       ; Yes                       ;
; AC_OUT[4]     ; 2.5 V        ; 0 s                 ; 0 s                 ; 2.32 V                       ; 4.49e-09 V                   ; 2.38 V              ; -0.00552 V          ; 0.096 V                              ; 0.019 V                              ; 4.18e-10 s                  ; 3.59e-10 s                  ; No                         ; Yes                        ; 2.32 V                      ; 4.49e-09 V                  ; 2.38 V             ; -0.00552 V         ; 0.096 V                             ; 0.019 V                             ; 4.18e-10 s                 ; 3.59e-10 s                 ; No                        ; Yes                       ;
; AC_OUT[3]     ; 2.5 V        ; 0 s                 ; 0 s                 ; 2.32 V                       ; 4.49e-09 V                   ; 2.38 V              ; -0.00552 V          ; 0.096 V                              ; 0.019 V                              ; 4.18e-10 s                  ; 3.59e-10 s                  ; No                         ; Yes                        ; 2.32 V                      ; 4.49e-09 V                  ; 2.38 V             ; -0.00552 V         ; 0.096 V                             ; 0.019 V                             ; 4.18e-10 s                 ; 3.59e-10 s                 ; No                        ; Yes                       ;
; AC_OUT[2]     ; 2.5 V        ; 0 s                 ; 0 s                 ; 2.32 V                       ; 4.49e-09 V                   ; 2.38 V              ; -0.00552 V          ; 0.096 V                              ; 0.019 V                              ; 4.18e-10 s                  ; 3.59e-10 s                  ; No                         ; Yes                        ; 2.32 V                      ; 4.49e-09 V                  ; 2.38 V             ; -0.00552 V         ; 0.096 V                             ; 0.019 V                             ; 4.18e-10 s                 ; 3.59e-10 s                 ; No                        ; Yes                       ;
; AC_OUT[1]     ; 2.5 V        ; 0 s                 ; 0 s                 ; 2.32 V                       ; 4.49e-09 V                   ; 2.38 V              ; -0.00552 V          ; 0.096 V                              ; 0.019 V                              ; 4.18e-10 s                  ; 3.59e-10 s                  ; No                         ; Yes                        ; 2.32 V                      ; 4.49e-09 V                  ; 2.38 V             ; -0.00552 V         ; 0.096 V                             ; 0.019 V                             ; 4.18e-10 s                 ; 3.59e-10 s                 ; No                        ; Yes                       ;
; AC_OUT[0]     ; 2.5 V        ; 0 s                 ; 0 s                 ; 2.32 V                       ; 4.49e-09 V                   ; 2.38 V              ; -0.00552 V          ; 0.096 V                              ; 0.019 V                              ; 4.18e-10 s                  ; 3.59e-10 s                  ; No                         ; Yes                        ; 2.32 V                      ; 4.49e-09 V                  ; 2.38 V             ; -0.00552 V         ; 0.096 V                             ; 0.019 V                             ; 4.18e-10 s                 ; 3.59e-10 s                 ; No                        ; Yes                       ;
; AR_IN[7]      ; 2.5 V        ; 0 s                 ; 0 s                 ; 2.32 V                       ; 4.49e-09 V                   ; 2.38 V              ; -0.00552 V          ; 0.096 V                              ; 0.019 V                              ; 4.18e-10 s                  ; 3.59e-10 s                  ; No                         ; Yes                        ; 2.32 V                      ; 4.49e-09 V                  ; 2.38 V             ; -0.00552 V         ; 0.096 V                             ; 0.019 V                             ; 4.18e-10 s                 ; 3.59e-10 s                 ; No                        ; Yes                       ;
; AR_IN[6]      ; 2.5 V        ; 0 s                 ; 0 s                 ; 2.32 V                       ; 4.49e-09 V                   ; 2.38 V              ; -0.00552 V          ; 0.096 V                              ; 0.019 V                              ; 4.18e-10 s                  ; 3.59e-10 s                  ; No                         ; Yes                        ; 2.32 V                      ; 4.49e-09 V                  ; 2.38 V             ; -0.00552 V         ; 0.096 V                             ; 0.019 V                             ; 4.18e-10 s                 ; 3.59e-10 s                 ; No                        ; Yes                       ;
; AR_IN[5]      ; 2.5 V        ; 0 s                 ; 0 s                 ; 2.32 V                       ; 4.49e-09 V                   ; 2.38 V              ; -0.00552 V          ; 0.096 V                              ; 0.019 V                              ; 4.18e-10 s                  ; 3.59e-10 s                  ; No                         ; Yes                        ; 2.32 V                      ; 4.49e-09 V                  ; 2.38 V             ; -0.00552 V         ; 0.096 V                             ; 0.019 V                             ; 4.18e-10 s                 ; 3.59e-10 s                 ; No                        ; Yes                       ;
; AR_IN[4]      ; 2.5 V        ; 0 s                 ; 0 s                 ; 2.32 V                       ; 4.49e-09 V                   ; 2.38 V              ; -0.00552 V          ; 0.096 V                              ; 0.019 V                              ; 4.18e-10 s                  ; 3.59e-10 s                  ; No                         ; Yes                        ; 2.32 V                      ; 4.49e-09 V                  ; 2.38 V             ; -0.00552 V         ; 0.096 V                             ; 0.019 V                             ; 4.18e-10 s                 ; 3.59e-10 s                 ; No                        ; Yes                       ;
; AR_IN[3]      ; 2.5 V        ; 0 s                 ; 0 s                 ; 2.32 V                       ; 4.49e-09 V                   ; 2.38 V              ; -0.00552 V          ; 0.096 V                              ; 0.019 V                              ; 4.18e-10 s                  ; 3.59e-10 s                  ; No                         ; Yes                        ; 2.32 V                      ; 4.49e-09 V                  ; 2.38 V             ; -0.00552 V         ; 0.096 V                             ; 0.019 V                             ; 4.18e-10 s                 ; 3.59e-10 s                 ; No                        ; Yes                       ;
; AR_IN[2]      ; 2.5 V        ; 0 s                 ; 0 s                 ; 2.32 V                       ; 4.49e-09 V                   ; 2.38 V              ; -0.00552 V          ; 0.096 V                              ; 0.019 V                              ; 4.18e-10 s                  ; 3.59e-10 s                  ; No                         ; Yes                        ; 2.32 V                      ; 4.49e-09 V                  ; 2.38 V             ; -0.00552 V         ; 0.096 V                             ; 0.019 V                             ; 4.18e-10 s                 ; 3.59e-10 s                 ; No                        ; Yes                       ;
; AR_IN[1]      ; 2.5 V        ; 0 s                 ; 0 s                 ; 2.32 V                       ; 4.49e-09 V                   ; 2.38 V              ; -0.00552 V          ; 0.096 V                              ; 0.019 V                              ; 4.18e-10 s                  ; 3.59e-10 s                  ; No                         ; Yes                        ; 2.32 V                      ; 4.49e-09 V                  ; 2.38 V             ; -0.00552 V         ; 0.096 V                             ; 0.019 V                             ; 4.18e-10 s                 ; 3.59e-10 s                 ; No                        ; Yes                       ;
; AR_IN[0]      ; 2.5 V        ; 0 s                 ; 0 s                 ; 2.32 V                       ; 4.49e-09 V                   ; 2.38 V              ; -0.00552 V          ; 0.096 V                              ; 0.019 V                              ; 4.18e-10 s                  ; 3.59e-10 s                  ; No                         ; Yes                        ; 2.32 V                      ; 4.49e-09 V                  ; 2.38 V             ; -0.00552 V         ; 0.096 V                             ; 0.019 V                             ; 4.18e-10 s                 ; 3.59e-10 s                 ; No                        ; Yes                       ;
; AR_OUT[4]     ; 2.5 V        ; 0 s                 ; 0 s                 ; 2.32 V                       ; 4.49e-09 V                   ; 2.38 V              ; -0.00552 V          ; 0.096 V                              ; 0.019 V                              ; 4.18e-10 s                  ; 3.59e-10 s                  ; No                         ; Yes                        ; 2.32 V                      ; 4.49e-09 V                  ; 2.38 V             ; -0.00552 V         ; 0.096 V                             ; 0.019 V                             ; 4.18e-10 s                 ; 3.59e-10 s                 ; No                        ; Yes                       ;
; AR_OUT[3]     ; 2.5 V        ; 0 s                 ; 0 s                 ; 2.32 V                       ; 4.49e-09 V                   ; 2.33 V              ; -0.00467 V          ; 0.226 V                              ; 0.087 V                              ; 2.91e-09 s                  ; 2.74e-09 s                  ; Yes                        ; Yes                        ; 2.32 V                      ; 4.49e-09 V                  ; 2.33 V             ; -0.00467 V         ; 0.226 V                             ; 0.087 V                             ; 2.91e-09 s                 ; 2.74e-09 s                 ; Yes                       ; Yes                       ;
; AR_OUT[2]     ; 2.5 V        ; 0 s                 ; 0 s                 ; 2.32 V                       ; 4.49e-09 V                   ; 2.38 V              ; -0.00552 V          ; 0.096 V                              ; 0.019 V                              ; 4.18e-10 s                  ; 3.59e-10 s                  ; No                         ; Yes                        ; 2.32 V                      ; 4.49e-09 V                  ; 2.38 V             ; -0.00552 V         ; 0.096 V                             ; 0.019 V                             ; 4.18e-10 s                 ; 3.59e-10 s                 ; No                        ; Yes                       ;
; AR_OUT[1]     ; 2.5 V        ; 0 s                 ; 0 s                 ; 2.32 V                       ; 4.49e-09 V                   ; 2.38 V              ; -0.00552 V          ; 0.096 V                              ; 0.019 V                              ; 4.18e-10 s                  ; 3.59e-10 s                  ; No                         ; Yes                        ; 2.32 V                      ; 4.49e-09 V                  ; 2.38 V             ; -0.00552 V         ; 0.096 V                             ; 0.019 V                             ; 4.18e-10 s                 ; 3.59e-10 s                 ; No                        ; Yes                       ;
; AR_OUT[0]     ; 2.5 V        ; 0 s                 ; 0 s                 ; 2.32 V                       ; 4.49e-09 V                   ; 2.38 V              ; -0.00552 V          ; 0.096 V                              ; 0.019 V                              ; 4.18e-10 s                  ; 3.59e-10 s                  ; No                         ; Yes                        ; 2.32 V                      ; 4.49e-09 V                  ; 2.38 V             ; -0.00552 V         ; 0.096 V                             ; 0.019 V                             ; 4.18e-10 s                 ; 3.59e-10 s                 ; No                        ; Yes                       ;
; DR_OUT[7]     ; 2.5 V        ; 0 s                 ; 0 s                 ; 2.32 V                       ; 4.49e-09 V                   ; 2.38 V              ; -0.00552 V          ; 0.096 V                              ; 0.019 V                              ; 4.18e-10 s                  ; 3.59e-10 s                  ; No                         ; Yes                        ; 2.32 V                      ; 4.49e-09 V                  ; 2.38 V             ; -0.00552 V         ; 0.096 V                             ; 0.019 V                             ; 4.18e-10 s                 ; 3.59e-10 s                 ; No                        ; Yes                       ;
; DR_OUT[6]     ; 2.5 V        ; 0 s                 ; 0 s                 ; 2.32 V                       ; 4.49e-09 V                   ; 2.38 V              ; -0.00552 V          ; 0.096 V                              ; 0.019 V                              ; 4.18e-10 s                  ; 3.59e-10 s                  ; No                         ; Yes                        ; 2.32 V                      ; 4.49e-09 V                  ; 2.38 V             ; -0.00552 V         ; 0.096 V                             ; 0.019 V                             ; 4.18e-10 s                 ; 3.59e-10 s                 ; No                        ; Yes                       ;
; DR_OUT[5]     ; 2.5 V        ; 0 s                 ; 0 s                 ; 2.32 V                       ; 4.49e-09 V                   ; 2.38 V              ; -0.00552 V          ; 0.096 V                              ; 0.019 V                              ; 4.18e-10 s                  ; 3.59e-10 s                  ; No                         ; Yes                        ; 2.32 V                      ; 4.49e-09 V                  ; 2.38 V             ; -0.00552 V         ; 0.096 V                             ; 0.019 V                             ; 4.18e-10 s                 ; 3.59e-10 s                 ; No                        ; Yes                       ;
; DR_OUT[4]     ; 2.5 V        ; 0 s                 ; 0 s                 ; 2.32 V                       ; 4.49e-09 V                   ; 2.38 V              ; -0.00552 V          ; 0.096 V                              ; 0.019 V                              ; 4.18e-10 s                  ; 3.59e-10 s                  ; No                         ; Yes                        ; 2.32 V                      ; 4.49e-09 V                  ; 2.38 V             ; -0.00552 V         ; 0.096 V                             ; 0.019 V                             ; 4.18e-10 s                 ; 3.59e-10 s                 ; No                        ; Yes                       ;
; DR_OUT[3]     ; 2.5 V        ; 0 s                 ; 0 s                 ; 2.32 V                       ; 4.49e-09 V                   ; 2.38 V              ; -0.00552 V          ; 0.096 V                              ; 0.019 V                              ; 4.18e-10 s                  ; 3.59e-10 s                  ; No                         ; Yes                        ; 2.32 V                      ; 4.49e-09 V                  ; 2.38 V             ; -0.00552 V         ; 0.096 V                             ; 0.019 V                             ; 4.18e-10 s                 ; 3.59e-10 s                 ; No                        ; Yes                       ;
; DR_OUT[2]     ; 2.5 V        ; 0 s                 ; 0 s                 ; 2.32 V                       ; 4.49e-09 V                   ; 2.38 V              ; -0.00552 V          ; 0.096 V                              ; 0.019 V                              ; 4.18e-10 s                  ; 3.59e-10 s                  ; No                         ; Yes                        ; 2.32 V                      ; 4.49e-09 V                  ; 2.38 V             ; -0.00552 V         ; 0.096 V                             ; 0.019 V                             ; 4.18e-10 s                 ; 3.59e-10 s                 ; No                        ; Yes                       ;
; DR_OUT[1]     ; 2.5 V        ; 0 s                 ; 0 s                 ; 2.32 V                       ; 4.49e-09 V                   ; 2.38 V              ; -0.00552 V          ; 0.096 V                              ; 0.019 V                              ; 4.18e-10 s                  ; 3.59e-10 s                  ; No                         ; Yes                        ; 2.32 V                      ; 4.49e-09 V                  ; 2.38 V             ; -0.00552 V         ; 0.096 V                             ; 0.019 V                             ; 4.18e-10 s                 ; 3.59e-10 s                 ; No                        ; Yes                       ;
; DR_OUT[0]     ; 2.5 V        ; 0 s                 ; 0 s                 ; 2.32 V                       ; 4.49e-09 V                   ; 2.38 V              ; -0.00552 V          ; 0.096 V                              ; 0.019 V                              ; 4.18e-10 s                  ; 3.59e-10 s                  ; No                         ; Yes                        ; 2.32 V                      ; 4.49e-09 V                  ; 2.38 V             ; -0.00552 V         ; 0.096 V                             ; 0.019 V                             ; 4.18e-10 s                 ; 3.59e-10 s                 ; No                        ; Yes                       ;
; IR_OUT[2]     ; 2.5 V        ; 0 s                 ; 0 s                 ; 2.32 V                       ; 4.49e-09 V                   ; 2.38 V              ; -0.00552 V          ; 0.096 V                              ; 0.019 V                              ; 4.18e-10 s                  ; 3.59e-10 s                  ; No                         ; Yes                        ; 2.32 V                      ; 4.49e-09 V                  ; 2.38 V             ; -0.00552 V         ; 0.096 V                             ; 0.019 V                             ; 4.18e-10 s                 ; 3.59e-10 s                 ; No                        ; Yes                       ;
; IR_OUT[1]     ; 2.5 V        ; 0 s                 ; 0 s                 ; 2.32 V                       ; 4.49e-09 V                   ; 2.38 V              ; -0.00552 V          ; 0.096 V                              ; 0.019 V                              ; 4.18e-10 s                  ; 3.59e-10 s                  ; No                         ; Yes                        ; 2.32 V                      ; 4.49e-09 V                  ; 2.38 V             ; -0.00552 V         ; 0.096 V                             ; 0.019 V                             ; 4.18e-10 s                 ; 3.59e-10 s                 ; No                        ; Yes                       ;
; IR_OUT[0]     ; 2.5 V        ; 0 s                 ; 0 s                 ; 2.32 V                       ; 4.49e-09 V                   ; 2.38 V              ; -0.00552 V          ; 0.096 V                              ; 0.019 V                              ; 4.18e-10 s                  ; 3.59e-10 s                  ; No                         ; Yes                        ; 2.32 V                      ; 4.49e-09 V                  ; 2.38 V             ; -0.00552 V         ; 0.096 V                             ; 0.019 V                             ; 4.18e-10 s                 ; 3.59e-10 s                 ; No                        ; Yes                       ;
; MainBus[7]    ; 2.5 V        ; 0 s                 ; 0 s                 ; 2.32 V                       ; 4.49e-09 V                   ; 2.38 V              ; -0.00552 V          ; 0.096 V                              ; 0.019 V                              ; 4.18e-10 s                  ; 3.59e-10 s                  ; No                         ; Yes                        ; 2.32 V                      ; 4.49e-09 V                  ; 2.38 V             ; -0.00552 V         ; 0.096 V                             ; 0.019 V                             ; 4.18e-10 s                 ; 3.59e-10 s                 ; No                        ; Yes                       ;
; MainBus[6]    ; 2.5 V        ; 0 s                 ; 0 s                 ; 2.32 V                       ; 4.49e-09 V                   ; 2.38 V              ; -0.00552 V          ; 0.096 V                              ; 0.019 V                              ; 4.18e-10 s                  ; 3.59e-10 s                  ; No                         ; Yes                        ; 2.32 V                      ; 4.49e-09 V                  ; 2.38 V             ; -0.00552 V         ; 0.096 V                             ; 0.019 V                             ; 4.18e-10 s                 ; 3.59e-10 s                 ; No                        ; Yes                       ;
; MainBus[5]    ; 2.5 V        ; 0 s                 ; 0 s                 ; 2.32 V                       ; 4.49e-09 V                   ; 2.38 V              ; -0.00552 V          ; 0.096 V                              ; 0.019 V                              ; 4.18e-10 s                  ; 3.59e-10 s                  ; No                         ; Yes                        ; 2.32 V                      ; 4.49e-09 V                  ; 2.38 V             ; -0.00552 V         ; 0.096 V                             ; 0.019 V                             ; 4.18e-10 s                 ; 3.59e-10 s                 ; No                        ; Yes                       ;
; MainBus[4]    ; 2.5 V        ; 0 s                 ; 0 s                 ; 2.32 V                       ; 4.49e-09 V                   ; 2.38 V              ; -0.00552 V          ; 0.096 V                              ; 0.019 V                              ; 4.18e-10 s                  ; 3.59e-10 s                  ; No                         ; Yes                        ; 2.32 V                      ; 4.49e-09 V                  ; 2.38 V             ; -0.00552 V         ; 0.096 V                             ; 0.019 V                             ; 4.18e-10 s                 ; 3.59e-10 s                 ; No                        ; Yes                       ;
; MainBus[3]    ; 2.5 V        ; 0 s                 ; 0 s                 ; 2.32 V                       ; 4.49e-09 V                   ; 2.38 V              ; -0.00552 V          ; 0.096 V                              ; 0.019 V                              ; 4.18e-10 s                  ; 3.59e-10 s                  ; No                         ; Yes                        ; 2.32 V                      ; 4.49e-09 V                  ; 2.38 V             ; -0.00552 V         ; 0.096 V                             ; 0.019 V                             ; 4.18e-10 s                 ; 3.59e-10 s                 ; No                        ; Yes                       ;
; MainBus[2]    ; 2.5 V        ; 0 s                 ; 0 s                 ; 2.32 V                       ; 4.49e-09 V                   ; 2.33 V              ; -0.00467 V          ; 0.226 V                              ; 0.087 V                              ; 2.91e-09 s                  ; 2.74e-09 s                  ; Yes                        ; Yes                        ; 2.32 V                      ; 4.49e-09 V                  ; 2.33 V             ; -0.00467 V         ; 0.226 V                             ; 0.087 V                             ; 2.91e-09 s                 ; 2.74e-09 s                 ; Yes                       ; Yes                       ;
; MainBus[1]    ; 2.5 V        ; 0 s                 ; 0 s                 ; 2.32 V                       ; 4.49e-09 V                   ; 2.38 V              ; -0.00552 V          ; 0.096 V                              ; 0.019 V                              ; 4.18e-10 s                  ; 3.59e-10 s                  ; No                         ; Yes                        ; 2.32 V                      ; 4.49e-09 V                  ; 2.38 V             ; -0.00552 V         ; 0.096 V                             ; 0.019 V                             ; 4.18e-10 s                 ; 3.59e-10 s                 ; No                        ; Yes                       ;
; MainBus[0]    ; 2.5 V        ; 0 s                 ; 0 s                 ; 2.32 V                       ; 4.49e-09 V                   ; 2.38 V              ; -0.00552 V          ; 0.096 V                              ; 0.019 V                              ; 4.18e-10 s                  ; 3.59e-10 s                  ; No                         ; Yes                        ; 2.32 V                      ; 4.49e-09 V                  ; 2.38 V             ; -0.00552 V         ; 0.096 V                             ; 0.019 V                             ; 4.18e-10 s                 ; 3.59e-10 s                 ; No                        ; Yes                       ;
; MEM_OUT[7]    ; 2.5 V        ; 0 s                 ; 0 s                 ; 2.32 V                       ; 4.49e-09 V                   ; 2.38 V              ; -0.00552 V          ; 0.096 V                              ; 0.019 V                              ; 4.18e-10 s                  ; 3.59e-10 s                  ; No                         ; Yes                        ; 2.32 V                      ; 4.49e-09 V                  ; 2.38 V             ; -0.00552 V         ; 0.096 V                             ; 0.019 V                             ; 4.18e-10 s                 ; 3.59e-10 s                 ; No                        ; Yes                       ;
; MEM_OUT[6]    ; 2.5 V        ; 0 s                 ; 0 s                 ; 2.32 V                       ; 4.49e-09 V                   ; 2.38 V              ; -0.00552 V          ; 0.096 V                              ; 0.019 V                              ; 4.18e-10 s                  ; 3.59e-10 s                  ; No                         ; Yes                        ; 2.32 V                      ; 4.49e-09 V                  ; 2.38 V             ; -0.00552 V         ; 0.096 V                             ; 0.019 V                             ; 4.18e-10 s                 ; 3.59e-10 s                 ; No                        ; Yes                       ;
; MEM_OUT[5]    ; 2.5 V        ; 0 s                 ; 0 s                 ; 2.32 V                       ; 4.49e-09 V                   ; 2.38 V              ; -0.00552 V          ; 0.096 V                              ; 0.019 V                              ; 4.18e-10 s                  ; 3.59e-10 s                  ; No                         ; Yes                        ; 2.32 V                      ; 4.49e-09 V                  ; 2.38 V             ; -0.00552 V         ; 0.096 V                             ; 0.019 V                             ; 4.18e-10 s                 ; 3.59e-10 s                 ; No                        ; Yes                       ;
; MEM_OUT[4]    ; 2.5 V        ; 0 s                 ; 0 s                 ; 2.32 V                       ; 4.49e-09 V                   ; 2.38 V              ; -0.00552 V          ; 0.096 V                              ; 0.019 V                              ; 4.18e-10 s                  ; 3.59e-10 s                  ; No                         ; Yes                        ; 2.32 V                      ; 4.49e-09 V                  ; 2.38 V             ; -0.00552 V         ; 0.096 V                             ; 0.019 V                             ; 4.18e-10 s                 ; 3.59e-10 s                 ; No                        ; Yes                       ;
; MEM_OUT[3]    ; 2.5 V        ; 0 s                 ; 0 s                 ; 2.32 V                       ; 4.49e-09 V                   ; 2.38 V              ; -0.00552 V          ; 0.096 V                              ; 0.019 V                              ; 4.18e-10 s                  ; 3.59e-10 s                  ; No                         ; Yes                        ; 2.32 V                      ; 4.49e-09 V                  ; 2.38 V             ; -0.00552 V         ; 0.096 V                             ; 0.019 V                             ; 4.18e-10 s                 ; 3.59e-10 s                 ; No                        ; Yes                       ;
; MEM_OUT[2]    ; 2.5 V        ; 0 s                 ; 0 s                 ; 2.32 V                       ; 4.49e-09 V                   ; 2.38 V              ; -0.00552 V          ; 0.096 V                              ; 0.019 V                              ; 4.18e-10 s                  ; 3.59e-10 s                  ; No                         ; Yes                        ; 2.32 V                      ; 4.49e-09 V                  ; 2.38 V             ; -0.00552 V         ; 0.096 V                             ; 0.019 V                             ; 4.18e-10 s                 ; 3.59e-10 s                 ; No                        ; Yes                       ;
; MEM_OUT[1]    ; 2.5 V        ; 0 s                 ; 0 s                 ; 2.32 V                       ; 4.49e-09 V                   ; 2.38 V              ; -0.00552 V          ; 0.096 V                              ; 0.019 V                              ; 4.18e-10 s                  ; 3.59e-10 s                  ; No                         ; Yes                        ; 2.32 V                      ; 4.49e-09 V                  ; 2.38 V             ; -0.00552 V         ; 0.096 V                             ; 0.019 V                             ; 4.18e-10 s                 ; 3.59e-10 s                 ; No                        ; Yes                       ;
; MEM_OUT[0]    ; 2.5 V        ; 0 s                 ; 0 s                 ; 2.32 V                       ; 4.49e-09 V                   ; 2.33 V              ; -0.00467 V          ; 0.226 V                              ; 0.087 V                              ; 2.91e-09 s                  ; 2.74e-09 s                  ; Yes                        ; Yes                        ; 2.32 V                      ; 4.49e-09 V                  ; 2.33 V             ; -0.00467 V         ; 0.226 V                             ; 0.087 V                             ; 2.91e-09 s                 ; 2.74e-09 s                 ; Yes                       ; Yes                       ;
; MuxOut[4]     ; 2.5 V        ; 0 s                 ; 0 s                 ; 2.32 V                       ; 4.49e-09 V                   ; 2.38 V              ; -0.00552 V          ; 0.096 V                              ; 0.019 V                              ; 4.18e-10 s                  ; 3.59e-10 s                  ; No                         ; Yes                        ; 2.32 V                      ; 4.49e-09 V                  ; 2.38 V             ; -0.00552 V         ; 0.096 V                             ; 0.019 V                             ; 4.18e-10 s                 ; 3.59e-10 s                 ; No                        ; Yes                       ;
; MuxOut[3]     ; 2.5 V        ; 0 s                 ; 0 s                 ; 2.32 V                       ; 4.49e-09 V                   ; 2.38 V              ; -0.00552 V          ; 0.096 V                              ; 0.019 V                              ; 4.18e-10 s                  ; 3.59e-10 s                  ; No                         ; Yes                        ; 2.32 V                      ; 4.49e-09 V                  ; 2.38 V             ; -0.00552 V         ; 0.096 V                             ; 0.019 V                             ; 4.18e-10 s                 ; 3.59e-10 s                 ; No                        ; Yes                       ;
; MuxOut[2]     ; 2.5 V        ; 0 s                 ; 0 s                 ; 2.32 V                       ; 4.49e-09 V                   ; 2.38 V              ; -0.00552 V          ; 0.096 V                              ; 0.019 V                              ; 4.18e-10 s                  ; 3.59e-10 s                  ; No                         ; Yes                        ; 2.32 V                      ; 4.49e-09 V                  ; 2.38 V             ; -0.00552 V         ; 0.096 V                             ; 0.019 V                             ; 4.18e-10 s                 ; 3.59e-10 s                 ; No                        ; Yes                       ;
; MuxOut[1]     ; 2.5 V        ; 0 s                 ; 0 s                 ; 2.32 V                       ; 4.49e-09 V                   ; 2.38 V              ; -0.00552 V          ; 0.096 V                              ; 0.019 V                              ; 4.18e-10 s                  ; 3.59e-10 s                  ; No                         ; Yes                        ; 2.32 V                      ; 4.49e-09 V                  ; 2.38 V             ; -0.00552 V         ; 0.096 V                             ; 0.019 V                             ; 4.18e-10 s                 ; 3.59e-10 s                 ; No                        ; Yes                       ;
; MuxOut[0]     ; 2.5 V        ; 0 s                 ; 0 s                 ; 2.32 V                       ; 4.49e-09 V                   ; 2.38 V              ; -0.00552 V          ; 0.096 V                              ; 0.019 V                              ; 4.18e-10 s                  ; 3.59e-10 s                  ; No                         ; Yes                        ; 2.32 V                      ; 4.49e-09 V                  ; 2.38 V             ; -0.00552 V         ; 0.096 V                             ; 0.019 V                             ; 4.18e-10 s                 ; 3.59e-10 s                 ; No                        ; Yes                       ;
; PC_OUT[7]     ; 2.5 V        ; 0 s                 ; 0 s                 ; 2.32 V                       ; 4.49e-09 V                   ; 2.38 V              ; -0.00552 V          ; 0.096 V                              ; 0.019 V                              ; 4.18e-10 s                  ; 3.59e-10 s                  ; No                         ; Yes                        ; 2.32 V                      ; 4.49e-09 V                  ; 2.38 V             ; -0.00552 V         ; 0.096 V                             ; 0.019 V                             ; 4.18e-10 s                 ; 3.59e-10 s                 ; No                        ; Yes                       ;
; PC_OUT[6]     ; 2.5 V        ; 0 s                 ; 0 s                 ; 2.32 V                       ; 4.49e-09 V                   ; 2.38 V              ; -0.00552 V          ; 0.096 V                              ; 0.019 V                              ; 4.18e-10 s                  ; 3.59e-10 s                  ; No                         ; Yes                        ; 2.32 V                      ; 4.49e-09 V                  ; 2.38 V             ; -0.00552 V         ; 0.096 V                             ; 0.019 V                             ; 4.18e-10 s                 ; 3.59e-10 s                 ; No                        ; Yes                       ;
; PC_OUT[5]     ; 2.5 V        ; 0 s                 ; 0 s                 ; 2.32 V                       ; 4.49e-09 V                   ; 2.38 V              ; -0.00552 V          ; 0.096 V                              ; 0.019 V                              ; 4.18e-10 s                  ; 3.59e-10 s                  ; No                         ; Yes                        ; 2.32 V                      ; 4.49e-09 V                  ; 2.38 V             ; -0.00552 V         ; 0.096 V                             ; 0.019 V                             ; 4.18e-10 s                 ; 3.59e-10 s                 ; No                        ; Yes                       ;
; PC_OUT[4]     ; 2.5 V        ; 0 s                 ; 0 s                 ; 2.32 V                       ; 4.49e-09 V                   ; 2.38 V              ; -0.00552 V          ; 0.096 V                              ; 0.019 V                              ; 4.18e-10 s                  ; 3.59e-10 s                  ; No                         ; Yes                        ; 2.32 V                      ; 4.49e-09 V                  ; 2.38 V             ; -0.00552 V         ; 0.096 V                             ; 0.019 V                             ; 4.18e-10 s                 ; 3.59e-10 s                 ; No                        ; Yes                       ;
; PC_OUT[3]     ; 2.5 V        ; 0 s                 ; 0 s                 ; 2.32 V                       ; 4.49e-09 V                   ; 2.38 V              ; -0.00552 V          ; 0.096 V                              ; 0.019 V                              ; 4.18e-10 s                  ; 3.59e-10 s                  ; No                         ; Yes                        ; 2.32 V                      ; 4.49e-09 V                  ; 2.38 V             ; -0.00552 V         ; 0.096 V                             ; 0.019 V                             ; 4.18e-10 s                 ; 3.59e-10 s                 ; No                        ; Yes                       ;
; PC_OUT[2]     ; 2.5 V        ; 0 s                 ; 0 s                 ; 2.32 V                       ; 4.49e-09 V                   ; 2.38 V              ; -0.00552 V          ; 0.096 V                              ; 0.019 V                              ; 4.18e-10 s                  ; 3.59e-10 s                  ; No                         ; Yes                        ; 2.32 V                      ; 4.49e-09 V                  ; 2.38 V             ; -0.00552 V         ; 0.096 V                             ; 0.019 V                             ; 4.18e-10 s                 ; 3.59e-10 s                 ; No                        ; Yes                       ;
; PC_OUT[1]     ; 2.5 V        ; 0 s                 ; 0 s                 ; 2.32 V                       ; 4.49e-09 V                   ; 2.38 V              ; -0.00552 V          ; 0.096 V                              ; 0.019 V                              ; 4.18e-10 s                  ; 3.59e-10 s                  ; No                         ; Yes                        ; 2.32 V                      ; 4.49e-09 V                  ; 2.38 V             ; -0.00552 V         ; 0.096 V                             ; 0.019 V                             ; 4.18e-10 s                 ; 3.59e-10 s                 ; No                        ; Yes                       ;
; PC_OUT[0]     ; 2.5 V        ; 0 s                 ; 0 s                 ; 2.32 V                       ; 4.49e-09 V                   ; 2.38 V              ; -0.00552 V          ; 0.096 V                              ; 0.019 V                              ; 4.18e-10 s                  ; 3.59e-10 s                  ; No                         ; Yes                        ; 2.32 V                      ; 4.49e-09 V                  ; 2.38 V             ; -0.00552 V         ; 0.096 V                             ; 0.019 V                             ; 4.18e-10 s                 ; 3.59e-10 s                 ; No                        ; Yes                       ;
; ~ALTERA_DCLK~ ; 2.5 V        ; 0 s                 ; 0 s                 ; 2.32 V                       ; 2.67e-09 V                   ; 2.38 V              ; -0.0485 V           ; 0.167 V                              ; 0.096 V                              ; 2.95e-10 s                  ; 2.73e-10 s                  ; Yes                        ; Yes                        ; 2.32 V                      ; 2.67e-09 V                  ; 2.38 V             ; -0.0485 V          ; 0.167 V                             ; 0.096 V                             ; 2.95e-10 s                 ; 2.73e-10 s                 ; Yes                       ; Yes                       ;
; ~ALTERA_nCEO~ ; 2.5 V        ; 0 s                 ; 0 s                 ; 2.32 V                       ; 4.18e-09 V                   ; 2.38 V              ; -0.00483 V          ; 0.152 V                              ; 0.012 V                              ; 4.81e-10 s                  ; 6.29e-10 s                  ; Yes                        ; Yes                        ; 2.32 V                      ; 4.18e-09 V                  ; 2.38 V             ; -0.00483 V         ; 0.152 V                             ; 0.012 V                             ; 4.81e-10 s                 ; 6.29e-10 s                 ; Yes                       ; Yes                       ;
+---------------+--------------+---------------------+---------------------+------------------------------+------------------------------+---------------------+---------------------+--------------------------------------+--------------------------------------+-----------------------------+-----------------------------+----------------------------+----------------------------+-----------------------------+-----------------------------+--------------------+--------------------+-------------------------------------+-------------------------------------+----------------------------+----------------------------+---------------------------+---------------------------+


+--------------------------------------------------------------------------------------------------------------------------------------------------------------------------------------------------------------------------------------------------------------------------------------------------------------------------------------------------------------------------------------------------------------------------------------------------------------------------------------------------------------------------------------------------------------------------------------------------------------------------------------------------------------------------------------------+
; Signal Integrity Metrics (Slow 1200mv 85c Model)                                                                                                                                                                                                                                                                                                                                                                                                                                                                                                                                                                                                                                           ;
+---------------+--------------+---------------------+---------------------+------------------------------+------------------------------+---------------------+---------------------+--------------------------------------+--------------------------------------+-----------------------------+-----------------------------+----------------------------+----------------------------+-----------------------------+-----------------------------+--------------------+--------------------+-------------------------------------+-------------------------------------+----------------------------+----------------------------+---------------------------+---------------------------+
; Pin           ; I/O Standard ; Board Delay on Rise ; Board Delay on Fall ; Steady State Voh at FPGA Pin ; Steady State Vol at FPGA Pin ; Voh Max at FPGA Pin ; Vol Min at FPGA Pin ; Ringback Voltage on Rise at FPGA Pin ; Ringback Voltage on Fall at FPGA Pin ; 10-90 Rise Time at FPGA Pin ; 90-10 Fall Time at FPGA Pin ; Monotonic Rise at FPGA Pin ; Monotonic Fall at FPGA Pin ; Steady State Voh at Far-end ; Steady State Vol at Far-end ; Voh Max at Far-end ; Vol Min at Far-end ; Ringback Voltage on Rise at Far-end ; Ringback Voltage on Fall at Far-end ; 10-90 Rise Time at Far-end ; 90-10 Fall Time at Far-end ; Monotonic Rise at Far-end ; Monotonic Fall at Far-end ;
+---------------+--------------+---------------------+---------------------+------------------------------+------------------------------+---------------------+---------------------+--------------------------------------+--------------------------------------+-----------------------------+-----------------------------+----------------------------+----------------------------+-----------------------------+-----------------------------+--------------------+--------------------+-------------------------------------+-------------------------------------+----------------------------+----------------------------+---------------------------+---------------------------+
; MDenable      ; 2.5 V        ; 0 s                 ; 0 s                 ; 2.32 V                       ; 6.92e-07 V                   ; 2.35 V              ; -0.00996 V          ; 0.121 V                              ; 0.03 V                               ; 4.64e-10 s                  ; 4.47e-10 s                  ; Yes                        ; Yes                        ; 2.32 V                      ; 6.92e-07 V                  ; 2.35 V             ; -0.00996 V         ; 0.121 V                             ; 0.03 V                              ; 4.64e-10 s                 ; 4.47e-10 s                 ; Yes                       ; Yes                       ;
; CPUclk        ; 2.5 V        ; 0 s                 ; 0 s                 ; 2.32 V                       ; 6.92e-07 V                   ; 2.35 V              ; -0.00996 V          ; 0.121 V                              ; 0.03 V                               ; 4.64e-10 s                  ; 4.47e-10 s                  ; Yes                        ; Yes                        ; 2.32 V                      ; 6.92e-07 V                  ; 2.35 V             ; -0.00996 V         ; 0.121 V                             ; 0.03 V                              ; 4.64e-10 s                 ; 4.47e-10 s                 ; Yes                       ; Yes                       ;
; IRload        ; 2.5 V        ; 0 s                 ; 0 s                 ; 2.32 V                       ; 6.92e-07 V                   ; 2.35 V              ; -0.00996 V          ; 0.121 V                              ; 0.03 V                               ; 4.64e-10 s                  ; 4.47e-10 s                  ; Yes                        ; Yes                        ; 2.32 V                      ; 6.92e-07 V                  ; 2.35 V             ; -0.00996 V         ; 0.121 V                             ; 0.03 V                              ; 4.64e-10 s                 ; 4.47e-10 s                 ; Yes                       ; Yes                       ;
; DRload        ; 2.5 V        ; 0 s                 ; 0 s                 ; 2.32 V                       ; 6.92e-07 V                   ; 2.35 V              ; -0.00996 V          ; 0.121 V                              ; 0.03 V                               ; 4.64e-10 s                  ; 4.47e-10 s                  ; Yes                        ; Yes                        ; 2.32 V                      ; 6.92e-07 V                  ; 2.35 V             ; -0.00996 V         ; 0.121 V                             ; 0.03 V                              ; 4.64e-10 s                 ; 4.47e-10 s                 ; Yes                       ; Yes                       ;
; Zload         ; 2.5 V        ; 0 s                 ; 0 s                 ; 2.32 V                       ; 6.92e-07 V                   ; 2.35 V              ; -0.00996 V          ; 0.121 V                              ; 0.03 V                               ; 4.64e-10 s                  ; 4.47e-10 s                  ; Yes                        ; Yes                        ; 2.32 V                      ; 6.92e-07 V                  ; 2.35 V             ; -0.00996 V         ; 0.121 V                             ; 0.03 V                              ; 4.64e-10 s                 ; 4.47e-10 s                 ; Yes                       ; Yes                       ;
; ACload        ; 2.5 V        ; 0 s                 ; 0 s                 ; 2.32 V                       ; 6.92e-07 V                   ; 2.35 V              ; -0.00996 V          ; 0.121 V                              ; 0.03 V                               ; 4.64e-10 s                  ; 4.47e-10 s                  ; Yes                        ; Yes                        ; 2.32 V                      ; 6.92e-07 V                  ; 2.35 V             ; -0.00996 V         ; 0.121 V                             ; 0.03 V                              ; 4.64e-10 s                 ; 4.47e-10 s                 ; Yes                       ; Yes                       ;
; ALUSEL[1]     ; 2.5 V        ; 0 s                 ; 0 s                 ; 2.32 V                       ; 6.92e-07 V                   ; 2.35 V              ; -0.00996 V          ; 0.121 V                              ; 0.03 V                               ; 4.64e-10 s                  ; 4.47e-10 s                  ; Yes                        ; Yes                        ; 2.32 V                      ; 6.92e-07 V                  ; 2.35 V             ; -0.00996 V         ; 0.121 V                             ; 0.03 V                              ; 4.64e-10 s                 ; 4.47e-10 s                 ; Yes                       ; Yes                       ;
; ALUSEL[0]     ; 2.5 V        ; 0 s                 ; 0 s                 ; 2.32 V                       ; 6.92e-07 V                   ; 2.35 V              ; -0.00996 V          ; 0.121 V                              ; 0.03 V                               ; 4.64e-10 s                  ; 4.47e-10 s                  ; Yes                        ; Yes                        ; 2.32 V                      ; 6.92e-07 V                  ; 2.35 V             ; -0.00996 V         ; 0.121 V                             ; 0.03 V                              ; 4.64e-10 s                 ; 4.47e-10 s                 ; Yes                       ; Yes                       ;
; BUS_ALU       ; 2.5 V        ; 0 s                 ; 0 s                 ; 2.32 V                       ; 6.92e-07 V                   ; 2.35 V              ; -0.00996 V          ; 0.121 V                              ; 0.03 V                               ; 4.64e-10 s                  ; 4.47e-10 s                  ; Yes                        ; Yes                        ; 2.32 V                      ; 6.92e-07 V                  ; 2.35 V             ; -0.00996 V         ; 0.121 V                             ; 0.03 V                              ; 4.64e-10 s                 ; 4.47e-10 s                 ; Yes                       ; Yes                       ;
; BUS_AC        ; 2.5 V        ; 0 s                 ; 0 s                 ; 2.32 V                       ; 6.92e-07 V                   ; 2.35 V              ; -0.00996 V          ; 0.121 V                              ; 0.03 V                               ; 4.64e-10 s                  ; 4.47e-10 s                  ; Yes                        ; Yes                        ; 2.32 V                      ; 6.92e-07 V                  ; 2.35 V             ; -0.00996 V         ; 0.121 V                             ; 0.03 V                              ; 4.64e-10 s                 ; 4.47e-10 s                 ; Yes                       ; Yes                       ;
; BUS_DR        ; 2.5 V        ; 0 s                 ; 0 s                 ; 2.32 V                       ; 6.92e-07 V                   ; 2.35 V              ; -0.00996 V          ; 0.121 V                              ; 0.03 V                               ; 4.64e-10 s                  ; 4.47e-10 s                  ; Yes                        ; Yes                        ; 2.32 V                      ; 6.92e-07 V                  ; 2.35 V             ; -0.00996 V         ; 0.121 V                             ; 0.03 V                              ; 4.64e-10 s                 ; 4.47e-10 s                 ; Yes                       ; Yes                       ;
; PCinc         ; 2.5 V        ; 0 s                 ; 0 s                 ; 2.32 V                       ; 6.92e-07 V                   ; 2.35 V              ; -0.00996 V          ; 0.121 V                              ; 0.03 V                               ; 4.64e-10 s                  ; 4.47e-10 s                  ; Yes                        ; Yes                        ; 2.32 V                      ; 6.92e-07 V                  ; 2.35 V             ; -0.00996 V         ; 0.121 V                             ; 0.03 V                              ; 4.64e-10 s                 ; 4.47e-10 s                 ; Yes                       ; Yes                       ;
; PCload        ; 2.5 V        ; 0 s                 ; 0 s                 ; 2.32 V                       ; 6.92e-07 V                   ; 2.35 V              ; -0.00996 V          ; 0.121 V                              ; 0.03 V                               ; 4.64e-10 s                  ; 4.47e-10 s                  ; Yes                        ; Yes                        ; 2.32 V                      ; 6.92e-07 V                  ; 2.35 V             ; -0.00996 V         ; 0.121 V                             ; 0.03 V                              ; 4.64e-10 s                 ; 4.47e-10 s                 ; Yes                       ; Yes                       ;
; PCloadZ       ; 2.5 V        ; 0 s                 ; 0 s                 ; 2.32 V                       ; 6.92e-07 V                   ; 2.35 V              ; -0.00996 V          ; 0.121 V                              ; 0.03 V                               ; 4.64e-10 s                  ; 4.47e-10 s                  ; Yes                        ; Yes                        ; 2.32 V                      ; 6.92e-07 V                  ; 2.35 V             ; -0.00996 V         ; 0.121 V                             ; 0.03 V                              ; 4.64e-10 s                 ; 4.47e-10 s                 ; Yes                       ; Yes                       ;
; PCloadAR      ; 2.5 V        ; 0 s                 ; 0 s                 ; 2.32 V                       ; 6.92e-07 V                   ; 2.35 V              ; -0.00996 V          ; 0.121 V                              ; 0.03 V                               ; 4.64e-10 s                  ; 4.47e-10 s                  ; Yes                        ; Yes                        ; 2.32 V                      ; 6.92e-07 V                  ; 2.35 V             ; -0.00996 V         ; 0.121 V                             ; 0.03 V                              ; 4.64e-10 s                 ; 4.47e-10 s                 ; Yes                       ; Yes                       ;
; ARload        ; 2.5 V        ; 0 s                 ; 0 s                 ; 2.32 V                       ; 6.92e-07 V                   ; 2.35 V              ; -0.00996 V          ; 0.121 V                              ; 0.03 V                               ; 4.64e-10 s                  ; 4.47e-10 s                  ; Yes                        ; Yes                        ; 2.32 V                      ; 6.92e-07 V                  ; 2.35 V             ; -0.00996 V         ; 0.121 V                             ; 0.03 V                              ; 4.64e-10 s                 ; 4.47e-10 s                 ; Yes                       ; Yes                       ;
; BUS_PC        ; 2.5 V        ; 0 s                 ; 0 s                 ; 2.32 V                       ; 6.92e-07 V                   ; 2.35 V              ; -0.00996 V          ; 0.121 V                              ; 0.03 V                               ; 4.64e-10 s                  ; 4.47e-10 s                  ; Yes                        ; Yes                        ; 2.32 V                      ; 6.92e-07 V                  ; 2.35 V             ; -0.00996 V         ; 0.121 V                             ; 0.03 V                              ; 4.64e-10 s                 ; 4.47e-10 s                 ; Yes                       ; Yes                       ;
; MemWrite      ; 2.5 V        ; 0 s                 ; 0 s                 ; 2.32 V                       ; 6.92e-07 V                   ; 2.35 V              ; -0.00996 V          ; 0.121 V                              ; 0.03 V                               ; 4.64e-10 s                  ; 4.47e-10 s                  ; Yes                        ; Yes                        ; 2.32 V                      ; 6.92e-07 V                  ; 2.35 V             ; -0.00996 V         ; 0.121 V                             ; 0.03 V                              ; 4.64e-10 s                 ; 4.47e-10 s                 ; Yes                       ; Yes                       ;
; MemRead       ; 2.5 V        ; 0 s                 ; 0 s                 ; 2.32 V                       ; 6.92e-07 V                   ; 2.35 V              ; -0.00996 V          ; 0.121 V                              ; 0.03 V                               ; 4.64e-10 s                  ; 4.47e-10 s                  ; Yes                        ; Yes                        ; 2.32 V                      ; 6.92e-07 V                  ; 2.35 V             ; -0.00996 V         ; 0.121 V                             ; 0.03 V                              ; 4.64e-10 s                 ; 4.47e-10 s                 ; Yes                       ; Yes                       ;
; BUS_MEM       ; 2.5 V        ; 0 s                 ; 0 s                 ; 2.32 V                       ; 6.92e-07 V                   ; 2.35 V              ; -0.00996 V          ; 0.121 V                              ; 0.03 V                               ; 4.64e-10 s                  ; 4.47e-10 s                  ; Yes                        ; Yes                        ; 2.32 V                      ; 6.92e-07 V                  ; 2.35 V             ; -0.00996 V         ; 0.121 V                             ; 0.03 V                              ; 4.64e-10 s                 ; 4.47e-10 s                 ; Yes                       ; Yes                       ;
; Zflag         ; 2.5 V        ; 0 s                 ; 0 s                 ; 2.32 V                       ; 6.92e-07 V                   ; 2.35 V              ; -0.00996 V          ; 0.121 V                              ; 0.03 V                               ; 4.64e-10 s                  ; 4.47e-10 s                  ; Yes                        ; Yes                        ; 2.32 V                      ; 6.92e-07 V                  ; 2.35 V             ; -0.00996 V         ; 0.121 V                             ; 0.03 V                              ; 4.64e-10 s                 ; 4.47e-10 s                 ; Yes                       ; Yes                       ;
; AC_OUT[7]     ; 2.5 V        ; 0 s                 ; 0 s                 ; 2.32 V                       ; 6.92e-07 V                   ; 2.35 V              ; -0.00996 V          ; 0.121 V                              ; 0.03 V                               ; 4.64e-10 s                  ; 4.47e-10 s                  ; Yes                        ; Yes                        ; 2.32 V                      ; 6.92e-07 V                  ; 2.35 V             ; -0.00996 V         ; 0.121 V                             ; 0.03 V                              ; 4.64e-10 s                 ; 4.47e-10 s                 ; Yes                       ; Yes                       ;
; AC_OUT[6]     ; 2.5 V        ; 0 s                 ; 0 s                 ; 2.32 V                       ; 6.92e-07 V                   ; 2.35 V              ; -0.00996 V          ; 0.121 V                              ; 0.03 V                               ; 4.64e-10 s                  ; 4.47e-10 s                  ; Yes                        ; Yes                        ; 2.32 V                      ; 6.92e-07 V                  ; 2.35 V             ; -0.00996 V         ; 0.121 V                             ; 0.03 V                              ; 4.64e-10 s                 ; 4.47e-10 s                 ; Yes                       ; Yes                       ;
; AC_OUT[5]     ; 2.5 V        ; 0 s                 ; 0 s                 ; 2.32 V                       ; 6.92e-07 V                   ; 2.33 V              ; -0.00265 V          ; 0.133 V                              ; 0.056 V                              ; 3.55e-09 s                  ; 3.31e-09 s                  ; Yes                        ; Yes                        ; 2.32 V                      ; 6.92e-07 V                  ; 2.33 V             ; -0.00265 V         ; 0.133 V                             ; 0.056 V                             ; 3.55e-09 s                 ; 3.31e-09 s                 ; Yes                       ; Yes                       ;
; AC_OUT[4]     ; 2.5 V        ; 0 s                 ; 0 s                 ; 2.32 V                       ; 6.92e-07 V                   ; 2.35 V              ; -0.00996 V          ; 0.121 V                              ; 0.03 V                               ; 4.64e-10 s                  ; 4.47e-10 s                  ; Yes                        ; Yes                        ; 2.32 V                      ; 6.92e-07 V                  ; 2.35 V             ; -0.00996 V         ; 0.121 V                             ; 0.03 V                              ; 4.64e-10 s                 ; 4.47e-10 s                 ; Yes                       ; Yes                       ;
; AC_OUT[3]     ; 2.5 V        ; 0 s                 ; 0 s                 ; 2.32 V                       ; 6.92e-07 V                   ; 2.35 V              ; -0.00996 V          ; 0.121 V                              ; 0.03 V                               ; 4.64e-10 s                  ; 4.47e-10 s                  ; Yes                        ; Yes                        ; 2.32 V                      ; 6.92e-07 V                  ; 2.35 V             ; -0.00996 V         ; 0.121 V                             ; 0.03 V                              ; 4.64e-10 s                 ; 4.47e-10 s                 ; Yes                       ; Yes                       ;
; AC_OUT[2]     ; 2.5 V        ; 0 s                 ; 0 s                 ; 2.32 V                       ; 6.92e-07 V                   ; 2.35 V              ; -0.00996 V          ; 0.121 V                              ; 0.03 V                               ; 4.64e-10 s                  ; 4.47e-10 s                  ; Yes                        ; Yes                        ; 2.32 V                      ; 6.92e-07 V                  ; 2.35 V             ; -0.00996 V         ; 0.121 V                             ; 0.03 V                              ; 4.64e-10 s                 ; 4.47e-10 s                 ; Yes                       ; Yes                       ;
; AC_OUT[1]     ; 2.5 V        ; 0 s                 ; 0 s                 ; 2.32 V                       ; 6.92e-07 V                   ; 2.35 V              ; -0.00996 V          ; 0.121 V                              ; 0.03 V                               ; 4.64e-10 s                  ; 4.47e-10 s                  ; Yes                        ; Yes                        ; 2.32 V                      ; 6.92e-07 V                  ; 2.35 V             ; -0.00996 V         ; 0.121 V                             ; 0.03 V                              ; 4.64e-10 s                 ; 4.47e-10 s                 ; Yes                       ; Yes                       ;
; AC_OUT[0]     ; 2.5 V        ; 0 s                 ; 0 s                 ; 2.32 V                       ; 6.92e-07 V                   ; 2.35 V              ; -0.00996 V          ; 0.121 V                              ; 0.03 V                               ; 4.64e-10 s                  ; 4.47e-10 s                  ; Yes                        ; Yes                        ; 2.32 V                      ; 6.92e-07 V                  ; 2.35 V             ; -0.00996 V         ; 0.121 V                             ; 0.03 V                              ; 4.64e-10 s                 ; 4.47e-10 s                 ; Yes                       ; Yes                       ;
; AR_IN[7]      ; 2.5 V        ; 0 s                 ; 0 s                 ; 2.32 V                       ; 6.92e-07 V                   ; 2.35 V              ; -0.00996 V          ; 0.121 V                              ; 0.03 V                               ; 4.64e-10 s                  ; 4.47e-10 s                  ; Yes                        ; Yes                        ; 2.32 V                      ; 6.92e-07 V                  ; 2.35 V             ; -0.00996 V         ; 0.121 V                             ; 0.03 V                              ; 4.64e-10 s                 ; 4.47e-10 s                 ; Yes                       ; Yes                       ;
; AR_IN[6]      ; 2.5 V        ; 0 s                 ; 0 s                 ; 2.32 V                       ; 6.92e-07 V                   ; 2.35 V              ; -0.00996 V          ; 0.121 V                              ; 0.03 V                               ; 4.64e-10 s                  ; 4.47e-10 s                  ; Yes                        ; Yes                        ; 2.32 V                      ; 6.92e-07 V                  ; 2.35 V             ; -0.00996 V         ; 0.121 V                             ; 0.03 V                              ; 4.64e-10 s                 ; 4.47e-10 s                 ; Yes                       ; Yes                       ;
; AR_IN[5]      ; 2.5 V        ; 0 s                 ; 0 s                 ; 2.32 V                       ; 6.92e-07 V                   ; 2.35 V              ; -0.00996 V          ; 0.121 V                              ; 0.03 V                               ; 4.64e-10 s                  ; 4.47e-10 s                  ; Yes                        ; Yes                        ; 2.32 V                      ; 6.92e-07 V                  ; 2.35 V             ; -0.00996 V         ; 0.121 V                             ; 0.03 V                              ; 4.64e-10 s                 ; 4.47e-10 s                 ; Yes                       ; Yes                       ;
; AR_IN[4]      ; 2.5 V        ; 0 s                 ; 0 s                 ; 2.32 V                       ; 6.92e-07 V                   ; 2.35 V              ; -0.00996 V          ; 0.121 V                              ; 0.03 V                               ; 4.64e-10 s                  ; 4.47e-10 s                  ; Yes                        ; Yes                        ; 2.32 V                      ; 6.92e-07 V                  ; 2.35 V             ; -0.00996 V         ; 0.121 V                             ; 0.03 V                              ; 4.64e-10 s                 ; 4.47e-10 s                 ; Yes                       ; Yes                       ;
; AR_IN[3]      ; 2.5 V        ; 0 s                 ; 0 s                 ; 2.32 V                       ; 6.92e-07 V                   ; 2.35 V              ; -0.00996 V          ; 0.121 V                              ; 0.03 V                               ; 4.64e-10 s                  ; 4.47e-10 s                  ; Yes                        ; Yes                        ; 2.32 V                      ; 6.92e-07 V                  ; 2.35 V             ; -0.00996 V         ; 0.121 V                             ; 0.03 V                              ; 4.64e-10 s                 ; 4.47e-10 s                 ; Yes                       ; Yes                       ;
; AR_IN[2]      ; 2.5 V        ; 0 s                 ; 0 s                 ; 2.32 V                       ; 6.92e-07 V                   ; 2.35 V              ; -0.00996 V          ; 0.121 V                              ; 0.03 V                               ; 4.64e-10 s                  ; 4.47e-10 s                  ; Yes                        ; Yes                        ; 2.32 V                      ; 6.92e-07 V                  ; 2.35 V             ; -0.00996 V         ; 0.121 V                             ; 0.03 V                              ; 4.64e-10 s                 ; 4.47e-10 s                 ; Yes                       ; Yes                       ;
; AR_IN[1]      ; 2.5 V        ; 0 s                 ; 0 s                 ; 2.32 V                       ; 6.92e-07 V                   ; 2.35 V              ; -0.00996 V          ; 0.121 V                              ; 0.03 V                               ; 4.64e-10 s                  ; 4.47e-10 s                  ; Yes                        ; Yes                        ; 2.32 V                      ; 6.92e-07 V                  ; 2.35 V             ; -0.00996 V         ; 0.121 V                             ; 0.03 V                              ; 4.64e-10 s                 ; 4.47e-10 s                 ; Yes                       ; Yes                       ;
; AR_IN[0]      ; 2.5 V        ; 0 s                 ; 0 s                 ; 2.32 V                       ; 6.92e-07 V                   ; 2.35 V              ; -0.00996 V          ; 0.121 V                              ; 0.03 V                               ; 4.64e-10 s                  ; 4.47e-10 s                  ; Yes                        ; Yes                        ; 2.32 V                      ; 6.92e-07 V                  ; 2.35 V             ; -0.00996 V         ; 0.121 V                             ; 0.03 V                              ; 4.64e-10 s                 ; 4.47e-10 s                 ; Yes                       ; Yes                       ;
; AR_OUT[4]     ; 2.5 V        ; 0 s                 ; 0 s                 ; 2.32 V                       ; 6.92e-07 V                   ; 2.35 V              ; -0.00996 V          ; 0.121 V                              ; 0.03 V                               ; 4.64e-10 s                  ; 4.47e-10 s                  ; Yes                        ; Yes                        ; 2.32 V                      ; 6.92e-07 V                  ; 2.35 V             ; -0.00996 V         ; 0.121 V                             ; 0.03 V                              ; 4.64e-10 s                 ; 4.47e-10 s                 ; Yes                       ; Yes                       ;
; AR_OUT[3]     ; 2.5 V        ; 0 s                 ; 0 s                 ; 2.32 V                       ; 6.92e-07 V                   ; 2.33 V              ; -0.00265 V          ; 0.133 V                              ; 0.056 V                              ; 3.55e-09 s                  ; 3.31e-09 s                  ; Yes                        ; Yes                        ; 2.32 V                      ; 6.92e-07 V                  ; 2.33 V             ; -0.00265 V         ; 0.133 V                             ; 0.056 V                             ; 3.55e-09 s                 ; 3.31e-09 s                 ; Yes                       ; Yes                       ;
; AR_OUT[2]     ; 2.5 V        ; 0 s                 ; 0 s                 ; 2.32 V                       ; 6.92e-07 V                   ; 2.35 V              ; -0.00996 V          ; 0.121 V                              ; 0.03 V                               ; 4.64e-10 s                  ; 4.47e-10 s                  ; Yes                        ; Yes                        ; 2.32 V                      ; 6.92e-07 V                  ; 2.35 V             ; -0.00996 V         ; 0.121 V                             ; 0.03 V                              ; 4.64e-10 s                 ; 4.47e-10 s                 ; Yes                       ; Yes                       ;
; AR_OUT[1]     ; 2.5 V        ; 0 s                 ; 0 s                 ; 2.32 V                       ; 6.92e-07 V                   ; 2.35 V              ; -0.00996 V          ; 0.121 V                              ; 0.03 V                               ; 4.64e-10 s                  ; 4.47e-10 s                  ; Yes                        ; Yes                        ; 2.32 V                      ; 6.92e-07 V                  ; 2.35 V             ; -0.00996 V         ; 0.121 V                             ; 0.03 V                              ; 4.64e-10 s                 ; 4.47e-10 s                 ; Yes                       ; Yes                       ;
; AR_OUT[0]     ; 2.5 V        ; 0 s                 ; 0 s                 ; 2.32 V                       ; 6.92e-07 V                   ; 2.35 V              ; -0.00996 V          ; 0.121 V                              ; 0.03 V                               ; 4.64e-10 s                  ; 4.47e-10 s                  ; Yes                        ; Yes                        ; 2.32 V                      ; 6.92e-07 V                  ; 2.35 V             ; -0.00996 V         ; 0.121 V                             ; 0.03 V                              ; 4.64e-10 s                 ; 4.47e-10 s                 ; Yes                       ; Yes                       ;
; DR_OUT[7]     ; 2.5 V        ; 0 s                 ; 0 s                 ; 2.32 V                       ; 6.92e-07 V                   ; 2.35 V              ; -0.00996 V          ; 0.121 V                              ; 0.03 V                               ; 4.64e-10 s                  ; 4.47e-10 s                  ; Yes                        ; Yes                        ; 2.32 V                      ; 6.92e-07 V                  ; 2.35 V             ; -0.00996 V         ; 0.121 V                             ; 0.03 V                              ; 4.64e-10 s                 ; 4.47e-10 s                 ; Yes                       ; Yes                       ;
; DR_OUT[6]     ; 2.5 V        ; 0 s                 ; 0 s                 ; 2.32 V                       ; 6.92e-07 V                   ; 2.35 V              ; -0.00996 V          ; 0.121 V                              ; 0.03 V                               ; 4.64e-10 s                  ; 4.47e-10 s                  ; Yes                        ; Yes                        ; 2.32 V                      ; 6.92e-07 V                  ; 2.35 V             ; -0.00996 V         ; 0.121 V                             ; 0.03 V                              ; 4.64e-10 s                 ; 4.47e-10 s                 ; Yes                       ; Yes                       ;
; DR_OUT[5]     ; 2.5 V        ; 0 s                 ; 0 s                 ; 2.32 V                       ; 6.92e-07 V                   ; 2.35 V              ; -0.00996 V          ; 0.121 V                              ; 0.03 V                               ; 4.64e-10 s                  ; 4.47e-10 s                  ; Yes                        ; Yes                        ; 2.32 V                      ; 6.92e-07 V                  ; 2.35 V             ; -0.00996 V         ; 0.121 V                             ; 0.03 V                              ; 4.64e-10 s                 ; 4.47e-10 s                 ; Yes                       ; Yes                       ;
; DR_OUT[4]     ; 2.5 V        ; 0 s                 ; 0 s                 ; 2.32 V                       ; 6.92e-07 V                   ; 2.35 V              ; -0.00996 V          ; 0.121 V                              ; 0.03 V                               ; 4.64e-10 s                  ; 4.47e-10 s                  ; Yes                        ; Yes                        ; 2.32 V                      ; 6.92e-07 V                  ; 2.35 V             ; -0.00996 V         ; 0.121 V                             ; 0.03 V                              ; 4.64e-10 s                 ; 4.47e-10 s                 ; Yes                       ; Yes                       ;
; DR_OUT[3]     ; 2.5 V        ; 0 s                 ; 0 s                 ; 2.32 V                       ; 6.92e-07 V                   ; 2.35 V              ; -0.00996 V          ; 0.121 V                              ; 0.03 V                               ; 4.64e-10 s                  ; 4.47e-10 s                  ; Yes                        ; Yes                        ; 2.32 V                      ; 6.92e-07 V                  ; 2.35 V             ; -0.00996 V         ; 0.121 V                             ; 0.03 V                              ; 4.64e-10 s                 ; 4.47e-10 s                 ; Yes                       ; Yes                       ;
; DR_OUT[2]     ; 2.5 V        ; 0 s                 ; 0 s                 ; 2.32 V                       ; 6.92e-07 V                   ; 2.35 V              ; -0.00996 V          ; 0.121 V                              ; 0.03 V                               ; 4.64e-10 s                  ; 4.47e-10 s                  ; Yes                        ; Yes                        ; 2.32 V                      ; 6.92e-07 V                  ; 2.35 V             ; -0.00996 V         ; 0.121 V                             ; 0.03 V                              ; 4.64e-10 s                 ; 4.47e-10 s                 ; Yes                       ; Yes                       ;
; DR_OUT[1]     ; 2.5 V        ; 0 s                 ; 0 s                 ; 2.32 V                       ; 6.92e-07 V                   ; 2.35 V              ; -0.00996 V          ; 0.121 V                              ; 0.03 V                               ; 4.64e-10 s                  ; 4.47e-10 s                  ; Yes                        ; Yes                        ; 2.32 V                      ; 6.92e-07 V                  ; 2.35 V             ; -0.00996 V         ; 0.121 V                             ; 0.03 V                              ; 4.64e-10 s                 ; 4.47e-10 s                 ; Yes                       ; Yes                       ;
; DR_OUT[0]     ; 2.5 V        ; 0 s                 ; 0 s                 ; 2.32 V                       ; 6.92e-07 V                   ; 2.35 V              ; -0.00996 V          ; 0.121 V                              ; 0.03 V                               ; 4.64e-10 s                  ; 4.47e-10 s                  ; Yes                        ; Yes                        ; 2.32 V                      ; 6.92e-07 V                  ; 2.35 V             ; -0.00996 V         ; 0.121 V                             ; 0.03 V                              ; 4.64e-10 s                 ; 4.47e-10 s                 ; Yes                       ; Yes                       ;
; IR_OUT[2]     ; 2.5 V        ; 0 s                 ; 0 s                 ; 2.32 V                       ; 6.92e-07 V                   ; 2.35 V              ; -0.00996 V          ; 0.121 V                              ; 0.03 V                               ; 4.64e-10 s                  ; 4.47e-10 s                  ; Yes                        ; Yes                        ; 2.32 V                      ; 6.92e-07 V                  ; 2.35 V             ; -0.00996 V         ; 0.121 V                             ; 0.03 V                              ; 4.64e-10 s                 ; 4.47e-10 s                 ; Yes                       ; Yes                       ;
; IR_OUT[1]     ; 2.5 V        ; 0 s                 ; 0 s                 ; 2.32 V                       ; 6.92e-07 V                   ; 2.35 V              ; -0.00996 V          ; 0.121 V                              ; 0.03 V                               ; 4.64e-10 s                  ; 4.47e-10 s                  ; Yes                        ; Yes                        ; 2.32 V                      ; 6.92e-07 V                  ; 2.35 V             ; -0.00996 V         ; 0.121 V                             ; 0.03 V                              ; 4.64e-10 s                 ; 4.47e-10 s                 ; Yes                       ; Yes                       ;
; IR_OUT[0]     ; 2.5 V        ; 0 s                 ; 0 s                 ; 2.32 V                       ; 6.92e-07 V                   ; 2.35 V              ; -0.00996 V          ; 0.121 V                              ; 0.03 V                               ; 4.64e-10 s                  ; 4.47e-10 s                  ; Yes                        ; Yes                        ; 2.32 V                      ; 6.92e-07 V                  ; 2.35 V             ; -0.00996 V         ; 0.121 V                             ; 0.03 V                              ; 4.64e-10 s                 ; 4.47e-10 s                 ; Yes                       ; Yes                       ;
; MainBus[7]    ; 2.5 V        ; 0 s                 ; 0 s                 ; 2.32 V                       ; 6.92e-07 V                   ; 2.35 V              ; -0.00996 V          ; 0.121 V                              ; 0.03 V                               ; 4.64e-10 s                  ; 4.47e-10 s                  ; Yes                        ; Yes                        ; 2.32 V                      ; 6.92e-07 V                  ; 2.35 V             ; -0.00996 V         ; 0.121 V                             ; 0.03 V                              ; 4.64e-10 s                 ; 4.47e-10 s                 ; Yes                       ; Yes                       ;
; MainBus[6]    ; 2.5 V        ; 0 s                 ; 0 s                 ; 2.32 V                       ; 6.92e-07 V                   ; 2.35 V              ; -0.00996 V          ; 0.121 V                              ; 0.03 V                               ; 4.64e-10 s                  ; 4.47e-10 s                  ; Yes                        ; Yes                        ; 2.32 V                      ; 6.92e-07 V                  ; 2.35 V             ; -0.00996 V         ; 0.121 V                             ; 0.03 V                              ; 4.64e-10 s                 ; 4.47e-10 s                 ; Yes                       ; Yes                       ;
; MainBus[5]    ; 2.5 V        ; 0 s                 ; 0 s                 ; 2.32 V                       ; 6.92e-07 V                   ; 2.35 V              ; -0.00996 V          ; 0.121 V                              ; 0.03 V                               ; 4.64e-10 s                  ; 4.47e-10 s                  ; Yes                        ; Yes                        ; 2.32 V                      ; 6.92e-07 V                  ; 2.35 V             ; -0.00996 V         ; 0.121 V                             ; 0.03 V                              ; 4.64e-10 s                 ; 4.47e-10 s                 ; Yes                       ; Yes                       ;
; MainBus[4]    ; 2.5 V        ; 0 s                 ; 0 s                 ; 2.32 V                       ; 6.92e-07 V                   ; 2.35 V              ; -0.00996 V          ; 0.121 V                              ; 0.03 V                               ; 4.64e-10 s                  ; 4.47e-10 s                  ; Yes                        ; Yes                        ; 2.32 V                      ; 6.92e-07 V                  ; 2.35 V             ; -0.00996 V         ; 0.121 V                             ; 0.03 V                              ; 4.64e-10 s                 ; 4.47e-10 s                 ; Yes                       ; Yes                       ;
; MainBus[3]    ; 2.5 V        ; 0 s                 ; 0 s                 ; 2.32 V                       ; 6.92e-07 V                   ; 2.35 V              ; -0.00996 V          ; 0.121 V                              ; 0.03 V                               ; 4.64e-10 s                  ; 4.47e-10 s                  ; Yes                        ; Yes                        ; 2.32 V                      ; 6.92e-07 V                  ; 2.35 V             ; -0.00996 V         ; 0.121 V                             ; 0.03 V                              ; 4.64e-10 s                 ; 4.47e-10 s                 ; Yes                       ; Yes                       ;
; MainBus[2]    ; 2.5 V        ; 0 s                 ; 0 s                 ; 2.32 V                       ; 6.92e-07 V                   ; 2.33 V              ; -0.00265 V          ; 0.133 V                              ; 0.056 V                              ; 3.55e-09 s                  ; 3.31e-09 s                  ; Yes                        ; Yes                        ; 2.32 V                      ; 6.92e-07 V                  ; 2.33 V             ; -0.00265 V         ; 0.133 V                             ; 0.056 V                             ; 3.55e-09 s                 ; 3.31e-09 s                 ; Yes                       ; Yes                       ;
; MainBus[1]    ; 2.5 V        ; 0 s                 ; 0 s                 ; 2.32 V                       ; 6.92e-07 V                   ; 2.35 V              ; -0.00996 V          ; 0.121 V                              ; 0.03 V                               ; 4.64e-10 s                  ; 4.47e-10 s                  ; Yes                        ; Yes                        ; 2.32 V                      ; 6.92e-07 V                  ; 2.35 V             ; -0.00996 V         ; 0.121 V                             ; 0.03 V                              ; 4.64e-10 s                 ; 4.47e-10 s                 ; Yes                       ; Yes                       ;
; MainBus[0]    ; 2.5 V        ; 0 s                 ; 0 s                 ; 2.32 V                       ; 6.92e-07 V                   ; 2.35 V              ; -0.00996 V          ; 0.121 V                              ; 0.03 V                               ; 4.64e-10 s                  ; 4.47e-10 s                  ; Yes                        ; Yes                        ; 2.32 V                      ; 6.92e-07 V                  ; 2.35 V             ; -0.00996 V         ; 0.121 V                             ; 0.03 V                              ; 4.64e-10 s                 ; 4.47e-10 s                 ; Yes                       ; Yes                       ;
; MEM_OUT[7]    ; 2.5 V        ; 0 s                 ; 0 s                 ; 2.32 V                       ; 6.92e-07 V                   ; 2.35 V              ; -0.00996 V          ; 0.121 V                              ; 0.03 V                               ; 4.64e-10 s                  ; 4.47e-10 s                  ; Yes                        ; Yes                        ; 2.32 V                      ; 6.92e-07 V                  ; 2.35 V             ; -0.00996 V         ; 0.121 V                             ; 0.03 V                              ; 4.64e-10 s                 ; 4.47e-10 s                 ; Yes                       ; Yes                       ;
; MEM_OUT[6]    ; 2.5 V        ; 0 s                 ; 0 s                 ; 2.32 V                       ; 6.92e-07 V                   ; 2.35 V              ; -0.00996 V          ; 0.121 V                              ; 0.03 V                               ; 4.64e-10 s                  ; 4.47e-10 s                  ; Yes                        ; Yes                        ; 2.32 V                      ; 6.92e-07 V                  ; 2.35 V             ; -0.00996 V         ; 0.121 V                             ; 0.03 V                              ; 4.64e-10 s                 ; 4.47e-10 s                 ; Yes                       ; Yes                       ;
; MEM_OUT[5]    ; 2.5 V        ; 0 s                 ; 0 s                 ; 2.32 V                       ; 6.92e-07 V                   ; 2.35 V              ; -0.00996 V          ; 0.121 V                              ; 0.03 V                               ; 4.64e-10 s                  ; 4.47e-10 s                  ; Yes                        ; Yes                        ; 2.32 V                      ; 6.92e-07 V                  ; 2.35 V             ; -0.00996 V         ; 0.121 V                             ; 0.03 V                              ; 4.64e-10 s                 ; 4.47e-10 s                 ; Yes                       ; Yes                       ;
; MEM_OUT[4]    ; 2.5 V        ; 0 s                 ; 0 s                 ; 2.32 V                       ; 6.92e-07 V                   ; 2.35 V              ; -0.00996 V          ; 0.121 V                              ; 0.03 V                               ; 4.64e-10 s                  ; 4.47e-10 s                  ; Yes                        ; Yes                        ; 2.32 V                      ; 6.92e-07 V                  ; 2.35 V             ; -0.00996 V         ; 0.121 V                             ; 0.03 V                              ; 4.64e-10 s                 ; 4.47e-10 s                 ; Yes                       ; Yes                       ;
; MEM_OUT[3]    ; 2.5 V        ; 0 s                 ; 0 s                 ; 2.32 V                       ; 6.92e-07 V                   ; 2.35 V              ; -0.00996 V          ; 0.121 V                              ; 0.03 V                               ; 4.64e-10 s                  ; 4.47e-10 s                  ; Yes                        ; Yes                        ; 2.32 V                      ; 6.92e-07 V                  ; 2.35 V             ; -0.00996 V         ; 0.121 V                             ; 0.03 V                              ; 4.64e-10 s                 ; 4.47e-10 s                 ; Yes                       ; Yes                       ;
; MEM_OUT[2]    ; 2.5 V        ; 0 s                 ; 0 s                 ; 2.32 V                       ; 6.92e-07 V                   ; 2.35 V              ; -0.00996 V          ; 0.121 V                              ; 0.03 V                               ; 4.64e-10 s                  ; 4.47e-10 s                  ; Yes                        ; Yes                        ; 2.32 V                      ; 6.92e-07 V                  ; 2.35 V             ; -0.00996 V         ; 0.121 V                             ; 0.03 V                              ; 4.64e-10 s                 ; 4.47e-10 s                 ; Yes                       ; Yes                       ;
; MEM_OUT[1]    ; 2.5 V        ; 0 s                 ; 0 s                 ; 2.32 V                       ; 6.92e-07 V                   ; 2.35 V              ; -0.00996 V          ; 0.121 V                              ; 0.03 V                               ; 4.64e-10 s                  ; 4.47e-10 s                  ; Yes                        ; Yes                        ; 2.32 V                      ; 6.92e-07 V                  ; 2.35 V             ; -0.00996 V         ; 0.121 V                             ; 0.03 V                              ; 4.64e-10 s                 ; 4.47e-10 s                 ; Yes                       ; Yes                       ;
; MEM_OUT[0]    ; 2.5 V        ; 0 s                 ; 0 s                 ; 2.32 V                       ; 6.92e-07 V                   ; 2.33 V              ; -0.00265 V          ; 0.133 V                              ; 0.056 V                              ; 3.55e-09 s                  ; 3.31e-09 s                  ; Yes                        ; Yes                        ; 2.32 V                      ; 6.92e-07 V                  ; 2.33 V             ; -0.00265 V         ; 0.133 V                             ; 0.056 V                             ; 3.55e-09 s                 ; 3.31e-09 s                 ; Yes                       ; Yes                       ;
; MuxOut[4]     ; 2.5 V        ; 0 s                 ; 0 s                 ; 2.32 V                       ; 6.92e-07 V                   ; 2.35 V              ; -0.00996 V          ; 0.121 V                              ; 0.03 V                               ; 4.64e-10 s                  ; 4.47e-10 s                  ; Yes                        ; Yes                        ; 2.32 V                      ; 6.92e-07 V                  ; 2.35 V             ; -0.00996 V         ; 0.121 V                             ; 0.03 V                              ; 4.64e-10 s                 ; 4.47e-10 s                 ; Yes                       ; Yes                       ;
; MuxOut[3]     ; 2.5 V        ; 0 s                 ; 0 s                 ; 2.32 V                       ; 6.92e-07 V                   ; 2.35 V              ; -0.00996 V          ; 0.121 V                              ; 0.03 V                               ; 4.64e-10 s                  ; 4.47e-10 s                  ; Yes                        ; Yes                        ; 2.32 V                      ; 6.92e-07 V                  ; 2.35 V             ; -0.00996 V         ; 0.121 V                             ; 0.03 V                              ; 4.64e-10 s                 ; 4.47e-10 s                 ; Yes                       ; Yes                       ;
; MuxOut[2]     ; 2.5 V        ; 0 s                 ; 0 s                 ; 2.32 V                       ; 6.92e-07 V                   ; 2.35 V              ; -0.00996 V          ; 0.121 V                              ; 0.03 V                               ; 4.64e-10 s                  ; 4.47e-10 s                  ; Yes                        ; Yes                        ; 2.32 V                      ; 6.92e-07 V                  ; 2.35 V             ; -0.00996 V         ; 0.121 V                             ; 0.03 V                              ; 4.64e-10 s                 ; 4.47e-10 s                 ; Yes                       ; Yes                       ;
; MuxOut[1]     ; 2.5 V        ; 0 s                 ; 0 s                 ; 2.32 V                       ; 6.92e-07 V                   ; 2.35 V              ; -0.00996 V          ; 0.121 V                              ; 0.03 V                               ; 4.64e-10 s                  ; 4.47e-10 s                  ; Yes                        ; Yes                        ; 2.32 V                      ; 6.92e-07 V                  ; 2.35 V             ; -0.00996 V         ; 0.121 V                             ; 0.03 V                              ; 4.64e-10 s                 ; 4.47e-10 s                 ; Yes                       ; Yes                       ;
; MuxOut[0]     ; 2.5 V        ; 0 s                 ; 0 s                 ; 2.32 V                       ; 6.92e-07 V                   ; 2.35 V              ; -0.00996 V          ; 0.121 V                              ; 0.03 V                               ; 4.64e-10 s                  ; 4.47e-10 s                  ; Yes                        ; Yes                        ; 2.32 V                      ; 6.92e-07 V                  ; 2.35 V             ; -0.00996 V         ; 0.121 V                             ; 0.03 V                              ; 4.64e-10 s                 ; 4.47e-10 s                 ; Yes                       ; Yes                       ;
; PC_OUT[7]     ; 2.5 V        ; 0 s                 ; 0 s                 ; 2.32 V                       ; 6.92e-07 V                   ; 2.35 V              ; -0.00996 V          ; 0.121 V                              ; 0.03 V                               ; 4.64e-10 s                  ; 4.47e-10 s                  ; Yes                        ; Yes                        ; 2.32 V                      ; 6.92e-07 V                  ; 2.35 V             ; -0.00996 V         ; 0.121 V                             ; 0.03 V                              ; 4.64e-10 s                 ; 4.47e-10 s                 ; Yes                       ; Yes                       ;
; PC_OUT[6]     ; 2.5 V        ; 0 s                 ; 0 s                 ; 2.32 V                       ; 6.92e-07 V                   ; 2.35 V              ; -0.00996 V          ; 0.121 V                              ; 0.03 V                               ; 4.64e-10 s                  ; 4.47e-10 s                  ; Yes                        ; Yes                        ; 2.32 V                      ; 6.92e-07 V                  ; 2.35 V             ; -0.00996 V         ; 0.121 V                             ; 0.03 V                              ; 4.64e-10 s                 ; 4.47e-10 s                 ; Yes                       ; Yes                       ;
; PC_OUT[5]     ; 2.5 V        ; 0 s                 ; 0 s                 ; 2.32 V                       ; 6.92e-07 V                   ; 2.35 V              ; -0.00996 V          ; 0.121 V                              ; 0.03 V                               ; 4.64e-10 s                  ; 4.47e-10 s                  ; Yes                        ; Yes                        ; 2.32 V                      ; 6.92e-07 V                  ; 2.35 V             ; -0.00996 V         ; 0.121 V                             ; 0.03 V                              ; 4.64e-10 s                 ; 4.47e-10 s                 ; Yes                       ; Yes                       ;
; PC_OUT[4]     ; 2.5 V        ; 0 s                 ; 0 s                 ; 2.32 V                       ; 6.92e-07 V                   ; 2.35 V              ; -0.00996 V          ; 0.121 V                              ; 0.03 V                               ; 4.64e-10 s                  ; 4.47e-10 s                  ; Yes                        ; Yes                        ; 2.32 V                      ; 6.92e-07 V                  ; 2.35 V             ; -0.00996 V         ; 0.121 V                             ; 0.03 V                              ; 4.64e-10 s                 ; 4.47e-10 s                 ; Yes                       ; Yes                       ;
; PC_OUT[3]     ; 2.5 V        ; 0 s                 ; 0 s                 ; 2.32 V                       ; 6.92e-07 V                   ; 2.35 V              ; -0.00996 V          ; 0.121 V                              ; 0.03 V                               ; 4.64e-10 s                  ; 4.47e-10 s                  ; Yes                        ; Yes                        ; 2.32 V                      ; 6.92e-07 V                  ; 2.35 V             ; -0.00996 V         ; 0.121 V                             ; 0.03 V                              ; 4.64e-10 s                 ; 4.47e-10 s                 ; Yes                       ; Yes                       ;
; PC_OUT[2]     ; 2.5 V        ; 0 s                 ; 0 s                 ; 2.32 V                       ; 6.92e-07 V                   ; 2.35 V              ; -0.00996 V          ; 0.121 V                              ; 0.03 V                               ; 4.64e-10 s                  ; 4.47e-10 s                  ; Yes                        ; Yes                        ; 2.32 V                      ; 6.92e-07 V                  ; 2.35 V             ; -0.00996 V         ; 0.121 V                             ; 0.03 V                              ; 4.64e-10 s                 ; 4.47e-10 s                 ; Yes                       ; Yes                       ;
; PC_OUT[1]     ; 2.5 V        ; 0 s                 ; 0 s                 ; 2.32 V                       ; 6.92e-07 V                   ; 2.35 V              ; -0.00996 V          ; 0.121 V                              ; 0.03 V                               ; 4.64e-10 s                  ; 4.47e-10 s                  ; Yes                        ; Yes                        ; 2.32 V                      ; 6.92e-07 V                  ; 2.35 V             ; -0.00996 V         ; 0.121 V                             ; 0.03 V                              ; 4.64e-10 s                 ; 4.47e-10 s                 ; Yes                       ; Yes                       ;
; PC_OUT[0]     ; 2.5 V        ; 0 s                 ; 0 s                 ; 2.32 V                       ; 6.92e-07 V                   ; 2.35 V              ; -0.00996 V          ; 0.121 V                              ; 0.03 V                               ; 4.64e-10 s                  ; 4.47e-10 s                  ; Yes                        ; Yes                        ; 2.32 V                      ; 6.92e-07 V                  ; 2.35 V             ; -0.00996 V         ; 0.121 V                             ; 0.03 V                              ; 4.64e-10 s                 ; 4.47e-10 s                 ; Yes                       ; Yes                       ;
; ~ALTERA_DCLK~ ; 2.5 V        ; 0 s                 ; 0 s                 ; 2.32 V                       ; 3.75e-07 V                   ; 2.35 V              ; -0.0109 V           ; 0.084 V                              ; 0.027 V                              ; 4.31e-10 s                  ; 3.61e-10 s                  ; Yes                        ; Yes                        ; 2.32 V                      ; 3.75e-07 V                  ; 2.35 V             ; -0.0109 V          ; 0.084 V                             ; 0.027 V                             ; 4.31e-10 s                 ; 3.61e-10 s                 ; Yes                       ; Yes                       ;
; ~ALTERA_nCEO~ ; 2.5 V        ; 0 s                 ; 0 s                 ; 2.32 V                       ; 6.15e-07 V                   ; 2.35 V              ; -0.00712 V          ; 0.093 V                              ; 0.02 V                               ; 6.21e-10 s                  ; 7.9e-10 s                   ; Yes                        ; Yes                        ; 2.32 V                      ; 6.15e-07 V                  ; 2.35 V             ; -0.00712 V         ; 0.093 V                             ; 0.02 V                              ; 6.21e-10 s                 ; 7.9e-10 s                  ; Yes                       ; Yes                       ;
+---------------+--------------+---------------------+---------------------+------------------------------+------------------------------+---------------------+---------------------+--------------------------------------+--------------------------------------+-----------------------------+-----------------------------+----------------------------+----------------------------+-----------------------------+-----------------------------+--------------------+--------------------+-------------------------------------+-------------------------------------+----------------------------+----------------------------+---------------------------+---------------------------+


+--------------------------------------------------------------------------------------------------------------------------------------------------------------------------------------------------------------------------------------------------------------------------------------------------------------------------------------------------------------------------------------------------------------------------------------------------------------------------------------------------------------------------------------------------------------------------------------------------------------------------------------------------------------------------------------------+
; Signal Integrity Metrics (Fast 1200mv 0c Model)                                                                                                                                                                                                                                                                                                                                                                                                                                                                                                                                                                                                                                            ;
+---------------+--------------+---------------------+---------------------+------------------------------+------------------------------+---------------------+---------------------+--------------------------------------+--------------------------------------+-----------------------------+-----------------------------+----------------------------+----------------------------+-----------------------------+-----------------------------+--------------------+--------------------+-------------------------------------+-------------------------------------+----------------------------+----------------------------+---------------------------+---------------------------+
; Pin           ; I/O Standard ; Board Delay on Rise ; Board Delay on Fall ; Steady State Voh at FPGA Pin ; Steady State Vol at FPGA Pin ; Voh Max at FPGA Pin ; Vol Min at FPGA Pin ; Ringback Voltage on Rise at FPGA Pin ; Ringback Voltage on Fall at FPGA Pin ; 10-90 Rise Time at FPGA Pin ; 90-10 Fall Time at FPGA Pin ; Monotonic Rise at FPGA Pin ; Monotonic Fall at FPGA Pin ; Steady State Voh at Far-end ; Steady State Vol at Far-end ; Voh Max at Far-end ; Vol Min at Far-end ; Ringback Voltage on Rise at Far-end ; Ringback Voltage on Fall at Far-end ; 10-90 Rise Time at Far-end ; 90-10 Fall Time at Far-end ; Monotonic Rise at Far-end ; Monotonic Fall at Far-end ;
+---------------+--------------+---------------------+---------------------+------------------------------+------------------------------+---------------------+---------------------+--------------------------------------+--------------------------------------+-----------------------------+-----------------------------+----------------------------+----------------------------+-----------------------------+-----------------------------+--------------------+--------------------+-------------------------------------+-------------------------------------+----------------------------+----------------------------+---------------------------+---------------------------+
; MDenable      ; 2.5 V        ; 0 s                 ; 0 s                 ; 2.62 V                       ; 4.05e-08 V                   ; 2.72 V              ; -0.0349 V           ; 0.173 V                              ; 0.1 V                                ; 2.72e-10 s                  ; 2.69e-10 s                  ; Yes                        ; Yes                        ; 2.62 V                      ; 4.05e-08 V                  ; 2.72 V             ; -0.0349 V          ; 0.173 V                             ; 0.1 V                               ; 2.72e-10 s                 ; 2.69e-10 s                 ; Yes                       ; Yes                       ;
; CPUclk        ; 2.5 V        ; 0 s                 ; 0 s                 ; 2.62 V                       ; 4.05e-08 V                   ; 2.72 V              ; -0.0349 V           ; 0.173 V                              ; 0.1 V                                ; 2.72e-10 s                  ; 2.69e-10 s                  ; Yes                        ; Yes                        ; 2.62 V                      ; 4.05e-08 V                  ; 2.72 V             ; -0.0349 V          ; 0.173 V                             ; 0.1 V                               ; 2.72e-10 s                 ; 2.69e-10 s                 ; Yes                       ; Yes                       ;
; IRload        ; 2.5 V        ; 0 s                 ; 0 s                 ; 2.62 V                       ; 4.05e-08 V                   ; 2.72 V              ; -0.0349 V           ; 0.173 V                              ; 0.1 V                                ; 2.72e-10 s                  ; 2.69e-10 s                  ; Yes                        ; Yes                        ; 2.62 V                      ; 4.05e-08 V                  ; 2.72 V             ; -0.0349 V          ; 0.173 V                             ; 0.1 V                               ; 2.72e-10 s                 ; 2.69e-10 s                 ; Yes                       ; Yes                       ;
; DRload        ; 2.5 V        ; 0 s                 ; 0 s                 ; 2.62 V                       ; 4.05e-08 V                   ; 2.72 V              ; -0.0349 V           ; 0.173 V                              ; 0.1 V                                ; 2.72e-10 s                  ; 2.69e-10 s                  ; Yes                        ; Yes                        ; 2.62 V                      ; 4.05e-08 V                  ; 2.72 V             ; -0.0349 V          ; 0.173 V                             ; 0.1 V                               ; 2.72e-10 s                 ; 2.69e-10 s                 ; Yes                       ; Yes                       ;
; Zload         ; 2.5 V        ; 0 s                 ; 0 s                 ; 2.62 V                       ; 4.05e-08 V                   ; 2.72 V              ; -0.0349 V           ; 0.173 V                              ; 0.1 V                                ; 2.72e-10 s                  ; 2.69e-10 s                  ; Yes                        ; Yes                        ; 2.62 V                      ; 4.05e-08 V                  ; 2.72 V             ; -0.0349 V          ; 0.173 V                             ; 0.1 V                               ; 2.72e-10 s                 ; 2.69e-10 s                 ; Yes                       ; Yes                       ;
; ACload        ; 2.5 V        ; 0 s                 ; 0 s                 ; 2.62 V                       ; 4.05e-08 V                   ; 2.72 V              ; -0.0349 V           ; 0.173 V                              ; 0.1 V                                ; 2.72e-10 s                  ; 2.69e-10 s                  ; Yes                        ; Yes                        ; 2.62 V                      ; 4.05e-08 V                  ; 2.72 V             ; -0.0349 V          ; 0.173 V                             ; 0.1 V                               ; 2.72e-10 s                 ; 2.69e-10 s                 ; Yes                       ; Yes                       ;
; ALUSEL[1]     ; 2.5 V        ; 0 s                 ; 0 s                 ; 2.62 V                       ; 4.05e-08 V                   ; 2.72 V              ; -0.0349 V           ; 0.173 V                              ; 0.1 V                                ; 2.72e-10 s                  ; 2.69e-10 s                  ; Yes                        ; Yes                        ; 2.62 V                      ; 4.05e-08 V                  ; 2.72 V             ; -0.0349 V          ; 0.173 V                             ; 0.1 V                               ; 2.72e-10 s                 ; 2.69e-10 s                 ; Yes                       ; Yes                       ;
; ALUSEL[0]     ; 2.5 V        ; 0 s                 ; 0 s                 ; 2.62 V                       ; 4.05e-08 V                   ; 2.72 V              ; -0.0349 V           ; 0.173 V                              ; 0.1 V                                ; 2.72e-10 s                  ; 2.69e-10 s                  ; Yes                        ; Yes                        ; 2.62 V                      ; 4.05e-08 V                  ; 2.72 V             ; -0.0349 V          ; 0.173 V                             ; 0.1 V                               ; 2.72e-10 s                 ; 2.69e-10 s                 ; Yes                       ; Yes                       ;
; BUS_ALU       ; 2.5 V        ; 0 s                 ; 0 s                 ; 2.62 V                       ; 4.05e-08 V                   ; 2.72 V              ; -0.0349 V           ; 0.173 V                              ; 0.1 V                                ; 2.72e-10 s                  ; 2.69e-10 s                  ; Yes                        ; Yes                        ; 2.62 V                      ; 4.05e-08 V                  ; 2.72 V             ; -0.0349 V          ; 0.173 V                             ; 0.1 V                               ; 2.72e-10 s                 ; 2.69e-10 s                 ; Yes                       ; Yes                       ;
; BUS_AC        ; 2.5 V        ; 0 s                 ; 0 s                 ; 2.62 V                       ; 4.05e-08 V                   ; 2.72 V              ; -0.0349 V           ; 0.173 V                              ; 0.1 V                                ; 2.72e-10 s                  ; 2.69e-10 s                  ; Yes                        ; Yes                        ; 2.62 V                      ; 4.05e-08 V                  ; 2.72 V             ; -0.0349 V          ; 0.173 V                             ; 0.1 V                               ; 2.72e-10 s                 ; 2.69e-10 s                 ; Yes                       ; Yes                       ;
; BUS_DR        ; 2.5 V        ; 0 s                 ; 0 s                 ; 2.62 V                       ; 4.05e-08 V                   ; 2.72 V              ; -0.0349 V           ; 0.173 V                              ; 0.1 V                                ; 2.72e-10 s                  ; 2.69e-10 s                  ; Yes                        ; Yes                        ; 2.62 V                      ; 4.05e-08 V                  ; 2.72 V             ; -0.0349 V          ; 0.173 V                             ; 0.1 V                               ; 2.72e-10 s                 ; 2.69e-10 s                 ; Yes                       ; Yes                       ;
; PCinc         ; 2.5 V        ; 0 s                 ; 0 s                 ; 2.62 V                       ; 4.05e-08 V                   ; 2.72 V              ; -0.0349 V           ; 0.173 V                              ; 0.1 V                                ; 2.72e-10 s                  ; 2.69e-10 s                  ; Yes                        ; Yes                        ; 2.62 V                      ; 4.05e-08 V                  ; 2.72 V             ; -0.0349 V          ; 0.173 V                             ; 0.1 V                               ; 2.72e-10 s                 ; 2.69e-10 s                 ; Yes                       ; Yes                       ;
; PCload        ; 2.5 V        ; 0 s                 ; 0 s                 ; 2.62 V                       ; 4.05e-08 V                   ; 2.72 V              ; -0.0349 V           ; 0.173 V                              ; 0.1 V                                ; 2.72e-10 s                  ; 2.69e-10 s                  ; Yes                        ; Yes                        ; 2.62 V                      ; 4.05e-08 V                  ; 2.72 V             ; -0.0349 V          ; 0.173 V                             ; 0.1 V                               ; 2.72e-10 s                 ; 2.69e-10 s                 ; Yes                       ; Yes                       ;
; PCloadZ       ; 2.5 V        ; 0 s                 ; 0 s                 ; 2.62 V                       ; 4.05e-08 V                   ; 2.72 V              ; -0.0349 V           ; 0.173 V                              ; 0.1 V                                ; 2.72e-10 s                  ; 2.69e-10 s                  ; Yes                        ; Yes                        ; 2.62 V                      ; 4.05e-08 V                  ; 2.72 V             ; -0.0349 V          ; 0.173 V                             ; 0.1 V                               ; 2.72e-10 s                 ; 2.69e-10 s                 ; Yes                       ; Yes                       ;
; PCloadAR      ; 2.5 V        ; 0 s                 ; 0 s                 ; 2.62 V                       ; 4.05e-08 V                   ; 2.72 V              ; -0.0349 V           ; 0.173 V                              ; 0.1 V                                ; 2.72e-10 s                  ; 2.69e-10 s                  ; Yes                        ; Yes                        ; 2.62 V                      ; 4.05e-08 V                  ; 2.72 V             ; -0.0349 V          ; 0.173 V                             ; 0.1 V                               ; 2.72e-10 s                 ; 2.69e-10 s                 ; Yes                       ; Yes                       ;
; ARload        ; 2.5 V        ; 0 s                 ; 0 s                 ; 2.62 V                       ; 4.05e-08 V                   ; 2.72 V              ; -0.0349 V           ; 0.173 V                              ; 0.1 V                                ; 2.72e-10 s                  ; 2.69e-10 s                  ; Yes                        ; Yes                        ; 2.62 V                      ; 4.05e-08 V                  ; 2.72 V             ; -0.0349 V          ; 0.173 V                             ; 0.1 V                               ; 2.72e-10 s                 ; 2.69e-10 s                 ; Yes                       ; Yes                       ;
; BUS_PC        ; 2.5 V        ; 0 s                 ; 0 s                 ; 2.62 V                       ; 4.05e-08 V                   ; 2.72 V              ; -0.0349 V           ; 0.173 V                              ; 0.1 V                                ; 2.72e-10 s                  ; 2.69e-10 s                  ; Yes                        ; Yes                        ; 2.62 V                      ; 4.05e-08 V                  ; 2.72 V             ; -0.0349 V          ; 0.173 V                             ; 0.1 V                               ; 2.72e-10 s                 ; 2.69e-10 s                 ; Yes                       ; Yes                       ;
; MemWrite      ; 2.5 V        ; 0 s                 ; 0 s                 ; 2.62 V                       ; 4.05e-08 V                   ; 2.72 V              ; -0.0349 V           ; 0.173 V                              ; 0.1 V                                ; 2.72e-10 s                  ; 2.69e-10 s                  ; Yes                        ; Yes                        ; 2.62 V                      ; 4.05e-08 V                  ; 2.72 V             ; -0.0349 V          ; 0.173 V                             ; 0.1 V                               ; 2.72e-10 s                 ; 2.69e-10 s                 ; Yes                       ; Yes                       ;
; MemRead       ; 2.5 V        ; 0 s                 ; 0 s                 ; 2.62 V                       ; 4.05e-08 V                   ; 2.72 V              ; -0.0349 V           ; 0.173 V                              ; 0.1 V                                ; 2.72e-10 s                  ; 2.69e-10 s                  ; Yes                        ; Yes                        ; 2.62 V                      ; 4.05e-08 V                  ; 2.72 V             ; -0.0349 V          ; 0.173 V                             ; 0.1 V                               ; 2.72e-10 s                 ; 2.69e-10 s                 ; Yes                       ; Yes                       ;
; BUS_MEM       ; 2.5 V        ; 0 s                 ; 0 s                 ; 2.62 V                       ; 4.05e-08 V                   ; 2.72 V              ; -0.0349 V           ; 0.173 V                              ; 0.1 V                                ; 2.72e-10 s                  ; 2.69e-10 s                  ; Yes                        ; Yes                        ; 2.62 V                      ; 4.05e-08 V                  ; 2.72 V             ; -0.0349 V          ; 0.173 V                             ; 0.1 V                               ; 2.72e-10 s                 ; 2.69e-10 s                 ; Yes                       ; Yes                       ;
; Zflag         ; 2.5 V        ; 0 s                 ; 0 s                 ; 2.62 V                       ; 4.05e-08 V                   ; 2.72 V              ; -0.0349 V           ; 0.173 V                              ; 0.1 V                                ; 2.72e-10 s                  ; 2.69e-10 s                  ; Yes                        ; Yes                        ; 2.62 V                      ; 4.05e-08 V                  ; 2.72 V             ; -0.0349 V          ; 0.173 V                             ; 0.1 V                               ; 2.72e-10 s                 ; 2.69e-10 s                 ; Yes                       ; Yes                       ;
; AC_OUT[7]     ; 2.5 V        ; 0 s                 ; 0 s                 ; 2.62 V                       ; 4.05e-08 V                   ; 2.72 V              ; -0.0349 V           ; 0.173 V                              ; 0.1 V                                ; 2.72e-10 s                  ; 2.69e-10 s                  ; Yes                        ; Yes                        ; 2.62 V                      ; 4.05e-08 V                  ; 2.72 V             ; -0.0349 V          ; 0.173 V                             ; 0.1 V                               ; 2.72e-10 s                 ; 2.69e-10 s                 ; Yes                       ; Yes                       ;
; AC_OUT[6]     ; 2.5 V        ; 0 s                 ; 0 s                 ; 2.62 V                       ; 4.05e-08 V                   ; 2.72 V              ; -0.0349 V           ; 0.173 V                              ; 0.1 V                                ; 2.72e-10 s                  ; 2.69e-10 s                  ; Yes                        ; Yes                        ; 2.62 V                      ; 4.05e-08 V                  ; 2.72 V             ; -0.0349 V          ; 0.173 V                             ; 0.1 V                               ; 2.72e-10 s                 ; 2.69e-10 s                 ; Yes                       ; Yes                       ;
; AC_OUT[5]     ; 2.5 V        ; 0 s                 ; 0 s                 ; 2.62 V                       ; 4.05e-08 V                   ; 2.64 V              ; -0.0113 V           ; 0.208 V                              ; 0.179 V                              ; 2.38e-09 s                  ; 2.23e-09 s                  ; No                         ; Yes                        ; 2.62 V                      ; 4.05e-08 V                  ; 2.64 V             ; -0.0113 V          ; 0.208 V                             ; 0.179 V                             ; 2.38e-09 s                 ; 2.23e-09 s                 ; No                        ; Yes                       ;
; AC_OUT[4]     ; 2.5 V        ; 0 s                 ; 0 s                 ; 2.62 V                       ; 4.05e-08 V                   ; 2.72 V              ; -0.0349 V           ; 0.173 V                              ; 0.1 V                                ; 2.72e-10 s                  ; 2.69e-10 s                  ; Yes                        ; Yes                        ; 2.62 V                      ; 4.05e-08 V                  ; 2.72 V             ; -0.0349 V          ; 0.173 V                             ; 0.1 V                               ; 2.72e-10 s                 ; 2.69e-10 s                 ; Yes                       ; Yes                       ;
; AC_OUT[3]     ; 2.5 V        ; 0 s                 ; 0 s                 ; 2.62 V                       ; 4.05e-08 V                   ; 2.72 V              ; -0.0349 V           ; 0.173 V                              ; 0.1 V                                ; 2.72e-10 s                  ; 2.69e-10 s                  ; Yes                        ; Yes                        ; 2.62 V                      ; 4.05e-08 V                  ; 2.72 V             ; -0.0349 V          ; 0.173 V                             ; 0.1 V                               ; 2.72e-10 s                 ; 2.69e-10 s                 ; Yes                       ; Yes                       ;
; AC_OUT[2]     ; 2.5 V        ; 0 s                 ; 0 s                 ; 2.62 V                       ; 4.05e-08 V                   ; 2.72 V              ; -0.0349 V           ; 0.173 V                              ; 0.1 V                                ; 2.72e-10 s                  ; 2.69e-10 s                  ; Yes                        ; Yes                        ; 2.62 V                      ; 4.05e-08 V                  ; 2.72 V             ; -0.0349 V          ; 0.173 V                             ; 0.1 V                               ; 2.72e-10 s                 ; 2.69e-10 s                 ; Yes                       ; Yes                       ;
; AC_OUT[1]     ; 2.5 V        ; 0 s                 ; 0 s                 ; 2.62 V                       ; 4.05e-08 V                   ; 2.72 V              ; -0.0349 V           ; 0.173 V                              ; 0.1 V                                ; 2.72e-10 s                  ; 2.69e-10 s                  ; Yes                        ; Yes                        ; 2.62 V                      ; 4.05e-08 V                  ; 2.72 V             ; -0.0349 V          ; 0.173 V                             ; 0.1 V                               ; 2.72e-10 s                 ; 2.69e-10 s                 ; Yes                       ; Yes                       ;
; AC_OUT[0]     ; 2.5 V        ; 0 s                 ; 0 s                 ; 2.62 V                       ; 4.05e-08 V                   ; 2.72 V              ; -0.0349 V           ; 0.173 V                              ; 0.1 V                                ; 2.72e-10 s                  ; 2.69e-10 s                  ; Yes                        ; Yes                        ; 2.62 V                      ; 4.05e-08 V                  ; 2.72 V             ; -0.0349 V          ; 0.173 V                             ; 0.1 V                               ; 2.72e-10 s                 ; 2.69e-10 s                 ; Yes                       ; Yes                       ;
; AR_IN[7]      ; 2.5 V        ; 0 s                 ; 0 s                 ; 2.62 V                       ; 4.05e-08 V                   ; 2.72 V              ; -0.0349 V           ; 0.173 V                              ; 0.1 V                                ; 2.72e-10 s                  ; 2.69e-10 s                  ; Yes                        ; Yes                        ; 2.62 V                      ; 4.05e-08 V                  ; 2.72 V             ; -0.0349 V          ; 0.173 V                             ; 0.1 V                               ; 2.72e-10 s                 ; 2.69e-10 s                 ; Yes                       ; Yes                       ;
; AR_IN[6]      ; 2.5 V        ; 0 s                 ; 0 s                 ; 2.62 V                       ; 4.05e-08 V                   ; 2.72 V              ; -0.0349 V           ; 0.173 V                              ; 0.1 V                                ; 2.72e-10 s                  ; 2.69e-10 s                  ; Yes                        ; Yes                        ; 2.62 V                      ; 4.05e-08 V                  ; 2.72 V             ; -0.0349 V          ; 0.173 V                             ; 0.1 V                               ; 2.72e-10 s                 ; 2.69e-10 s                 ; Yes                       ; Yes                       ;
; AR_IN[5]      ; 2.5 V        ; 0 s                 ; 0 s                 ; 2.62 V                       ; 4.05e-08 V                   ; 2.72 V              ; -0.0349 V           ; 0.173 V                              ; 0.1 V                                ; 2.72e-10 s                  ; 2.69e-10 s                  ; Yes                        ; Yes                        ; 2.62 V                      ; 4.05e-08 V                  ; 2.72 V             ; -0.0349 V          ; 0.173 V                             ; 0.1 V                               ; 2.72e-10 s                 ; 2.69e-10 s                 ; Yes                       ; Yes                       ;
; AR_IN[4]      ; 2.5 V        ; 0 s                 ; 0 s                 ; 2.62 V                       ; 4.05e-08 V                   ; 2.72 V              ; -0.0349 V           ; 0.173 V                              ; 0.1 V                                ; 2.72e-10 s                  ; 2.69e-10 s                  ; Yes                        ; Yes                        ; 2.62 V                      ; 4.05e-08 V                  ; 2.72 V             ; -0.0349 V          ; 0.173 V                             ; 0.1 V                               ; 2.72e-10 s                 ; 2.69e-10 s                 ; Yes                       ; Yes                       ;
; AR_IN[3]      ; 2.5 V        ; 0 s                 ; 0 s                 ; 2.62 V                       ; 4.05e-08 V                   ; 2.72 V              ; -0.0349 V           ; 0.173 V                              ; 0.1 V                                ; 2.72e-10 s                  ; 2.69e-10 s                  ; Yes                        ; Yes                        ; 2.62 V                      ; 4.05e-08 V                  ; 2.72 V             ; -0.0349 V          ; 0.173 V                             ; 0.1 V                               ; 2.72e-10 s                 ; 2.69e-10 s                 ; Yes                       ; Yes                       ;
; AR_IN[2]      ; 2.5 V        ; 0 s                 ; 0 s                 ; 2.62 V                       ; 4.05e-08 V                   ; 2.72 V              ; -0.0349 V           ; 0.173 V                              ; 0.1 V                                ; 2.72e-10 s                  ; 2.69e-10 s                  ; Yes                        ; Yes                        ; 2.62 V                      ; 4.05e-08 V                  ; 2.72 V             ; -0.0349 V          ; 0.173 V                             ; 0.1 V                               ; 2.72e-10 s                 ; 2.69e-10 s                 ; Yes                       ; Yes                       ;
; AR_IN[1]      ; 2.5 V        ; 0 s                 ; 0 s                 ; 2.62 V                       ; 4.05e-08 V                   ; 2.72 V              ; -0.0349 V           ; 0.173 V                              ; 0.1 V                                ; 2.72e-10 s                  ; 2.69e-10 s                  ; Yes                        ; Yes                        ; 2.62 V                      ; 4.05e-08 V                  ; 2.72 V             ; -0.0349 V          ; 0.173 V                             ; 0.1 V                               ; 2.72e-10 s                 ; 2.69e-10 s                 ; Yes                       ; Yes                       ;
; AR_IN[0]      ; 2.5 V        ; 0 s                 ; 0 s                 ; 2.62 V                       ; 4.05e-08 V                   ; 2.72 V              ; -0.0349 V           ; 0.173 V                              ; 0.1 V                                ; 2.72e-10 s                  ; 2.69e-10 s                  ; Yes                        ; Yes                        ; 2.62 V                      ; 4.05e-08 V                  ; 2.72 V             ; -0.0349 V          ; 0.173 V                             ; 0.1 V                               ; 2.72e-10 s                 ; 2.69e-10 s                 ; Yes                       ; Yes                       ;
; AR_OUT[4]     ; 2.5 V        ; 0 s                 ; 0 s                 ; 2.62 V                       ; 4.05e-08 V                   ; 2.72 V              ; -0.0349 V           ; 0.173 V                              ; 0.1 V                                ; 2.72e-10 s                  ; 2.69e-10 s                  ; Yes                        ; Yes                        ; 2.62 V                      ; 4.05e-08 V                  ; 2.72 V             ; -0.0349 V          ; 0.173 V                             ; 0.1 V                               ; 2.72e-10 s                 ; 2.69e-10 s                 ; Yes                       ; Yes                       ;
; AR_OUT[3]     ; 2.5 V        ; 0 s                 ; 0 s                 ; 2.62 V                       ; 4.05e-08 V                   ; 2.64 V              ; -0.0113 V           ; 0.208 V                              ; 0.179 V                              ; 2.38e-09 s                  ; 2.23e-09 s                  ; No                         ; Yes                        ; 2.62 V                      ; 4.05e-08 V                  ; 2.64 V             ; -0.0113 V          ; 0.208 V                             ; 0.179 V                             ; 2.38e-09 s                 ; 2.23e-09 s                 ; No                        ; Yes                       ;
; AR_OUT[2]     ; 2.5 V        ; 0 s                 ; 0 s                 ; 2.62 V                       ; 4.05e-08 V                   ; 2.72 V              ; -0.0349 V           ; 0.173 V                              ; 0.1 V                                ; 2.72e-10 s                  ; 2.69e-10 s                  ; Yes                        ; Yes                        ; 2.62 V                      ; 4.05e-08 V                  ; 2.72 V             ; -0.0349 V          ; 0.173 V                             ; 0.1 V                               ; 2.72e-10 s                 ; 2.69e-10 s                 ; Yes                       ; Yes                       ;
; AR_OUT[1]     ; 2.5 V        ; 0 s                 ; 0 s                 ; 2.62 V                       ; 4.05e-08 V                   ; 2.72 V              ; -0.0349 V           ; 0.173 V                              ; 0.1 V                                ; 2.72e-10 s                  ; 2.69e-10 s                  ; Yes                        ; Yes                        ; 2.62 V                      ; 4.05e-08 V                  ; 2.72 V             ; -0.0349 V          ; 0.173 V                             ; 0.1 V                               ; 2.72e-10 s                 ; 2.69e-10 s                 ; Yes                       ; Yes                       ;
; AR_OUT[0]     ; 2.5 V        ; 0 s                 ; 0 s                 ; 2.62 V                       ; 4.05e-08 V                   ; 2.72 V              ; -0.0349 V           ; 0.173 V                              ; 0.1 V                                ; 2.72e-10 s                  ; 2.69e-10 s                  ; Yes                        ; Yes                        ; 2.62 V                      ; 4.05e-08 V                  ; 2.72 V             ; -0.0349 V          ; 0.173 V                             ; 0.1 V                               ; 2.72e-10 s                 ; 2.69e-10 s                 ; Yes                       ; Yes                       ;
; DR_OUT[7]     ; 2.5 V        ; 0 s                 ; 0 s                 ; 2.62 V                       ; 4.05e-08 V                   ; 2.72 V              ; -0.0349 V           ; 0.173 V                              ; 0.1 V                                ; 2.72e-10 s                  ; 2.69e-10 s                  ; Yes                        ; Yes                        ; 2.62 V                      ; 4.05e-08 V                  ; 2.72 V             ; -0.0349 V          ; 0.173 V                             ; 0.1 V                               ; 2.72e-10 s                 ; 2.69e-10 s                 ; Yes                       ; Yes                       ;
; DR_OUT[6]     ; 2.5 V        ; 0 s                 ; 0 s                 ; 2.62 V                       ; 4.05e-08 V                   ; 2.72 V              ; -0.0349 V           ; 0.173 V                              ; 0.1 V                                ; 2.72e-10 s                  ; 2.69e-10 s                  ; Yes                        ; Yes                        ; 2.62 V                      ; 4.05e-08 V                  ; 2.72 V             ; -0.0349 V          ; 0.173 V                             ; 0.1 V                               ; 2.72e-10 s                 ; 2.69e-10 s                 ; Yes                       ; Yes                       ;
; DR_OUT[5]     ; 2.5 V        ; 0 s                 ; 0 s                 ; 2.62 V                       ; 4.05e-08 V                   ; 2.72 V              ; -0.0349 V           ; 0.173 V                              ; 0.1 V                                ; 2.72e-10 s                  ; 2.69e-10 s                  ; Yes                        ; Yes                        ; 2.62 V                      ; 4.05e-08 V                  ; 2.72 V             ; -0.0349 V          ; 0.173 V                             ; 0.1 V                               ; 2.72e-10 s                 ; 2.69e-10 s                 ; Yes                       ; Yes                       ;
; DR_OUT[4]     ; 2.5 V        ; 0 s                 ; 0 s                 ; 2.62 V                       ; 4.05e-08 V                   ; 2.72 V              ; -0.0349 V           ; 0.173 V                              ; 0.1 V                                ; 2.72e-10 s                  ; 2.69e-10 s                  ; Yes                        ; Yes                        ; 2.62 V                      ; 4.05e-08 V                  ; 2.72 V             ; -0.0349 V          ; 0.173 V                             ; 0.1 V                               ; 2.72e-10 s                 ; 2.69e-10 s                 ; Yes                       ; Yes                       ;
; DR_OUT[3]     ; 2.5 V        ; 0 s                 ; 0 s                 ; 2.62 V                       ; 4.05e-08 V                   ; 2.72 V              ; -0.0349 V           ; 0.173 V                              ; 0.1 V                                ; 2.72e-10 s                  ; 2.69e-10 s                  ; Yes                        ; Yes                        ; 2.62 V                      ; 4.05e-08 V                  ; 2.72 V             ; -0.0349 V          ; 0.173 V                             ; 0.1 V                               ; 2.72e-10 s                 ; 2.69e-10 s                 ; Yes                       ; Yes                       ;
; DR_OUT[2]     ; 2.5 V        ; 0 s                 ; 0 s                 ; 2.62 V                       ; 4.05e-08 V                   ; 2.72 V              ; -0.0349 V           ; 0.173 V                              ; 0.1 V                                ; 2.72e-10 s                  ; 2.69e-10 s                  ; Yes                        ; Yes                        ; 2.62 V                      ; 4.05e-08 V                  ; 2.72 V             ; -0.0349 V          ; 0.173 V                             ; 0.1 V                               ; 2.72e-10 s                 ; 2.69e-10 s                 ; Yes                       ; Yes                       ;
; DR_OUT[1]     ; 2.5 V        ; 0 s                 ; 0 s                 ; 2.62 V                       ; 4.05e-08 V                   ; 2.72 V              ; -0.0349 V           ; 0.173 V                              ; 0.1 V                                ; 2.72e-10 s                  ; 2.69e-10 s                  ; Yes                        ; Yes                        ; 2.62 V                      ; 4.05e-08 V                  ; 2.72 V             ; -0.0349 V          ; 0.173 V                             ; 0.1 V                               ; 2.72e-10 s                 ; 2.69e-10 s                 ; Yes                       ; Yes                       ;
; DR_OUT[0]     ; 2.5 V        ; 0 s                 ; 0 s                 ; 2.62 V                       ; 4.05e-08 V                   ; 2.72 V              ; -0.0349 V           ; 0.173 V                              ; 0.1 V                                ; 2.72e-10 s                  ; 2.69e-10 s                  ; Yes                        ; Yes                        ; 2.62 V                      ; 4.05e-08 V                  ; 2.72 V             ; -0.0349 V          ; 0.173 V                             ; 0.1 V                               ; 2.72e-10 s                 ; 2.69e-10 s                 ; Yes                       ; Yes                       ;
; IR_OUT[2]     ; 2.5 V        ; 0 s                 ; 0 s                 ; 2.62 V                       ; 4.05e-08 V                   ; 2.72 V              ; -0.0349 V           ; 0.173 V                              ; 0.1 V                                ; 2.72e-10 s                  ; 2.69e-10 s                  ; Yes                        ; Yes                        ; 2.62 V                      ; 4.05e-08 V                  ; 2.72 V             ; -0.0349 V          ; 0.173 V                             ; 0.1 V                               ; 2.72e-10 s                 ; 2.69e-10 s                 ; Yes                       ; Yes                       ;
; IR_OUT[1]     ; 2.5 V        ; 0 s                 ; 0 s                 ; 2.62 V                       ; 4.05e-08 V                   ; 2.72 V              ; -0.0349 V           ; 0.173 V                              ; 0.1 V                                ; 2.72e-10 s                  ; 2.69e-10 s                  ; Yes                        ; Yes                        ; 2.62 V                      ; 4.05e-08 V                  ; 2.72 V             ; -0.0349 V          ; 0.173 V                             ; 0.1 V                               ; 2.72e-10 s                 ; 2.69e-10 s                 ; Yes                       ; Yes                       ;
; IR_OUT[0]     ; 2.5 V        ; 0 s                 ; 0 s                 ; 2.62 V                       ; 4.05e-08 V                   ; 2.72 V              ; -0.0349 V           ; 0.173 V                              ; 0.1 V                                ; 2.72e-10 s                  ; 2.69e-10 s                  ; Yes                        ; Yes                        ; 2.62 V                      ; 4.05e-08 V                  ; 2.72 V             ; -0.0349 V          ; 0.173 V                             ; 0.1 V                               ; 2.72e-10 s                 ; 2.69e-10 s                 ; Yes                       ; Yes                       ;
; MainBus[7]    ; 2.5 V        ; 0 s                 ; 0 s                 ; 2.62 V                       ; 4.05e-08 V                   ; 2.72 V              ; -0.0349 V           ; 0.173 V                              ; 0.1 V                                ; 2.72e-10 s                  ; 2.69e-10 s                  ; Yes                        ; Yes                        ; 2.62 V                      ; 4.05e-08 V                  ; 2.72 V             ; -0.0349 V          ; 0.173 V                             ; 0.1 V                               ; 2.72e-10 s                 ; 2.69e-10 s                 ; Yes                       ; Yes                       ;
; MainBus[6]    ; 2.5 V        ; 0 s                 ; 0 s                 ; 2.62 V                       ; 4.05e-08 V                   ; 2.72 V              ; -0.0349 V           ; 0.173 V                              ; 0.1 V                                ; 2.72e-10 s                  ; 2.69e-10 s                  ; Yes                        ; Yes                        ; 2.62 V                      ; 4.05e-08 V                  ; 2.72 V             ; -0.0349 V          ; 0.173 V                             ; 0.1 V                               ; 2.72e-10 s                 ; 2.69e-10 s                 ; Yes                       ; Yes                       ;
; MainBus[5]    ; 2.5 V        ; 0 s                 ; 0 s                 ; 2.62 V                       ; 4.05e-08 V                   ; 2.72 V              ; -0.0349 V           ; 0.173 V                              ; 0.1 V                                ; 2.72e-10 s                  ; 2.69e-10 s                  ; Yes                        ; Yes                        ; 2.62 V                      ; 4.05e-08 V                  ; 2.72 V             ; -0.0349 V          ; 0.173 V                             ; 0.1 V                               ; 2.72e-10 s                 ; 2.69e-10 s                 ; Yes                       ; Yes                       ;
; MainBus[4]    ; 2.5 V        ; 0 s                 ; 0 s                 ; 2.62 V                       ; 4.05e-08 V                   ; 2.72 V              ; -0.0349 V           ; 0.173 V                              ; 0.1 V                                ; 2.72e-10 s                  ; 2.69e-10 s                  ; Yes                        ; Yes                        ; 2.62 V                      ; 4.05e-08 V                  ; 2.72 V             ; -0.0349 V          ; 0.173 V                             ; 0.1 V                               ; 2.72e-10 s                 ; 2.69e-10 s                 ; Yes                       ; Yes                       ;
; MainBus[3]    ; 2.5 V        ; 0 s                 ; 0 s                 ; 2.62 V                       ; 4.05e-08 V                   ; 2.72 V              ; -0.0349 V           ; 0.173 V                              ; 0.1 V                                ; 2.72e-10 s                  ; 2.69e-10 s                  ; Yes                        ; Yes                        ; 2.62 V                      ; 4.05e-08 V                  ; 2.72 V             ; -0.0349 V          ; 0.173 V                             ; 0.1 V                               ; 2.72e-10 s                 ; 2.69e-10 s                 ; Yes                       ; Yes                       ;
; MainBus[2]    ; 2.5 V        ; 0 s                 ; 0 s                 ; 2.62 V                       ; 4.05e-08 V                   ; 2.64 V              ; -0.0113 V           ; 0.208 V                              ; 0.179 V                              ; 2.38e-09 s                  ; 2.23e-09 s                  ; No                         ; Yes                        ; 2.62 V                      ; 4.05e-08 V                  ; 2.64 V             ; -0.0113 V          ; 0.208 V                             ; 0.179 V                             ; 2.38e-09 s                 ; 2.23e-09 s                 ; No                        ; Yes                       ;
; MainBus[1]    ; 2.5 V        ; 0 s                 ; 0 s                 ; 2.62 V                       ; 4.05e-08 V                   ; 2.72 V              ; -0.0349 V           ; 0.173 V                              ; 0.1 V                                ; 2.72e-10 s                  ; 2.69e-10 s                  ; Yes                        ; Yes                        ; 2.62 V                      ; 4.05e-08 V                  ; 2.72 V             ; -0.0349 V          ; 0.173 V                             ; 0.1 V                               ; 2.72e-10 s                 ; 2.69e-10 s                 ; Yes                       ; Yes                       ;
; MainBus[0]    ; 2.5 V        ; 0 s                 ; 0 s                 ; 2.62 V                       ; 4.05e-08 V                   ; 2.72 V              ; -0.0349 V           ; 0.173 V                              ; 0.1 V                                ; 2.72e-10 s                  ; 2.69e-10 s                  ; Yes                        ; Yes                        ; 2.62 V                      ; 4.05e-08 V                  ; 2.72 V             ; -0.0349 V          ; 0.173 V                             ; 0.1 V                               ; 2.72e-10 s                 ; 2.69e-10 s                 ; Yes                       ; Yes                       ;
; MEM_OUT[7]    ; 2.5 V        ; 0 s                 ; 0 s                 ; 2.62 V                       ; 4.05e-08 V                   ; 2.72 V              ; -0.0349 V           ; 0.173 V                              ; 0.1 V                                ; 2.72e-10 s                  ; 2.69e-10 s                  ; Yes                        ; Yes                        ; 2.62 V                      ; 4.05e-08 V                  ; 2.72 V             ; -0.0349 V          ; 0.173 V                             ; 0.1 V                               ; 2.72e-10 s                 ; 2.69e-10 s                 ; Yes                       ; Yes                       ;
; MEM_OUT[6]    ; 2.5 V        ; 0 s                 ; 0 s                 ; 2.62 V                       ; 4.05e-08 V                   ; 2.72 V              ; -0.0349 V           ; 0.173 V                              ; 0.1 V                                ; 2.72e-10 s                  ; 2.69e-10 s                  ; Yes                        ; Yes                        ; 2.62 V                      ; 4.05e-08 V                  ; 2.72 V             ; -0.0349 V          ; 0.173 V                             ; 0.1 V                               ; 2.72e-10 s                 ; 2.69e-10 s                 ; Yes                       ; Yes                       ;
; MEM_OUT[5]    ; 2.5 V        ; 0 s                 ; 0 s                 ; 2.62 V                       ; 4.05e-08 V                   ; 2.72 V              ; -0.0349 V           ; 0.173 V                              ; 0.1 V                                ; 2.72e-10 s                  ; 2.69e-10 s                  ; Yes                        ; Yes                        ; 2.62 V                      ; 4.05e-08 V                  ; 2.72 V             ; -0.0349 V          ; 0.173 V                             ; 0.1 V                               ; 2.72e-10 s                 ; 2.69e-10 s                 ; Yes                       ; Yes                       ;
; MEM_OUT[4]    ; 2.5 V        ; 0 s                 ; 0 s                 ; 2.62 V                       ; 4.05e-08 V                   ; 2.72 V              ; -0.0349 V           ; 0.173 V                              ; 0.1 V                                ; 2.72e-10 s                  ; 2.69e-10 s                  ; Yes                        ; Yes                        ; 2.62 V                      ; 4.05e-08 V                  ; 2.72 V             ; -0.0349 V          ; 0.173 V                             ; 0.1 V                               ; 2.72e-10 s                 ; 2.69e-10 s                 ; Yes                       ; Yes                       ;
; MEM_OUT[3]    ; 2.5 V        ; 0 s                 ; 0 s                 ; 2.62 V                       ; 4.05e-08 V                   ; 2.72 V              ; -0.0349 V           ; 0.173 V                              ; 0.1 V                                ; 2.72e-10 s                  ; 2.69e-10 s                  ; Yes                        ; Yes                        ; 2.62 V                      ; 4.05e-08 V                  ; 2.72 V             ; -0.0349 V          ; 0.173 V                             ; 0.1 V                               ; 2.72e-10 s                 ; 2.69e-10 s                 ; Yes                       ; Yes                       ;
; MEM_OUT[2]    ; 2.5 V        ; 0 s                 ; 0 s                 ; 2.62 V                       ; 4.05e-08 V                   ; 2.72 V              ; -0.0349 V           ; 0.173 V                              ; 0.1 V                                ; 2.72e-10 s                  ; 2.69e-10 s                  ; Yes                        ; Yes                        ; 2.62 V                      ; 4.05e-08 V                  ; 2.72 V             ; -0.0349 V          ; 0.173 V                             ; 0.1 V                               ; 2.72e-10 s                 ; 2.69e-10 s                 ; Yes                       ; Yes                       ;
; MEM_OUT[1]    ; 2.5 V        ; 0 s                 ; 0 s                 ; 2.62 V                       ; 4.05e-08 V                   ; 2.72 V              ; -0.0349 V           ; 0.173 V                              ; 0.1 V                                ; 2.72e-10 s                  ; 2.69e-10 s                  ; Yes                        ; Yes                        ; 2.62 V                      ; 4.05e-08 V                  ; 2.72 V             ; -0.0349 V          ; 0.173 V                             ; 0.1 V                               ; 2.72e-10 s                 ; 2.69e-10 s                 ; Yes                       ; Yes                       ;
; MEM_OUT[0]    ; 2.5 V        ; 0 s                 ; 0 s                 ; 2.62 V                       ; 4.05e-08 V                   ; 2.64 V              ; -0.0113 V           ; 0.208 V                              ; 0.179 V                              ; 2.38e-09 s                  ; 2.23e-09 s                  ; No                         ; Yes                        ; 2.62 V                      ; 4.05e-08 V                  ; 2.64 V             ; -0.0113 V          ; 0.208 V                             ; 0.179 V                             ; 2.38e-09 s                 ; 2.23e-09 s                 ; No                        ; Yes                       ;
; MuxOut[4]     ; 2.5 V        ; 0 s                 ; 0 s                 ; 2.62 V                       ; 4.05e-08 V                   ; 2.72 V              ; -0.0349 V           ; 0.173 V                              ; 0.1 V                                ; 2.72e-10 s                  ; 2.69e-10 s                  ; Yes                        ; Yes                        ; 2.62 V                      ; 4.05e-08 V                  ; 2.72 V             ; -0.0349 V          ; 0.173 V                             ; 0.1 V                               ; 2.72e-10 s                 ; 2.69e-10 s                 ; Yes                       ; Yes                       ;
; MuxOut[3]     ; 2.5 V        ; 0 s                 ; 0 s                 ; 2.62 V                       ; 4.05e-08 V                   ; 2.72 V              ; -0.0349 V           ; 0.173 V                              ; 0.1 V                                ; 2.72e-10 s                  ; 2.69e-10 s                  ; Yes                        ; Yes                        ; 2.62 V                      ; 4.05e-08 V                  ; 2.72 V             ; -0.0349 V          ; 0.173 V                             ; 0.1 V                               ; 2.72e-10 s                 ; 2.69e-10 s                 ; Yes                       ; Yes                       ;
; MuxOut[2]     ; 2.5 V        ; 0 s                 ; 0 s                 ; 2.62 V                       ; 4.05e-08 V                   ; 2.72 V              ; -0.0349 V           ; 0.173 V                              ; 0.1 V                                ; 2.72e-10 s                  ; 2.69e-10 s                  ; Yes                        ; Yes                        ; 2.62 V                      ; 4.05e-08 V                  ; 2.72 V             ; -0.0349 V          ; 0.173 V                             ; 0.1 V                               ; 2.72e-10 s                 ; 2.69e-10 s                 ; Yes                       ; Yes                       ;
; MuxOut[1]     ; 2.5 V        ; 0 s                 ; 0 s                 ; 2.62 V                       ; 4.05e-08 V                   ; 2.72 V              ; -0.0349 V           ; 0.173 V                              ; 0.1 V                                ; 2.72e-10 s                  ; 2.69e-10 s                  ; Yes                        ; Yes                        ; 2.62 V                      ; 4.05e-08 V                  ; 2.72 V             ; -0.0349 V          ; 0.173 V                             ; 0.1 V                               ; 2.72e-10 s                 ; 2.69e-10 s                 ; Yes                       ; Yes                       ;
; MuxOut[0]     ; 2.5 V        ; 0 s                 ; 0 s                 ; 2.62 V                       ; 4.05e-08 V                   ; 2.72 V              ; -0.0349 V           ; 0.173 V                              ; 0.1 V                                ; 2.72e-10 s                  ; 2.69e-10 s                  ; Yes                        ; Yes                        ; 2.62 V                      ; 4.05e-08 V                  ; 2.72 V             ; -0.0349 V          ; 0.173 V                             ; 0.1 V                               ; 2.72e-10 s                 ; 2.69e-10 s                 ; Yes                       ; Yes                       ;
; PC_OUT[7]     ; 2.5 V        ; 0 s                 ; 0 s                 ; 2.62 V                       ; 4.05e-08 V                   ; 2.72 V              ; -0.0349 V           ; 0.173 V                              ; 0.1 V                                ; 2.72e-10 s                  ; 2.69e-10 s                  ; Yes                        ; Yes                        ; 2.62 V                      ; 4.05e-08 V                  ; 2.72 V             ; -0.0349 V          ; 0.173 V                             ; 0.1 V                               ; 2.72e-10 s                 ; 2.69e-10 s                 ; Yes                       ; Yes                       ;
; PC_OUT[6]     ; 2.5 V        ; 0 s                 ; 0 s                 ; 2.62 V                       ; 4.05e-08 V                   ; 2.72 V              ; -0.0349 V           ; 0.173 V                              ; 0.1 V                                ; 2.72e-10 s                  ; 2.69e-10 s                  ; Yes                        ; Yes                        ; 2.62 V                      ; 4.05e-08 V                  ; 2.72 V             ; -0.0349 V          ; 0.173 V                             ; 0.1 V                               ; 2.72e-10 s                 ; 2.69e-10 s                 ; Yes                       ; Yes                       ;
; PC_OUT[5]     ; 2.5 V        ; 0 s                 ; 0 s                 ; 2.62 V                       ; 4.05e-08 V                   ; 2.72 V              ; -0.0349 V           ; 0.173 V                              ; 0.1 V                                ; 2.72e-10 s                  ; 2.69e-10 s                  ; Yes                        ; Yes                        ; 2.62 V                      ; 4.05e-08 V                  ; 2.72 V             ; -0.0349 V          ; 0.173 V                             ; 0.1 V                               ; 2.72e-10 s                 ; 2.69e-10 s                 ; Yes                       ; Yes                       ;
; PC_OUT[4]     ; 2.5 V        ; 0 s                 ; 0 s                 ; 2.62 V                       ; 4.05e-08 V                   ; 2.72 V              ; -0.0349 V           ; 0.173 V                              ; 0.1 V                                ; 2.72e-10 s                  ; 2.69e-10 s                  ; Yes                        ; Yes                        ; 2.62 V                      ; 4.05e-08 V                  ; 2.72 V             ; -0.0349 V          ; 0.173 V                             ; 0.1 V                               ; 2.72e-10 s                 ; 2.69e-10 s                 ; Yes                       ; Yes                       ;
; PC_OUT[3]     ; 2.5 V        ; 0 s                 ; 0 s                 ; 2.62 V                       ; 4.05e-08 V                   ; 2.72 V              ; -0.0349 V           ; 0.173 V                              ; 0.1 V                                ; 2.72e-10 s                  ; 2.69e-10 s                  ; Yes                        ; Yes                        ; 2.62 V                      ; 4.05e-08 V                  ; 2.72 V             ; -0.0349 V          ; 0.173 V                             ; 0.1 V                               ; 2.72e-10 s                 ; 2.69e-10 s                 ; Yes                       ; Yes                       ;
; PC_OUT[2]     ; 2.5 V        ; 0 s                 ; 0 s                 ; 2.62 V                       ; 4.05e-08 V                   ; 2.72 V              ; -0.0349 V           ; 0.173 V                              ; 0.1 V                                ; 2.72e-10 s                  ; 2.69e-10 s                  ; Yes                        ; Yes                        ; 2.62 V                      ; 4.05e-08 V                  ; 2.72 V             ; -0.0349 V          ; 0.173 V                             ; 0.1 V                               ; 2.72e-10 s                 ; 2.69e-10 s                 ; Yes                       ; Yes                       ;
; PC_OUT[1]     ; 2.5 V        ; 0 s                 ; 0 s                 ; 2.62 V                       ; 4.05e-08 V                   ; 2.72 V              ; -0.0349 V           ; 0.173 V                              ; 0.1 V                                ; 2.72e-10 s                  ; 2.69e-10 s                  ; Yes                        ; Yes                        ; 2.62 V                      ; 4.05e-08 V                  ; 2.72 V             ; -0.0349 V          ; 0.173 V                             ; 0.1 V                               ; 2.72e-10 s                 ; 2.69e-10 s                 ; Yes                       ; Yes                       ;
; PC_OUT[0]     ; 2.5 V        ; 0 s                 ; 0 s                 ; 2.62 V                       ; 4.05e-08 V                   ; 2.72 V              ; -0.0349 V           ; 0.173 V                              ; 0.1 V                                ; 2.72e-10 s                  ; 2.69e-10 s                  ; Yes                        ; Yes                        ; 2.62 V                      ; 4.05e-08 V                  ; 2.72 V             ; -0.0349 V          ; 0.173 V                             ; 0.1 V                               ; 2.72e-10 s                 ; 2.69e-10 s                 ; Yes                       ; Yes                       ;
; ~ALTERA_DCLK~ ; 2.5 V        ; 0 s                 ; 0 s                 ; 2.62 V                       ; 2.22e-08 V                   ; 2.74 V              ; -0.06 V             ; 0.158 V                              ; 0.08 V                               ; 2.68e-10 s                  ; 2.19e-10 s                  ; Yes                        ; Yes                        ; 2.62 V                      ; 2.22e-08 V                  ; 2.74 V             ; -0.06 V            ; 0.158 V                             ; 0.08 V                              ; 2.68e-10 s                 ; 2.19e-10 s                 ; Yes                       ; Yes                       ;
; ~ALTERA_nCEO~ ; 2.5 V        ; 0 s                 ; 0 s                 ; 2.62 V                       ; 3.54e-08 V                   ; 2.7 V               ; -0.00943 V          ; 0.276 V                              ; 0.035 V                              ; 3.19e-10 s                  ; 4.99e-10 s                  ; No                         ; Yes                        ; 2.62 V                      ; 3.54e-08 V                  ; 2.7 V              ; -0.00943 V         ; 0.276 V                             ; 0.035 V                             ; 3.19e-10 s                 ; 4.99e-10 s                 ; No                        ; Yes                       ;
+---------------+--------------+---------------------+---------------------+------------------------------+------------------------------+---------------------+---------------------+--------------------------------------+--------------------------------------+-----------------------------+-----------------------------+----------------------------+----------------------------+-----------------------------+-----------------------------+--------------------+--------------------+-------------------------------------+-------------------------------------+----------------------------+----------------------------+---------------------------+---------------------------+


+-------------------------------------------------------------------+
; Setup Transfers                                                   ;
+------------+----------+----------+----------+----------+----------+
; From Clock ; To Clock ; RR Paths ; FR Paths ; RF Paths ; FF Paths ;
+------------+----------+----------+----------+----------+----------+
; Clock      ; Clock    ; 698      ; 150      ; 2029     ; 362      ;
+------------+----------+----------+----------+----------+----------+
Entries labeled "false path" only account for clock-to-clock false paths and not path-based false paths. As a result, actual path counts may be lower than reported.


+-------------------------------------------------------------------+
; Hold Transfers                                                    ;
+------------+----------+----------+----------+----------+----------+
; From Clock ; To Clock ; RR Paths ; FR Paths ; RF Paths ; FF Paths ;
+------------+----------+----------+----------+----------+----------+
; Clock      ; Clock    ; 698      ; 150      ; 2029     ; 362      ;
+------------+----------+----------+----------+----------+----------+
Entries labeled "false path" only account for clock-to-clock false paths and not path-based false paths. As a result, actual path counts may be lower than reported.


---------------
; Report TCCS ;
---------------
No dedicated SERDES Transmitter circuitry present in device or used in design


---------------
; Report RSKM ;
---------------
No dedicated SERDES Receiver circuitry present in device or used in design


+------------------------------------------------+
; Unconstrained Paths                            ;
+---------------------------------+-------+------+
; Property                        ; Setup ; Hold ;
+---------------------------------+-------+------+
; Illegal Clocks                  ; 0     ; 0    ;
; Unconstrained Clocks            ; 0     ; 0    ;
; Unconstrained Input Ports       ; 2     ; 2    ;
; Unconstrained Input Port Paths  ; 19    ; 19   ;
; Unconstrained Output Ports      ; 80    ; 80   ;
; Unconstrained Output Port Paths ; 407   ; 407  ;
+---------------------------------+-------+------+


+------------------------------------+
; TimeQuest Timing Analyzer Messages ;
+------------------------------------+
Info: *******************************************************************
Info: Running Quartus II 64-Bit TimeQuest Timing Analyzer
    Info: Version 13.0.1 Build 232 06/12/2013 Service Pack 1 SJ Web Edition
    Info: Processing started: Tue May 19 19:08:55 2026
Info: Command: quartus_sta CE4720_SimpleCPU -c CE4720_SimpleCPU
Info: qsta_default_script.tcl version: #1
Warning (20028): Parallel compilation is not licensed and has been disabled
Info (21077): Core supply voltage is 1.2V
Info (21077): Low junction temperature is 0 degrees C
Info (21077): High junction temperature is 85 degrees C
Critical Warning (332012): Synopsys Design Constraints File file not found: 'CE4720_SimpleCPU.sdc'. A Synopsys Design Constraints File is required by the TimeQuest Timing Analyzer to get proper timing constraints. Without it, the Compiler will not properly optimize the design.
Info (332142): No user constrained base clocks found in the design. Calling "derive_clocks -period 1.0"
Info (332105): Deriving Clocks
    Info (332105): create_clock -period 1.000 -name Clock Clock
Info (332143): No user constrained clock uncertainty found in the design. Calling "derive_clock_uncertainty"
Info (332123): Deriving Clock Uncertainty. Please refer to report_sdc in TimeQuest to see clock uncertainties.
Info: Found TIMEQUEST_REPORT_SCRIPT_INCLUDE_DEFAULT_ANALYSIS = ON
Info: Analyzing Slow 1200mV 85C Model
Critical Warning (332148): Timing requirements not met
    Info (11105): For recommendations on closing timing, run Report Timing Closure Recommendations in the TimeQuest Timing Analyzer.
Info (332146): Worst-case setup slack is -8.784
    Info (332119):     Slack End Point TNS Clock 
    Info (332119): ========= ============= =====================
    Info (332119):    -8.784      -235.042 Clock 
Info (332146): Worst-case hold slack is 0.403
    Info (332119):     Slack End Point TNS Clock 
    Info (332119): ========= ============= =====================
    Info (332119):     0.403         0.000 Clock 
Info (332140): No Recovery paths to report
Info (332140): No Removal paths to report
Info (332146): Worst-case minimum pulse width slack is -3.000
    Info (332119):     Slack End Point TNS Clock 
    Info (332119): ========= ============= =====================
    Info (332119):    -3.000       -69.027 Clock 
Info: Analyzing Slow 1200mV 0C Model
Info (334003): Started post-fitting delay annotation
Info (334004): Delay annotation completed successfully
Info (332123): Deriving Clock Uncertainty. Please refer to report_sdc in TimeQuest to see clock uncertainties.
Critical Warning (332148): Timing requirements not met
    Info (11105): For recommendations on closing timing, run Report Timing Closure Recommendations in the TimeQuest Timing Analyzer.
Info (332146): Worst-case setup slack is -7.895
    Info (332119):     Slack End Point TNS Clock 
    Info (332119): ========= ============= =====================
    Info (332119):    -7.895      -209.309 Clock 
Info (332146): Worst-case hold slack is 0.354
    Info (332119):     Slack End Point TNS Clock 
    Info (332119): ========= ============= =====================
    Info (332119):     0.354         0.000 Clock 
Info (332140): No Recovery paths to report
Info (332140): No Removal paths to report
Info (332146): Worst-case minimum pulse width slack is -3.000
    Info (332119):     Slack End Point TNS Clock 
    Info (332119): ========= ============= =====================
    Info (332119):    -3.000       -68.851 Clock 
Info: Analyzing Fast 1200mV 0C Model
Info (332123): Deriving Clock Uncertainty. Please refer to report_sdc in TimeQuest to see clock uncertainties.
Critical Warning (332148): Timing requirements not met
    Info (11105): For recommendations on closing timing, run Report Timing Closure Recommendations in the TimeQuest Timing Analyzer.
Info (332146): Worst-case setup slack is -4.041
    Info (332119):     Slack End Point TNS Clock 
    Info (332119): ========= ============= =====================
    Info (332119):    -4.041      -100.168 Clock 
Info (332146): Worst-case hold slack is 0.180
    Info (332119):     Slack End Point TNS Clock 
    Info (332119): ========= ============= =====================
    Info (332119):     0.180         0.000 Clock 
Info (332140): No Recovery paths to report
Info (332140): No Removal paths to report
Info (332146): Worst-case minimum pulse width slack is -3.000
    Info (332119):     Slack End Point TNS Clock 
    Info (332119): ========= ============= =====================
    Info (332119):    -3.000       -50.812 Clock 
Info (332102): Design is not fully constrained for setup requirements
Info (332102): Design is not fully constrained for hold requirements
Info: Quartus II 64-Bit TimeQuest Timing Analyzer was successful. 0 errors, 5 warnings
    Info: Peak virtual memory: 4662 megabytes
    Info: Processing ended: Tue May 19 19:08:58 2026
    Info: Elapsed time: 00:00:03
    Info: Total CPU time (on all processors): 00:00:03


